invoice_id,po_id,invoice_date,invoice_amount,tax_amount,due_date,paid_date,payment_status
INV000001,PO000002,2026-09-07,18751723.93,937586.2,2026-09-22,2026-10-07,Paid
INV000002,PO000003,2026-09-07,15933306.4,796665.32,2026-10-22,2026-10-28,Paid
INV000003,PO000004,2026-09-20,9608146.39,1729466.35,2026-11-19,,Overdue
INV000004,PO000006,2026-09-08,11996250.07,1439550.01,2026-10-08,2026-09-30,Paid
INV000005,PO000008,2026-09-17,17624957.39,2114994.89,2026-11-01,,Overdue
INV000006,PO000009,2026-09-17,6279957.39,313997.87,2026-11-01,,Overdue
INV000007,PO000011,2026-09-08,16753501.24,3015630.22,2026-11-07,,Pending
INV000008,PO000012,2026-09-10,21435286.37,3858351.55,2026-09-25,,Overdue
INV000009,PO000013,2026-09-07,8999469.7,449973.48,2026-10-22,2026-10-28,Paid
INV000010,PO000015,2026-09-22,585324.0,29266.2,2026-11-06,2026-11-17,Paid
INV000011,PO000016,2026-09-12,15001583.91,1800190.07,2026-10-27,,Overdue
INV000012,PO000017,2026-09-19,274076.39,32889.17,2026-11-03,2026-11-12,Paid
INV000013,PO000018,2026-09-16,10009439.79,1801699.16,2026-10-16,2026-11-05,Paid
INV000014,PO000019,2026-09-18,20056346.99,1002817.35,2026-11-17,2026-11-25,Paid
INV000015,PO000021,2026-09-21,27347069.79,1367353.49,2026-11-05,2026-10-31,Paid
INV000016,PO000022,2026-09-13,8808557.71,1057026.93,2026-10-13,2026-10-13,Paid
INV000017,PO000023,2026-09-14,5322682.69,638721.92,2026-11-13,2026-11-24,Paid
INV000018,PO000025,2026-09-21,5966622.69,1073992.08,2026-11-20,,Pending
INV000019,PO000026,2026-09-21,6338569.28,316928.46,2026-11-05,2026-11-07,Paid
INV000020,PO000027,2026-09-17,13055953.23,2350071.58,2026-11-16,2026-11-07,Paid
INV000021,PO000028,2026-09-13,17662266.03,3179207.89,2026-09-28,2026-09-27,Paid
INV000022,PO000029,2026-09-25,7932335.61,951880.27,2026-10-10,2026-09-30,Paid
INV000023,PO000030,2026-09-22,4109475.84,493137.1,2026-10-07,2026-10-24,Paid
INV000024,PO000031,2026-09-23,1315468.42,65773.42,2026-11-22,2026-12-12,Paid
INV000025,PO000032,2026-09-25,733811.19,132086.01,2026-10-10,,Pending
INV000026,PO000033,2026-09-15,4619663.23,554359.59,2026-11-14,,Pending
INV000027,PO000034,2026-09-26,5760430.0,691251.6,2026-11-10,,Pending
INV000028,PO000035,2026-09-11,13445210.76,2420137.94,2026-09-26,,Pending
INV000029,PO000036,2026-09-10,8329725.35,416486.27,2026-10-25,2026-10-26,Paid
INV000030,PO000037,2026-09-19,15600283.81,1872034.06,2026-10-19,2026-10-15,Paid
INV000031,PO000038,2026-09-11,19855612.86,2382673.54,2026-10-11,,Pending
INV000032,PO000039,2026-09-25,26110718.84,3133286.26,2026-10-25,2026-10-25,Paid
INV000033,PO000040,2026-09-24,36343870.14,4361264.42,2026-11-23,,Pending
INV000034,PO000042,2026-09-13,37770501.13,4532460.14,2026-09-28,,Pending
INV000035,PO000043,2026-09-24,28359117.76,1417955.89,2026-10-09,,Pending
INV000036,PO000045,2026-09-12,386726.24,69610.72,2026-10-12,,Overdue
INV000037,PO000046,2026-09-16,17787656.99,2134518.84,2026-11-15,2026-12-05,Paid
INV000038,PO000048,2026-09-20,9579916.78,1724385.02,2026-10-05,2026-10-16,Paid
INV000039,PO000049,2026-09-19,25968191.7,1298409.58,2026-11-03,,Overdue
INV000040,PO000050,2026-09-26,4861833.68,243091.68,2026-11-25,2026-11-18,Paid
INV000041,PO000051,2026-09-25,16375276.13,1965033.14,2026-10-25,,Pending
INV000042,PO000052,2026-09-17,3458016.63,414962.0,2026-11-01,2026-10-29,Paid
INV000043,PO000053,2026-09-25,5689634.2,284481.71,2026-11-09,2026-11-19,Paid
INV000044,PO000054,2026-09-26,3241842.03,389021.04,2026-11-25,,Pending
INV000045,PO000055,2026-09-13,15356424.62,767821.23,2026-09-28,,Pending
INV000046,PO000056,2026-09-13,10583001.61,1269960.19,2026-10-13,2026-10-28,Paid
INV000047,PO000057,2026-09-08,2087370.03,250484.4,2026-09-23,,Pending
INV000048,PO000058,2026-09-15,14838467.32,741923.37,2026-11-14,,Overdue
INV000049,PO000060,2026-09-21,6203921.1,1116705.8,2026-10-06,2026-10-22,Paid
INV000050,PO000061,2026-09-23,2753376.86,137668.84,2026-10-08,2026-10-21,Paid
INV000051,PO000062,2026-09-18,8520608.02,426030.4,2026-11-17,2026-11-26,Paid
INV000052,PO000065,2026-09-20,10213026.52,1225563.18,2026-10-20,,Pending
INV000053,PO000067,2026-09-12,12801886.0,2304339.48,2026-10-27,,Overdue
INV000054,PO000068,2026-09-24,1822855.68,218742.68,2026-11-23,,Pending
INV000055,PO000069,2026-09-22,17789181.87,3202052.74,2026-10-07,2026-10-08,Paid
INV000056,PO000070,2026-09-16,29479673.38,5306341.21,2026-10-01,,Pending
INV000057,PO000071,2026-09-09,15798326.21,789916.31,2026-11-08,,Overdue
INV000058,PO000072,2026-09-26,14143861.2,707193.06,2026-11-10,2026-11-22,Paid
INV000059,PO000073,2026-09-24,28420346.63,1421017.33,2026-11-23,2026-11-14,Paid
INV000060,PO000074,2026-09-11,503190.45,90574.28,2026-10-11,2026-10-25,Paid
INV000061,PO000075,2026-09-10,14660190.41,733009.52,2026-10-10,,Pending
INV000062,PO000076,2026-09-23,21747525.86,3914554.65,2026-10-23,,Pending
INV000063,PO000079,2026-09-15,1531625.55,183795.07,2026-09-30,2026-09-22,Paid
INV000064,PO000082,2026-09-14,19978492.94,2397419.15,2026-10-29,2026-10-30,Paid
INV000065,PO000083,2026-09-22,11254001.57,1350480.19,2026-10-07,2026-10-20,Paid
INV000066,PO000084,2026-09-26,7655579.82,382778.99,2026-11-10,2026-11-22,Paid
INV000067,PO000086,2026-09-18,18275112.68,913755.63,2026-11-02,,Pending
INV000068,PO000087,2026-09-09,3604634.15,432556.1,2026-11-08,2026-11-08,Paid
INV000069,PO000088,2026-09-24,13646138.47,2456304.92,2026-10-24,2026-10-21,Paid
INV000070,PO000089,2026-09-18,20642027.71,2477043.33,2026-10-18,,Overdue
INV000071,PO000090,2026-09-17,20688747.37,3723974.53,2026-11-16,2026-12-03,Paid
INV000072,PO000092,2026-09-20,7393867.51,369693.38,2026-10-05,2026-10-19,Paid
INV000073,PO000094,2026-09-11,8602520.61,1548453.71,2026-10-11,,Overdue
INV000074,PO000096,2026-09-14,20805936.09,1040296.8,2026-10-29,2026-11-05,Paid
INV000075,PO000098,2026-09-21,17229911.11,3101384.0,2026-11-20,2026-11-21,Paid
INV000076,PO000100,2026-09-13,2662348.09,319481.77,2026-11-12,2026-11-17,Paid
INV000077,PO000101,2026-09-12,27347430.82,3281691.7,2026-10-27,,Pending
INV000078,PO000102,2026-09-15,9253357.91,1110402.95,2026-10-30,2026-10-30,Paid
INV000079,PO000104,2026-09-08,36906131.81,4428735.82,2026-10-08,,Overdue
INV000080,PO000105,2026-09-14,18337999.5,916899.98,2026-09-29,2026-10-06,Paid
INV000081,PO000106,2026-09-18,14181436.76,2552658.62,2026-10-03,,Overdue
INV000082,PO000107,2026-09-24,7165311.76,358265.59,2026-11-23,2026-11-25,Paid
INV000083,PO000108,2026-09-16,12296158.8,1475539.06,2026-10-01,2026-10-08,Paid
INV000084,PO000109,2026-09-10,11660812.92,2098946.33,2026-09-25,2026-10-01,Paid
INV000085,PO000110,2026-09-07,12227289.0,611364.45,2026-09-22,,Overdue
INV000086,PO000111,2026-09-24,15996651.07,2879397.19,2026-11-23,,Pending
INV000087,PO000112,2026-09-26,1038466.26,124615.95,2026-11-10,2026-11-15,Paid
INV000088,PO000115,2026-09-20,6104251.8,305212.59,2026-10-20,,Pending
INV000089,PO000116,2026-09-24,35229150.6,6341247.11,2026-11-23,,Pending
INV000090,PO000118,2026-09-13,13031350.01,1563762.0,2026-10-28,,Pending
INV000091,PO000123,2026-09-17,2868264.8,143413.24,2026-10-17,2026-10-16,Paid
INV000092,PO000124,2026-09-21,1710190.24,205222.83,2026-11-05,,Overdue
INV000093,PO000125,2026-09-20,5272127.44,263606.37,2026-10-20,,Pending
INV000094,PO000126,2026-09-25,6104864.88,305243.24,2026-10-25,,Pending
INV000095,PO000127,2026-09-12,19793517.66,3562833.18,2026-09-27,,Overdue
INV000096,PO000130,2026-09-09,5908458.16,709014.98,2026-09-24,2026-09-20,Paid
INV000097,PO000131,2026-09-22,31619101.18,3794292.14,2026-10-22,,Overdue
INV000098,PO000132,2026-09-22,3736034.28,186801.71,2026-11-06,2026-10-28,Paid
INV000099,PO000133,2026-09-17,12512910.25,625645.51,2026-10-02,,Overdue
INV000100,PO000135,2026-09-16,15643224.49,782161.22,2026-10-31,2026-10-29,Paid
INV000101,PO000136,2026-09-22,71760.02,3588.0,2026-11-21,2026-11-30,Paid
INV000102,PO000137,2026-09-22,22648583.88,4076745.1,2026-11-21,2026-11-30,Paid
INV000103,PO000138,2026-09-09,5086711.26,610405.35,2026-10-24,,Overdue
INV000104,PO000139,2026-09-22,3870646.38,464477.57,2026-10-22,,Pending
INV000105,PO000140,2026-09-19,12413066.82,620653.34,2026-11-03,,Overdue
INV000106,PO000141,2026-09-10,10166025.66,1829884.62,2026-09-25,,Pending
INV000107,PO000142,2026-09-16,44597869.94,5351744.39,2026-10-16,,Pending
INV000108,PO000143,2026-09-20,15638421.63,1876610.6,2026-10-20,,Overdue
INV000109,PO000144,2026-09-21,1445727.66,260230.98,2026-11-05,,Overdue
INV000110,PO000145,2026-09-21,6589381.94,790725.83,2026-11-05,2026-11-09,Paid
INV000111,PO000147,2026-09-10,12506779.62,625338.98,2026-09-25,,Overdue
INV000112,PO000150,2026-09-24,13860279.8,1663233.58,2026-11-08,2026-11-28,Paid
INV000113,PO000151,2026-09-26,11986675.29,1438401.03,2026-10-11,,Pending
INV000114,PO000154,2026-09-14,1309010.19,235621.83,2026-10-29,2026-10-29,Paid
INV000115,PO000155,2026-09-22,25222540.54,3026704.86,2026-11-21,,Pending
INV000116,PO000157,2026-09-22,18070384.38,2168446.13,2026-10-22,,Pending
INV000117,PO000158,2026-09-12,4558001.08,227900.05,2026-10-12,2026-10-18,Paid
INV000118,PO000161,2026-09-15,9711334.83,1748040.27,2026-11-14,,Pending
INV000119,PO000162,2026-09-18,10443967.08,1253276.05,2026-10-03,,Overdue
INV000120,PO000163,2026-09-09,16552015.38,2979362.77,2026-11-08,2026-11-09,Paid
INV000121,PO000164,2026-09-22,3203393.58,576610.84,2026-10-22,2026-11-04,Paid
INV000122,PO000165,2026-09-12,8092687.9,1456683.82,2026-09-27,2026-10-16,Paid
INV000123,PO000167,2026-09-08,19874770.86,2384972.5,2026-09-23,2026-09-22,Paid
INV000124,PO000168,2026-09-18,17683817.19,3183087.09,2026-10-03,,Pending
INV000125,PO000170,2026-09-14,13090639.77,1570876.77,2026-10-29,,Overdue
INV000126,PO000171,2026-09-18,11146453.7,1337574.44,2026-10-03,2026-10-16,Paid
INV000127,PO000173,2026-09-25,17110752.54,855537.63,2026-10-25,2026-10-24,Paid
INV000128,PO000176,2026-09-12,4050854.0,486102.48,2026-11-11,2026-11-28,Paid
INV000129,PO000177,2026-09-22,20785998.32,1039299.92,2026-10-22,2026-10-31,Paid
INV000130,PO000179,2026-09-14,44806.5,2240.33,2026-09-29,,Pending
INV000131,PO000180,2026-09-17,1305392.4,65269.62,2026-10-17,2026-11-04,Paid
INV000132,PO000181,2026-09-13,44964966.78,8093694.02,2026-10-28,,Overdue
INV000133,PO000182,2026-09-22,1680039.19,201604.7,2026-10-07,,Overdue
INV000134,PO000183,2026-09-19,9024998.46,451249.92,2026-10-19,2026-10-28,Paid
INV000135,PO000185,2026-09-19,14048930.61,702446.53,2026-11-18,,Overdue
INV000136,PO000186,2026-09-22,13625717.82,2452629.21,2026-11-06,,Pending
INV000137,PO000187,2026-09-23,10157033.2,1828265.98,2026-10-23,,Pending
INV000138,PO000188,2026-09-13,23432767.32,2811932.08,2026-11-12,2026-11-03,Paid
INV000139,PO000189,2026-09-25,4535931.91,544311.83,2026-11-24,2026-12-02,Paid
INV000140,PO000190,2026-09-23,13247142.0,2384485.56,2026-10-23,,Pending
INV000141,PO000192,2026-09-19,19884750.27,2386170.03,2026-10-04,,Overdue
INV000142,PO000193,2026-09-22,8001277.3,1440229.91,2026-11-21,,Overdue
INV000143,PO000194,2026-09-17,28494416.32,3419329.96,2026-10-02,2026-10-13,Paid
INV000144,PO000195,2026-09-16,1636431.22,196371.75,2026-10-31,2026-11-04,Paid
INV000145,PO000196,2026-09-11,259526.73,46714.81,2026-11-10,2026-11-30,Paid
INV000146,PO000198,2026-09-26,21840658.06,3931318.45,2026-10-11,2026-10-01,Paid
INV000147,PO000200,2026-09-21,6535455.35,1176381.96,2026-10-21,2026-11-02,Paid
INV000148,PO000202,2026-09-11,13671274.0,1640552.88,2026-10-26,2026-10-30,Paid
INV000149,PO000203,2026-09-23,12530090.74,626504.54,2026-11-07,2026-11-09,Paid
INV000150,PO000205,2026-09-14,24747542.18,1237377.11,2026-10-29,,Overdue
INV000151,PO000207,2026-09-16,17890670.47,3220320.68,2026-10-01,2026-10-04,Paid
INV000152,PO000208,2026-09-22,18995689.93,949784.5,2026-10-07,,Pending
INV000153,PO000209,2026-09-21,6152790.56,738334.87,2026-10-21,,Overdue
INV000154,PO000210,2026-09-24,21145517.67,3806193.18,2026-11-23,2026-11-21,Paid
INV000155,PO000212,2026-09-17,17108497.23,3079529.5,2026-10-02,,Overdue
INV000156,PO000213,2026-09-24,1568691.22,188242.95,2026-10-09,,Overdue
INV000157,PO000214,2026-09-23,3259131.2,391095.74,2026-10-08,,Pending
INV000158,PO000215,2026-09-17,24108687.12,4339563.68,2026-11-01,2026-11-13,Paid
INV000159,PO000216,2026-09-24,33136569.66,1656828.48,2026-11-08,2026-11-21,Paid
INV000160,PO000217,2026-09-19,19581719.3,2349806.32,2026-11-18,2026-11-21,Paid
INV000161,PO000218,2026-09-23,3499454.22,174972.71,2026-11-07,2026-11-21,Paid
INV000162,PO000219,2026-09-21,2937231.44,528701.66,2026-10-06,2026-09-28,Paid
INV000163,PO000220,2026-09-13,21416847.37,1070842.37,2026-11-12,,Overdue
INV000164,PO000221,2026-09-20,2271739.28,272608.71,2026-10-20,2026-11-03,Paid
INV000165,PO000222,2026-09-11,32482875.96,5846917.67,2026-09-26,2026-09-28,Paid
INV000166,PO000223,2026-09-24,5686560.7,284328.04,2026-11-23,2026-12-09,Paid
INV000167,PO000224,2026-09-12,11971877.23,1436625.27,2026-10-27,2026-10-31,Paid
INV000168,PO000225,2026-09-25,29032422.06,5225835.97,2026-10-25,2026-10-24,Paid
INV000169,PO000226,2026-09-25,2048159.25,102407.96,2026-11-09,2026-11-06,Paid
INV000170,PO000228,2026-09-22,17326693.58,866334.68,2026-11-21,2026-11-11,Paid
INV000171,PO000229,2026-09-20,12445760.36,2240236.86,2026-10-20,,Overdue
INV000172,PO000230,2026-09-08,17584253.24,3165165.58,2026-10-23,,Overdue
INV000173,PO000231,2026-09-13,3538467.7,176923.39,2026-11-12,,Overdue
INV000174,PO000232,2026-09-15,23004906.13,4140883.1,2026-10-15,,Pending
INV000175,PO000233,2026-09-23,12185179.89,609258.99,2026-11-22,,Pending
INV000176,PO000234,2026-09-12,21493754.29,1074687.71,2026-11-11,,Pending
INV000177,PO000235,2026-09-17,8885371.0,1599366.78,2026-11-16,2026-12-05,Paid
INV000178,PO000236,2026-09-19,11761886.91,1411426.43,2026-11-18,2026-12-07,Paid
INV000179,PO000237,2026-09-18,12755526.99,2295994.86,2026-11-02,,Pending
INV000180,PO000239,2026-09-14,21622440.16,3892039.23,2026-10-29,2026-10-22,Paid
INV000181,PO000240,2026-09-07,22033548.53,2644025.82,2026-11-06,,Pending
INV000182,PO000242,2026-09-11,17271130.57,2072535.67,2026-09-26,2026-09-17,Paid
INV000183,PO000244,2026-09-12,5474490.1,656938.81,2026-09-27,2026-10-07,Paid
INV000184,PO000246,2026-09-24,17679474.16,2121536.9,2026-11-08,,Overdue
INV000185,PO000247,2026-09-21,2785453.09,139272.65,2026-10-21,2026-10-26,Paid
INV000186,PO000248,2026-09-23,21399262.16,2567911.46,2026-11-07,,Pending
INV000187,PO000249,2026-09-11,32276287.83,1613814.39,2026-09-26,2026-09-25,Paid
INV000188,PO000250,2026-09-10,1532358.5,76617.93,2026-10-25,2026-10-26,Paid
INV000189,PO000251,2026-09-08,8828276.25,1059393.15,2026-10-23,,Overdue
INV000190,PO000252,2026-09-14,1614249.73,80712.49,2026-11-13,,Pending
INV000191,PO000253,2026-09-07,4698292.79,845692.7,2026-09-22,,Pending
INV000192,PO000254,2026-09-10,12265984.1,613299.2,2026-10-25,2026-11-04,Paid
INV000193,PO000255,2026-09-19,148524.2,17822.9,2026-10-04,2026-10-14,Paid
INV000194,PO000256,2026-09-16,4556706.69,227835.33,2026-10-31,,Pending
INV000195,PO000257,2026-09-18,3272062.68,163603.13,2026-10-03,2026-10-20,Paid
INV000196,PO000258,2026-09-16,3304382.78,396525.93,2026-10-31,2026-11-20,Paid
INV000197,PO000259,2026-09-24,32650316.7,5877057.01,2026-10-24,2026-11-03,Paid
INV000198,PO000261,2026-09-22,7448673.68,372433.68,2026-11-21,,Overdue
INV000199,PO000262,2026-09-26,24784801.7,4461264.31,2026-10-11,,Pending
INV000200,PO000263,2026-09-16,8280771.84,1490538.93,2026-10-31,,Overdue
INV000201,PO000264,2026-09-14,12250429.83,1470051.58,2026-11-13,2026-11-26,Paid
INV000202,PO000266,2026-09-23,3830532.02,191526.6,2026-10-23,,Pending
INV000203,PO000267,2026-09-13,2793662.02,502859.16,2026-10-13,,Pending
INV000204,PO000268,2026-09-16,6270488.31,752458.6,2026-10-16,2026-10-15,Paid
INV000205,PO000269,2026-09-18,9007361.38,1080883.37,2026-10-03,,Pending
INV000206,PO000271,2026-09-08,29993494.2,5398828.96,2026-10-08,2026-10-09,Paid
INV000207,PO000274,2026-09-09,22176735.45,2661208.25,2026-10-09,2026-10-07,Paid
INV000208,PO000275,2026-09-26,28241407.83,5083453.41,2026-11-25,,Pending
INV000209,PO000276,2026-09-14,29688871.44,5343996.86,2026-09-29,2026-10-12,Paid
INV000210,PO000277,2026-09-08,15886717.55,1906406.11,2026-10-23,2026-10-31,Paid
INV000211,PO000278,2026-09-24,12505382.86,625269.14,2026-11-08,,Overdue
INV000212,PO000279,2026-09-24,5460572.27,982903.01,2026-11-23,,Pending
INV000213,PO000280,2026-09-12,2573153.15,308778.38,2026-09-27,2026-09-17,Paid
INV000214,PO000281,2026-09-25,10154793.04,1218575.16,2026-10-10,,Pending
INV000215,PO000282,2026-09-08,21995223.25,3959140.19,2026-11-07,2026-10-30,Paid
INV000216,PO000283,2026-09-22,17079748.15,853987.41,2026-10-07,,Pending
INV000217,PO000284,2026-09-20,8966297.28,1613933.51,2026-10-05,2026-10-23,Paid
INV000218,PO000285,2026-09-07,9789260.69,489463.03,2026-10-22,,Pending
INV000219,PO000286,2026-09-26,17813033.94,890651.7,2026-10-26,,Overdue
INV000220,PO000287,2026-09-10,5831708.1,699804.97,2026-09-25,2026-09-27,Paid
INV000221,PO000288,2026-09-15,13265000.09,1591800.01,2026-10-30,,Pending
INV000222,PO000289,2026-09-19,4450469.64,222523.48,2026-11-03,,Pending
INV000223,PO000290,2026-09-14,22684877.32,1134243.87,2026-10-14,2026-10-11,Paid
INV000224,PO000291,2026-09-20,16267944.09,813397.2,2026-10-20,,Pending
INV000225,PO000292,2026-09-19,18238328.58,3282899.14,2026-11-18,,Pending
INV000226,PO000293,2026-09-12,9935111.36,496755.57,2026-10-27,,Pending
INV000227,PO000294,2026-09-25,21607254.23,2592870.51,2026-11-24,2026-11-25,Paid
INV000228,PO000295,2026-09-08,16351878.01,2943338.04,2026-09-23,,Overdue
INV000229,PO000296,2026-09-23,6026272.97,1084729.13,2026-11-22,2026-11-26,Paid
INV000230,PO000297,2026-09-14,20208046.16,3637448.31,2026-10-14,2026-10-28,Paid
INV000231,PO000298,2026-09-17,13193449.6,1583213.95,2026-10-02,,Pending
INV000232,PO000300,2026-09-08,1589580.74,190749.69,2026-10-08,,Pending
INV000233,PO000301,2026-09-09,23250677.66,2790081.32,2026-10-24,,Pending
INV000234,PO000302,2026-09-09,29665945.16,3559913.42,2026-10-24,2026-11-10,Paid
INV000235,PO000303,2026-09-15,45404736.94,5448568.43,2026-09-30,2026-09-25,Paid
INV000236,PO000305,2026-09-20,28188866.29,3382663.95,2026-11-04,2026-11-15,Paid
INV000237,PO000306,2026-09-23,7515004.2,1352700.76,2026-10-23,,Overdue
INV000238,PO000307,2026-09-20,12565950.96,2261871.17,2026-11-04,2026-11-02,Paid
INV000239,PO000308,2026-09-09,13035960.17,2346472.83,2026-09-24,2026-10-13,Paid
INV000240,PO000309,2026-09-21,11779699.29,2120345.87,2026-10-06,2026-10-15,Paid
INV000241,PO000310,2026-09-23,18213083.35,2185570.0,2026-11-22,2026-11-12,Paid
INV000242,PO000311,2026-09-26,6560959.2,328047.96,2026-10-26,,Pending
INV000243,PO000313,2026-09-14,32760600.41,5896908.07,2026-11-13,2026-11-26,Paid
INV000244,PO000314,2026-09-12,9453545.31,1134425.44,2026-10-12,,Pending
INV000245,PO000316,2026-09-20,11352789.27,567639.46,2026-11-19,2026-11-30,Paid
INV000246,PO000317,2026-09-10,9456325.69,1134759.08,2026-11-09,2026-11-26,Paid
INV000247,PO000318,2026-09-15,12287252.67,614362.63,2026-10-15,,Pending
INV000248,PO000319,2026-09-10,7108646.22,355432.31,2026-10-25,2026-10-24,Paid
INV000249,PO000320,2026-09-11,67684.19,8122.1,2026-10-26,2026-10-28,Paid
INV000250,PO000321,2026-09-09,5476316.38,985736.95,2026-10-09,2026-10-25,Paid
INV000251,PO000322,2026-09-20,16925597.24,3046607.5,2026-10-20,2026-10-16,Paid
INV000252,PO000323,2026-09-24,1695264.52,203431.74,2026-10-09,2026-10-10,Paid
INV000253,PO000325,2026-09-09,3807591.3,190379.57,2026-10-24,2026-11-12,Paid
INV000254,PO000326,2026-09-11,21314040.28,3836527.25,2026-10-26,2026-11-12,Paid
INV000255,PO000327,2026-09-22,38410655.67,4609278.68,2026-10-07,2026-10-09,Paid
INV000256,PO000328,2026-09-24,1123222.78,202180.1,2026-10-09,,Overdue
INV000257,PO000329,2026-09-15,7362716.74,1325289.01,2026-10-15,2026-10-19,Paid
INV000258,PO000330,2026-09-12,4963958.7,595675.04,2026-09-27,2026-09-29,Paid
INV000259,PO000331,2026-09-13,20086767.56,1004338.38,2026-10-28,2026-11-09,Paid
INV000260,PO000332,2026-09-12,5573920.0,1003305.6,2026-10-12,,Pending
INV000261,PO000333,2026-09-23,6395113.63,319755.68,2026-10-23,2026-10-26,Paid
INV000262,PO000335,2026-09-22,10743755.32,537187.77,2026-11-21,2026-11-18,Paid
INV000263,PO000336,2026-09-11,3731810.87,447817.3,2026-10-11,,Pending
INV000264,PO000337,2026-09-21,10055525.0,1809994.5,2026-11-20,,Pending
INV000265,PO000338,2026-09-16,19237501.08,2308500.13,2026-10-31,,Overdue
INV000266,PO000339,2026-09-23,22041574.49,1102078.72,2026-11-07,,Pending
INV000267,PO000340,2026-09-24,566819.19,68018.3,2026-11-23,2026-12-01,Paid
INV000268,PO000341,2026-09-11,17735553.46,3192399.62,2026-10-26,2026-11-04,Paid
INV000269,PO000342,2026-09-26,22606285.76,1130314.29,2026-10-11,2026-10-14,Paid
INV000270,PO000343,2026-09-22,23891985.48,2867038.26,2026-11-21,2026-12-08,Paid
INV000271,PO000344,2026-09-19,20380799.67,2445695.96,2026-11-03,,Overdue
INV000272,PO000345,2026-09-07,3765751.9,677835.34,2026-10-22,2026-10-24,Paid
INV000273,PO000346,2026-09-20,24195385.73,2903446.29,2026-10-20,2026-10-11,Paid
INV000274,PO000347,2026-09-13,19710307.68,985515.38,2026-11-12,2026-11-30,Paid
INV000275,PO000348,2026-09-13,7450189.44,372509.47,2026-11-12,,Pending
INV000276,PO000349,2026-09-26,23604147.25,1180207.36,2026-11-10,2026-11-09,Paid
INV000277,PO000350,2026-09-08,1914482.54,95724.13,2026-10-08,2026-10-04,Paid
INV000278,PO000352,2026-09-10,10967122.84,1974082.11,2026-10-25,2026-10-31,Paid
INV000279,PO000353,2026-09-07,520582.3,26029.12,2026-11-06,,Pending
INV000280,PO000354,2026-09-15,21988431.47,3957917.66,2026-09-30,2026-09-27,Paid
INV000281,PO000355,2026-09-20,18693455.82,934672.79,2026-10-05,2026-10-22,Paid
INV000282,PO000356,2026-09-26,5935552.12,296777.61,2026-11-10,2026-11-02,Paid
INV000283,PO000357,2026-09-10,9303248.12,1116389.77,2026-10-25,2026-11-02,Paid
INV000284,PO000358,2026-09-22,26278966.95,4730214.05,2026-10-07,2026-10-12,Paid
INV000285,PO000361,2026-09-14,29057574.35,3486908.92,2026-09-29,2026-10-07,Paid
INV000286,PO000362,2026-09-09,2890174.74,144508.74,2026-11-08,,Pending
INV000287,PO000363,2026-09-07,13457034.91,2422266.28,2026-11-06,2026-11-03,Paid
INV000288,PO000364,2026-09-19,5506594.62,660791.35,2026-10-04,2026-10-06,Paid
INV000289,PO000365,2026-09-08,2268316.2,113415.81,2026-11-07,2026-11-22,Paid
INV000290,PO000366,2026-09-11,5115023.37,613802.8,2026-11-10,,Overdue
INV000291,PO000367,2026-09-26,7657373.45,382868.67,2026-10-26,2026-10-19,Paid
INV000292,PO000368,2026-09-24,16388623.25,2949952.19,2026-10-24,,Pending
INV000293,PO000369,2026-09-10,25800287.75,1290014.39,2026-10-25,2026-11-14,Paid
INV000294,PO000370,2026-09-20,24769156.71,1238457.84,2026-10-05,2026-10-11,Paid
INV000295,PO000372,2026-09-16,14474539.58,723726.98,2026-10-01,2026-10-18,Paid
INV000296,PO000373,2026-09-22,22674.4,4081.39,2026-11-21,2026-11-23,Paid
INV000297,PO000374,2026-09-11,27661278.13,4979030.06,2026-09-26,2026-10-04,Paid
INV000298,PO000375,2026-09-26,13247490.7,1589698.88,2026-11-10,2026-11-27,Paid
INV000299,PO000376,2026-09-20,14947056.24,2690470.12,2026-11-19,,Pending
INV000300,PO000377,2026-09-18,18707771.3,935388.57,2026-10-18,,Pending
INV000301,PO000378,2026-09-24,9591824.31,479591.22,2026-11-23,,Overdue
INV000302,PO000380,2026-09-12,17921155.27,896057.76,2026-10-27,2026-10-31,Paid
INV000303,PO000381,2026-09-14,10350366.81,1242044.02,2026-10-14,2026-10-20,Paid
INV000304,PO000382,2026-09-21,11759371.49,587968.57,2026-11-05,2026-11-13,Paid
INV000305,PO000383,2026-09-07,22865105.82,1143255.29,2026-09-22,,Overdue
INV000306,PO000384,2026-09-11,9833755.48,491687.77,2026-09-26,2026-10-13,Paid
INV000307,PO000385,2026-09-19,1819733.04,90986.65,2026-11-18,2026-11-23,Paid
INV000308,PO000386,2026-09-07,22686916.52,4083644.97,2026-10-07,2026-10-12,Paid
INV000309,PO000387,2026-09-16,22619415.42,4071494.78,2026-10-31,,Pending
INV000310,PO000388,2026-09-26,1072211.5,192998.07,2026-10-26,2026-10-23,Paid
INV000311,PO000389,2026-09-12,11895413.15,1427449.58,2026-10-12,,Overdue
INV000312,PO000390,2026-09-10,20723996.18,2486879.54,2026-10-10,2026-10-19,Paid
INV000313,PO000391,2026-09-13,24275992.5,1213799.62,2026-10-13,,Overdue
INV000314,PO000392,2026-09-21,16932706.94,3047887.25,2026-10-21,2026-10-19,Paid
INV000315,PO000393,2026-09-08,27822377.97,1391118.9,2026-10-23,,Overdue
INV000316,PO000394,2026-09-14,15497050.63,2789469.11,2026-10-29,,Pending
INV000317,PO000395,2026-09-18,13362436.41,1603492.37,2026-10-18,2026-10-24,Paid
INV000318,PO000396,2026-09-24,27353702.52,3282444.3,2026-11-08,2026-11-17,Paid
INV000319,PO000398,2026-09-15,13486204.71,1618344.57,2026-09-30,2026-10-05,Paid
INV000320,PO000399,2026-09-25,19100340.78,955017.04,2026-11-09,,Pending
INV000321,PO000400,2026-09-13,1624961.16,194995.34,2026-11-12,,Overdue
INV000322,PO000401,2026-09-23,654183.87,32709.19,2026-11-22,2026-11-23,Paid
INV000323,PO000402,2026-09-18,113686.44,20463.56,2026-10-03,2026-10-19,Paid
INV000324,PO000403,2026-09-17,37168857.94,6690394.43,2026-10-17,,Overdue
INV000325,PO000405,2026-09-22,122031.0,14643.72,2026-10-07,2026-10-24,Paid
INV000326,PO000406,2026-09-22,21055082.1,3789914.78,2026-11-21,2026-11-30,Paid
INV000327,PO000408,2026-09-25,11566483.26,578324.16,2026-10-25,2026-10-29,Paid
INV000328,PO000409,2026-09-11,6133497.72,306674.89,2026-09-26,2026-10-10,Paid
INV000329,PO000410,2026-09-18,15591556.42,2806480.16,2026-10-03,2026-09-29,Paid
INV000330,PO000411,2026-09-13,6308515.27,315425.76,2026-09-28,2026-10-09,Paid
INV000331,PO000412,2026-09-20,22158992.94,3988618.73,2026-11-19,2026-11-09,Paid
INV000332,PO000413,2026-09-10,7801982.41,390099.12,2026-09-25,2026-09-27,Paid
INV000333,PO000414,2026-09-07,6585342.61,329267.13,2026-10-07,2026-10-07,Paid
INV000334,PO000417,2026-09-12,22072913.67,1103645.68,2026-11-11,2026-11-06,Paid
INV000335,PO000418,2026-09-19,8234132.55,411706.63,2026-10-19,2026-10-21,Paid
INV000336,PO000419,2026-09-15,12372676.03,618633.8,2026-11-14,,Pending
INV000337,PO000420,2026-09-14,5714371.1,285718.55,2026-09-29,,Pending
INV000338,PO000421,2026-09-10,4419340.94,530320.91,2026-09-25,,Overdue
INV000339,PO000422,2026-09-11,10195034.53,509751.73,2026-09-26,2026-09-18,Paid
INV000340,PO000423,2026-09-22,19160637.55,958031.88,2026-11-21,2026-11-30,Paid
INV000341,PO000425,2026-09-25,10503568.52,1260428.22,2026-11-09,,Pending
INV000342,PO000426,2026-09-15,9704991.8,485249.59,2026-10-30,2026-11-08,Paid
INV000343,PO000427,2026-09-25,6719261.92,806311.43,2026-10-10,,Overdue
INV000344,PO000428,2026-09-09,3986861.63,717635.09,2026-09-24,2026-10-10,Paid
INV000345,PO000429,2026-09-17,10600719.75,1272086.37,2026-11-16,2026-11-26,Paid
INV000346,PO000431,2026-09-18,25065485.42,1253274.27,2026-11-17,2026-11-18,Paid
INV000347,PO000432,2026-09-26,34916266.43,4189951.97,2026-10-11,,Pending
INV000348,PO000433,2026-09-20,30606111.51,1530305.58,2026-11-04,2026-11-02,Paid
INV000349,PO000434,2026-09-10,12559854.61,627992.73,2026-09-25,2026-10-07,Paid
INV000350,PO000435,2026-09-12,26479290.73,4766272.33,2026-11-11,,Pending
INV000351,PO000436,2026-09-10,18506235.95,925311.8,2026-11-09,,Pending
INV000352,PO000438,2026-09-17,13625928.26,2452667.09,2026-11-16,2026-11-11,Paid
INV000353,PO000439,2026-09-16,25006718.53,4501209.34,2026-10-16,2026-10-17,Paid
INV000354,PO000440,2026-09-21,25044743.16,3005369.18,2026-11-20,2026-11-12,Paid
INV000355,PO000442,2026-09-16,17425966.9,3136674.04,2026-10-01,2026-10-06,Paid
INV000356,PO000444,2026-09-09,12174219.07,1460906.29,2026-10-24,2026-10-18,Paid
INV000357,PO000445,2026-09-11,4916191.04,884914.39,2026-11-10,,Overdue
INV000358,PO000446,2026-09-26,14601518.77,1752182.25,2026-11-10,2026-11-12,Paid
INV000359,PO000447,2026-09-10,20336461.04,2440375.32,2026-11-09,,Overdue
INV000360,PO000448,2026-09-26,23412380.3,4214228.45,2026-10-11,,Pending
INV000361,PO000449,2026-09-24,15795822.42,789791.12,2026-10-09,,Pending
INV000362,PO000450,2026-09-10,10386216.2,1246345.94,2026-09-25,2026-09-17,Paid
INV000363,PO000451,2026-09-15,6645936.48,332296.82,2026-10-30,2026-10-25,Paid
INV000364,PO000452,2026-09-16,18115031.58,3260705.68,2026-10-31,2026-11-18,Paid
INV000365,PO000453,2026-09-16,17124226.7,2054907.2,2026-11-15,2026-11-07,Paid
INV000366,PO000454,2026-09-13,16119879.58,1934385.55,2026-09-28,,Pending
INV000367,PO000455,2026-09-15,6713154.84,335657.74,2026-09-30,,Pending
INV000368,PO000456,2026-09-19,7092645.55,1276676.2,2026-11-03,2026-11-21,Paid
INV000369,PO000457,2026-09-17,33786369.49,6081546.51,2026-10-02,,Overdue
INV000370,PO000458,2026-09-18,34150302.26,4098036.27,2026-10-03,2026-10-01,Paid
INV000371,PO000460,2026-09-07,9472762.05,473638.1,2026-09-22,,Pending
INV000372,PO000461,2026-09-19,13012305.77,650615.29,2026-11-18,2026-11-20,Paid
INV000373,PO000463,2026-09-10,15506429.99,775321.5,2026-09-25,2026-09-18,Paid
INV000374,PO000464,2026-09-11,15072312.87,1808677.54,2026-10-11,,Overdue
INV000375,PO000466,2026-09-14,7049873.37,352493.67,2026-09-29,,Pending
INV000376,PO000467,2026-09-12,916993.71,45849.69,2026-10-12,2026-10-17,Paid
INV000377,PO000469,2026-09-25,218727.9,26247.35,2026-11-09,,Pending
INV000378,PO000472,2026-09-15,17716752.37,885837.62,2026-09-30,2026-10-08,Paid
INV000379,PO000473,2026-09-09,8454652.67,1521837.48,2026-10-24,2026-11-10,Paid
INV000380,PO000474,2026-09-11,34390880.35,4126905.64,2026-09-26,,Pending
INV000381,PO000475,2026-09-24,20406001.18,1020300.06,2026-11-08,2026-11-01,Paid
INV000382,PO000477,2026-09-20,24001916.88,2880230.03,2026-10-20,2026-11-03,Paid
INV000383,PO000478,2026-09-12,27890830.95,3346899.71,2026-09-27,2026-09-25,Paid
INV000384,PO000479,2026-09-22,1813515.9,217621.91,2026-11-06,,Pending
INV000385,PO000480,2026-09-20,42127598.42,2106379.92,2026-11-04,,Overdue
INV000386,PO000481,2026-09-11,12161507.38,608075.37,2026-10-11,2026-10-21,Paid
INV000387,PO000482,2026-09-20,17596505.54,2111580.66,2026-10-20,2026-11-04,Paid
INV000388,PO000483,2026-09-09,8303861.12,996463.33,2026-10-24,,Pending
INV000389,PO000484,2026-09-08,2988712.36,149435.62,2026-10-23,2026-11-02,Paid
INV000390,PO000485,2026-09-17,13593510.42,2446831.88,2026-10-17,2026-10-15,Paid
INV000391,PO000487,2026-09-20,12465364.44,1495843.73,2026-11-04,2026-10-27,Paid
INV000392,PO000488,2026-09-22,7494983.43,899398.01,2026-11-21,2026-11-21,Paid
INV000393,PO000491,2026-09-13,10665311.88,533265.59,2026-09-28,,Pending
INV000394,PO000492,2026-09-15,29695045.92,5345108.27,2026-10-30,2026-11-02,Paid
INV000395,PO000493,2026-09-08,19395652.21,2327478.27,2026-10-23,2026-10-16,Paid
INV000396,PO000494,2026-09-13,7776469.67,933176.36,2026-09-28,2026-10-08,Paid
INV000397,PO000495,2026-09-16,22866177.66,4115911.98,2026-11-15,2026-11-25,Paid
INV000398,PO000496,2026-09-10,17397474.85,3131545.47,2026-09-25,,Pending
INV000399,PO000497,2026-09-24,21355797.44,3844043.54,2026-10-09,,Pending
INV000400,PO000499,2026-09-24,11066738.19,1328008.58,2026-11-08,,Pending
INV000401,PO000500,2026-09-19,4864839.77,243241.99,2026-10-04,,Overdue
INV000402,PO000502,2026-09-23,1388589.17,69429.46,2026-10-08,2026-10-01,Paid
INV000403,PO000504,2026-09-17,13093862.18,2356895.19,2026-11-01,2026-11-06,Paid
INV000404,PO000505,2026-09-16,19643709.99,2357245.2,2026-10-16,2026-10-14,Paid
INV000405,PO000506,2026-09-14,21293792.16,2555255.06,2026-11-13,2026-11-16,Paid
INV000406,PO000508,2026-09-26,14229758.2,1707570.98,2026-10-11,2026-10-22,Paid
INV000407,PO000509,2026-09-20,12857372.78,2314327.1,2026-11-04,2026-11-20,Paid
INV000408,PO000510,2026-09-18,15150477.98,757523.9,2026-10-03,,Pending
INV000409,PO000511,2026-09-17,10865908.22,543295.41,2026-11-01,2026-11-16,Paid
INV000410,PO000512,2026-09-25,25217518.26,1260875.91,2026-11-24,2026-11-16,Paid
INV000411,PO000513,2026-09-10,30085999.97,5415479.99,2026-10-25,,Overdue
INV000412,PO000514,2026-09-19,20989625.23,3778132.54,2026-11-18,2026-11-28,Paid
INV000413,PO000516,2026-09-07,13704350.03,2466783.01,2026-10-22,2026-10-30,Paid
INV000414,PO000517,2026-09-07,16067576.25,1928109.15,2026-10-22,2026-10-31,Paid
INV000415,PO000518,2026-09-18,10107832.11,1212939.85,2026-10-18,,Overdue
INV000416,PO000519,2026-09-09,8364606.64,1505629.2,2026-10-24,,Pending
INV000417,PO000520,2026-09-11,14454670.76,1734560.49,2026-11-10,,Overdue
INV000418,PO000521,2026-09-08,8298035.68,995764.28,2026-10-08,,Overdue
INV000419,PO000523,2026-09-26,2039894.21,367180.96,2026-10-26,2026-10-18,Paid
INV000420,PO000524,2026-09-20,13399360.72,2411884.93,2026-10-05,2026-10-14,Paid
INV000421,PO000526,2026-09-18,15245798.3,1829495.8,2026-10-03,,Pending
INV000422,PO000528,2026-09-12,4042022.82,727564.11,2026-11-11,,Overdue
INV000423,PO000529,2026-09-26,12797300.52,639865.03,2026-10-11,,Pending
INV000424,PO000531,2026-09-23,15081601.12,754080.06,2026-10-08,2026-10-02,Paid
INV000425,PO000532,2026-09-10,20685806.16,2482296.74,2026-10-25,,Overdue
INV000426,PO000534,2026-09-11,8954166.32,1611749.94,2026-10-11,2026-10-07,Paid
INV000427,PO000535,2026-09-14,8571931.63,428596.58,2026-10-14,2026-10-16,Paid
INV000428,PO000537,2026-09-22,18346746.47,2201609.58,2026-10-22,2026-10-12,Paid
INV000429,PO000538,2026-09-13,2158343.01,388501.74,2026-10-28,,Pending
INV000430,PO000539,2026-09-10,637174.2,76460.9,2026-10-10,,Pending
INV000431,PO000541,2026-09-10,1885454.7,226254.56,2026-09-25,2026-09-23,Paid
INV000432,PO000543,2026-09-12,11535281.48,1384233.78,2026-11-11,2026-11-05,Paid
INV000433,PO000544,2026-09-13,15708596.43,1885031.57,2026-11-12,2026-11-24,Paid
INV000434,PO000545,2026-09-22,3399863.96,407983.68,2026-10-22,2026-11-02,Paid
INV000435,PO000546,2026-09-16,7843289.64,1411792.14,2026-10-16,2026-10-25,Paid
INV000436,PO000547,2026-09-15,15445895.96,772294.8,2026-09-30,,Pending
INV000437,PO000548,2026-09-26,1545510.6,77275.53,2026-11-25,2026-11-18,Paid
INV000438,PO000549,2026-09-18,12052511.15,2169452.01,2026-11-17,2026-11-26,Paid
INV000439,PO000550,2026-09-26,6002636.63,720316.4,2026-10-26,2026-10-17,Paid
INV000440,PO000551,2026-09-17,8555238.71,1539942.97,2026-10-17,2026-10-14,Paid
INV000441,PO000552,2026-09-07,8812825.08,1586308.51,2026-10-22,2026-11-03,Paid
INV000442,PO000553,2026-09-24,23556723.33,2826806.8,2026-11-23,,Overdue
INV000443,PO000554,2026-09-26,9828582.74,491429.14,2026-11-25,2026-12-06,Paid
INV000444,PO000555,2026-09-12,26092004.54,3131040.54,2026-10-12,,Pending
INV000445,PO000556,2026-09-25,23152977.78,2778357.33,2026-11-24,2026-11-21,Paid
INV000446,PO000557,2026-09-23,20264465.51,3647603.79,2026-10-08,,Pending
INV000447,PO000558,2026-09-09,14142172.43,707108.62,2026-10-09,2026-10-06,Paid
INV000448,PO000559,2026-09-17,2733998.42,136699.92,2026-10-02,2026-09-29,Paid
INV000449,PO000560,2026-09-13,28225227.76,1411261.39,2026-09-28,2026-10-03,Paid
INV000450,PO000561,2026-09-17,19765173.81,988258.69,2026-11-01,2026-10-27,Paid
INV000451,PO000562,2026-09-15,27585041.75,3310205.01,2026-10-30,,Overdue
INV000452,PO000563,2026-09-16,7892901.28,1420722.23,2026-10-01,2026-09-27,Paid
INV000453,PO000564,2026-09-11,8853556.73,1593640.21,2026-10-11,2026-10-08,Paid
INV000454,PO000565,2026-09-12,22313219.58,1115660.98,2026-11-11,2026-11-17,Paid
INV000455,PO000566,2026-09-17,4985684.34,897423.18,2026-11-16,2026-12-06,Paid
INV000456,PO000568,2026-09-25,33066177.52,3967941.3,2026-10-25,,Overdue
INV000457,PO000569,2026-09-10,9081414.45,454070.72,2026-11-09,2026-11-15,Paid
INV000458,PO000571,2026-09-18,868776.36,156379.74,2026-11-17,,Overdue
INV000459,PO000572,2026-09-13,10784520.13,1294142.42,2026-10-13,2026-10-10,Paid
INV000460,PO000573,2026-09-10,16813122.84,2017574.74,2026-10-10,2026-10-12,Paid
INV000461,PO000574,2026-09-08,4654246.86,837764.43,2026-09-23,,Overdue
INV000462,PO000575,2026-09-26,18243199.02,912159.95,2026-11-25,2026-11-26,Paid
INV000463,PO000576,2026-09-10,5174796.04,931463.29,2026-10-10,2026-10-29,Paid
INV000464,PO000577,2026-09-21,15791450.48,2842461.09,2026-11-05,2026-11-17,Paid
INV000465,PO000578,2026-09-26,2213854.74,398493.85,2026-10-26,,Overdue
INV000466,PO000579,2026-09-07,19463779.12,973188.96,2026-11-06,2026-11-16,Paid
INV000467,PO000582,2026-09-21,16230081.38,2921414.65,2026-10-21,,Overdue
INV000468,PO000584,2026-09-10,10525829.83,526291.49,2026-10-10,2026-10-14,Paid
INV000469,PO000585,2026-09-08,26946498.36,4850369.7,2026-10-23,,Overdue
INV000470,PO000586,2026-09-15,4361165.89,523339.91,2026-10-15,2026-10-31,Paid
INV000471,PO000587,2026-09-18,41927.7,5031.32,2026-11-02,2026-11-06,Paid
INV000472,PO000588,2026-09-22,34328285.14,1716414.26,2026-10-07,2026-10-26,Paid
INV000473,PO000589,2026-09-14,30376786.11,3645214.33,2026-10-29,,Overdue
INV000474,PO000591,2026-09-23,22517298.66,1125864.93,2026-10-23,2026-10-30,Paid
INV000475,PO000592,2026-09-10,8801465.59,1584263.81,2026-09-25,,Overdue
INV000476,PO000593,2026-09-07,28527718.83,5134989.39,2026-10-07,,Overdue
INV000477,PO000594,2026-09-14,18689488.01,3364107.84,2026-10-29,2026-11-13,Paid
INV000478,PO000597,2026-09-11,13838065.86,2490851.85,2026-10-26,,Pending
INV000479,PO000598,2026-09-22,13357144.49,2404286.01,2026-10-22,2026-10-28,Paid
INV000480,PO000603,2026-09-22,1648030.8,296645.54,2026-11-06,2026-11-10,Paid
INV000481,PO000604,2026-09-09,5546798.55,665615.83,2026-11-08,2026-11-01,Paid
INV000482,PO000605,2026-09-17,11678409.43,583920.47,2026-10-17,2026-10-21,Paid
INV000483,PO000606,2026-09-07,10520832.31,1262499.88,2026-11-06,,Pending
INV000484,PO000607,2026-09-22,15014255.98,750712.8,2026-11-21,2026-12-05,Paid
INV000485,PO000608,2026-09-14,9270068.11,463503.41,2026-09-29,,Overdue
INV000486,PO000609,2026-09-09,12196432.48,2195357.85,2026-11-08,2026-11-01,Paid
INV000487,PO000610,2026-09-25,17587194.73,2110463.37,2026-11-09,2026-10-30,Paid
INV000488,PO000611,2026-09-26,3049093.55,152454.68,2026-11-25,2026-12-08,Paid
INV000489,PO000613,2026-09-10,3039160.6,151958.03,2026-10-25,2026-10-22,Paid
INV000490,PO000615,2026-09-22,6487181.07,778461.73,2026-10-07,,Pending
INV000491,PO000616,2026-09-07,16270026.09,813501.3,2026-11-06,,Overdue
INV000492,PO000617,2026-09-13,2461926.75,123096.34,2026-11-12,2026-11-27,Paid
INV000493,PO000618,2026-09-24,22222653.91,4000077.7,2026-10-24,2026-11-11,Paid
INV000494,PO000619,2026-09-07,7595311.35,911437.36,2026-10-22,,Overdue
INV000495,PO000620,2026-09-11,13867235.48,693361.77,2026-11-10,2026-11-25,Paid
INV000496,PO000621,2026-09-10,5776400.22,693168.03,2026-10-10,2026-10-14,Paid
INV000497,PO000623,2026-09-16,11159529.16,557976.46,2026-10-31,,Pending
INV000498,PO000625,2026-09-24,27129964.86,3255595.78,2026-11-23,2026-11-17,Paid
INV000499,PO000626,2026-09-18,32354985.57,3882598.27,2026-10-03,,Pending
INV000500,PO000627,2026-09-17,7745315.57,387265.78,2026-10-02,2026-10-14,Paid
INV000501,PO000628,2026-09-14,24489288.64,2938714.64,2026-11-13,,Overdue
INV000502,PO000630,2026-09-10,31139697.18,1556984.86,2026-09-25,,Pending
INV000503,PO000631,2026-09-12,2411143.2,434005.78,2026-09-27,,Overdue
INV000504,PO000632,2026-09-18,15019537.82,1802344.54,2026-10-03,2026-10-03,Paid
INV000505,PO000633,2026-09-17,17933426.6,896671.33,2026-10-02,,Overdue
INV000506,PO000635,2026-09-26,11432424.2,1371890.9,2026-11-10,2026-11-10,Paid
INV000507,PO000636,2026-09-20,13564433.5,1627732.02,2026-11-19,,Overdue
INV000508,PO000637,2026-09-09,10570398.42,1902671.72,2026-11-08,2026-11-07,Paid
INV000509,PO000638,2026-09-12,18248759.8,912437.99,2026-10-27,2026-10-18,Paid
INV000510,PO000639,2026-09-19,8360929.1,418046.46,2026-11-03,2026-11-06,Paid
INV000511,PO000640,2026-09-22,18975406.47,2277048.78,2026-10-07,,Overdue
INV000512,PO000641,2026-09-12,6229850.34,311492.52,2026-09-27,,Pending
INV000513,PO000642,2026-09-22,25360651.74,3043278.21,2026-10-22,2026-11-10,Paid
INV000514,PO000643,2026-09-07,16283232.08,814161.6,2026-10-07,2026-10-24,Paid
INV000515,PO000644,2026-09-09,953168.3,114380.2,2026-09-24,2026-10-07,Paid
INV000516,PO000647,2026-09-24,8089315.92,404465.8,2026-11-23,,Pending
INV000517,PO000648,2026-09-07,11878533.58,2138136.04,2026-09-22,2026-10-07,Paid
INV000518,PO000649,2026-09-15,12610152.2,1513218.26,2026-10-30,2026-11-05,Paid
INV000519,PO000650,2026-09-15,9328013.06,466400.65,2026-09-30,2026-09-21,Paid
INV000520,PO000651,2026-09-16,6551763.41,327588.17,2026-10-01,2026-10-13,Paid
INV000521,PO000653,2026-09-20,34606090.78,4152730.89,2026-11-04,2026-11-13,Paid
INV000522,PO000654,2026-09-21,21044228.47,2525307.42,2026-10-21,2026-11-03,Paid
INV000523,PO000655,2026-09-24,7447759.35,893731.12,2026-11-08,2026-11-09,Paid
INV000524,PO000656,2026-09-20,3967076.48,198353.82,2026-11-04,,Overdue
INV000525,PO000658,2026-09-25,621093.62,111796.85,2026-10-25,2026-10-27,Paid
INV000526,PO000659,2026-09-20,7424588.08,371229.4,2026-11-04,,Pending
INV000527,PO000660,2026-09-20,25091410.55,1254570.53,2026-10-05,2026-10-11,Paid
INV000528,PO000661,2026-09-08,10179039.9,1832227.18,2026-11-07,,Overdue
INV000529,PO000662,2026-09-17,3803842.17,684691.59,2026-10-02,2026-10-08,Paid
INV000530,PO000664,2026-09-10,1709472.67,85473.63,2026-09-25,,Pending
INV000531,PO000665,2026-09-18,26143958.29,1307197.91,2026-11-02,2026-11-09,Paid
INV000532,PO000666,2026-09-10,289544.8,34745.38,2026-10-25,,Overdue
INV000533,PO000667,2026-09-07,5531661.47,663799.38,2026-10-07,2026-10-07,Paid
INV000534,PO000668,2026-09-07,9633377.14,1156005.26,2026-09-22,,Pending
INV000535,PO000670,2026-09-15,8049643.73,402482.19,2026-11-14,2026-11-19,Paid
INV000536,PO000671,2026-09-22,10654854.48,1917873.81,2026-11-21,2026-12-07,Paid
INV000537,PO000672,2026-09-10,11091529.96,1996475.39,2026-09-25,2026-10-09,Paid
INV000538,PO000674,2026-09-12,9042305.08,1627614.91,2026-10-12,2026-10-20,Paid
INV000539,PO000675,2026-09-21,2489041.65,298685.0,2026-11-20,2026-11-15,Paid
INV000540,PO000676,2026-09-18,16594258.65,1991311.04,2026-11-17,2026-11-20,Paid
INV000541,PO000677,2026-09-23,5715439.5,685852.74,2026-11-07,2026-11-09,Paid
INV000542,PO000678,2026-09-25,25127337.74,3015280.53,2026-11-09,2026-11-23,Paid
INV000543,PO000679,2026-09-23,5925650.04,1066617.01,2026-10-23,2026-11-03,Paid
INV000544,PO000680,2026-09-16,26951911.51,1347595.58,2026-10-16,2026-10-22,Paid
INV000545,PO000682,2026-09-09,36641634.93,1832081.75,2026-10-09,,Pending
INV000546,PO000683,2026-09-11,4619.62,554.35,2026-10-26,,Pending
INV000547,PO000686,2026-09-26,11094624.72,1997032.45,2026-10-26,,Overdue
INV000548,PO000687,2026-09-21,9555932.27,1720067.81,2026-11-05,,Overdue
INV000549,PO000688,2026-09-09,359944.47,64790.0,2026-10-24,2026-10-30,Paid
INV000550,PO000689,2026-09-25,14317246.06,1718069.53,2026-10-10,2026-10-18,Paid
INV000551,PO000691,2026-09-16,11505794.67,1380695.36,2026-10-31,,Overdue
INV000552,PO000692,2026-09-15,16599254.2,1991910.5,2026-10-15,,Overdue
INV000553,PO000693,2026-09-11,427891.95,77020.55,2026-10-26,,Overdue
INV000554,PO000694,2026-09-23,35677013.89,4281241.67,2026-10-08,,Pending
INV000555,PO000695,2026-09-14,15910272.32,1909232.68,2026-11-13,,Pending
INV000556,PO000696,2026-09-20,234741.52,28168.98,2026-11-19,2026-11-23,Paid
INV000557,PO000697,2026-09-23,21307459.86,1065372.99,2026-11-07,2026-11-05,Paid
INV000558,PO000699,2026-09-11,23045614.88,2765473.79,2026-09-26,,Overdue
INV000559,PO000700,2026-09-10,14085903.32,2535462.6,2026-11-09,2026-11-12,Paid
INV000560,PO000701,2026-09-11,16700863.79,3006155.48,2026-11-10,2026-11-14,Paid
INV000561,PO000702,2026-09-20,19397412.32,2327689.48,2026-11-19,,Pending
INV000562,PO000703,2026-09-19,19038225.0,951911.25,2026-10-04,,Overdue
INV000563,PO000704,2026-09-10,9871882.66,1776938.88,2026-10-10,2026-10-05,Paid
INV000564,PO000705,2026-09-19,6635487.94,796258.55,2026-10-19,2026-10-27,Paid
INV000565,PO000708,2026-09-26,172789.44,8639.47,2026-10-11,,Pending
INV000566,PO000710,2026-09-20,14300779.61,2574140.33,2026-11-19,2026-11-25,Paid
INV000567,PO000711,2026-09-18,24724681.34,2966961.76,2026-11-17,2026-11-25,Paid
INV000568,PO000712,2026-09-10,14747210.16,737360.51,2026-10-25,,Pending
INV000569,PO000714,2026-09-13,25072094.3,4512976.97,2026-11-12,,Pending
INV000570,PO000715,2026-09-08,672198.68,120995.76,2026-10-23,2026-11-07,Paid
INV000571,PO000716,2026-09-21,3192867.64,383144.12,2026-11-20,2026-11-18,Paid
INV000572,PO000717,2026-09-08,18277697.34,2193323.68,2026-11-07,,Pending
INV000573,PO000718,2026-09-08,19530383.24,976519.16,2026-10-23,2026-11-04,Paid
INV000574,PO000719,2026-09-09,18377494.57,2205299.35,2026-10-24,2026-10-22,Paid
INV000575,PO000721,2026-09-26,1938443.54,232613.22,2026-10-11,,Overdue
INV000576,PO000723,2026-09-26,6249171.7,1124850.91,2026-11-10,,Pending
INV000577,PO000724,2026-09-17,8280065.88,414003.29,2026-11-01,,Pending
INV000578,PO000725,2026-09-13,2030171.4,243620.57,2026-10-28,2026-11-16,Paid
INV000579,PO000728,2026-09-24,24137083.41,2896450.01,2026-11-08,2026-11-21,Paid
INV000580,PO000730,2026-09-17,24642350.38,4435623.07,2026-11-16,,Pending
INV000581,PO000731,2026-09-20,5744928.55,287246.43,2026-10-20,2026-11-01,Paid
INV000582,PO000732,2026-09-15,13098617.43,654930.87,2026-09-30,2026-09-20,Paid
INV000583,PO000733,2026-09-25,30226319.02,3627158.28,2026-10-25,2026-11-05,Paid
INV000584,PO000734,2026-09-21,39953675.23,1997683.76,2026-11-20,,Pending
INV000585,PO000735,2026-09-11,6909155.91,1243648.06,2026-10-11,,Pending
INV000586,PO000736,2026-09-19,16746145.19,3014306.13,2026-11-03,,Overdue
INV000587,PO000737,2026-09-24,6456234.25,774748.11,2026-10-09,,Overdue
INV000588,PO000738,2026-09-25,1293318.39,155198.21,2026-10-25,,Pending
INV000589,PO000739,2026-09-19,29731662.82,1486583.14,2026-10-19,,Pending
INV000590,PO000740,2026-09-20,6615087.66,1190715.78,2026-10-05,2026-10-19,Paid
INV000591,PO000741,2026-09-21,13524719.47,1622966.34,2026-11-05,2026-11-12,Paid
INV000592,PO000744,2026-09-12,7953599.68,1431647.94,2026-10-27,2026-11-08,Paid
INV000593,PO000746,2026-09-18,26338889.28,1316944.46,2026-10-03,,Pending
INV000594,PO000747,2026-09-26,519961.82,62395.42,2026-10-11,,Pending
INV000595,PO000748,2026-09-18,8028023.94,401401.2,2026-11-17,,Pending
INV000596,PO000749,2026-09-21,33341073.57,6001393.24,2026-11-05,2026-11-03,Paid
INV000597,PO000750,2026-09-22,31528091.41,1576404.57,2026-11-21,2026-11-29,Paid
INV000598,PO000752,2026-09-09,16950182.48,3051032.85,2026-09-24,,Pending
INV000599,PO000753,2026-09-13,20183763.6,3633077.45,2026-11-12,,Overdue
INV000600,PO000754,2026-09-17,14432220.76,721611.04,2026-11-16,2026-11-16,Paid
INV000601,PO000755,2026-09-26,393078.48,19653.92,2026-11-10,2026-11-03,Paid
INV000602,PO000756,2026-09-19,17732648.41,3191876.71,2026-10-04,2026-10-07,Paid
INV000603,PO000757,2026-09-26,13111492.45,1573379.09,2026-10-11,,Pending
INV000604,PO000758,2026-09-26,29195789.58,5255242.12,2026-10-26,2026-10-17,Paid
INV000605,PO000760,2026-09-22,5955300.7,1071954.13,2026-10-07,2026-10-13,Paid
INV000606,PO000761,2026-09-09,6444856.59,322242.83,2026-10-09,2026-10-25,Paid
INV000607,PO000762,2026-09-25,176067.2,8803.36,2026-10-25,2026-11-14,Paid
INV000608,PO000763,2026-09-22,13114944.49,1573793.34,2026-10-22,2026-11-07,Paid
INV000609,PO000764,2026-09-20,12197351.42,2195523.26,2026-10-20,2026-10-29,Paid
INV000610,PO000765,2026-09-16,20709012.76,1035450.64,2026-10-01,2026-10-13,Paid
INV000611,PO000766,2026-09-19,16883151.0,3038967.18,2026-11-03,,Overdue
INV000612,PO000767,2026-09-26,551975.25,27598.76,2026-10-11,2026-10-19,Paid
INV000613,PO000768,2026-09-16,5352656.81,642318.82,2026-10-31,2026-10-28,Paid
INV000614,PO000769,2026-09-09,12992835.57,649641.78,2026-10-09,,Overdue
INV000615,PO000770,2026-09-21,19450501.07,3501090.19,2026-10-06,2026-10-09,Paid
INV000616,PO000771,2026-09-18,8915604.49,1604808.81,2026-11-02,2026-10-25,Paid
INV000617,PO000776,2026-09-11,21793004.79,1089650.24,2026-10-11,2026-10-19,Paid
INV000618,PO000777,2026-09-08,5474961.29,656995.35,2026-11-07,,Pending
INV000619,PO000778,2026-09-20,24406059.58,4393090.72,2026-11-04,2026-10-31,Paid
INV000620,PO000779,2026-09-25,18134271.19,2176112.54,2026-10-25,,Overdue
INV000621,PO000781,2026-09-13,2866949.25,516050.86,2026-11-12,2026-11-30,Paid
INV000622,PO000783,2026-09-16,18530611.23,926530.56,2026-10-31,,Pending
INV000623,PO000784,2026-09-14,22876055.91,2745126.71,2026-11-13,2026-11-12,Paid
INV000624,PO000785,2026-09-24,10910135.21,1963824.34,2026-11-08,2026-11-21,Paid
INV000625,PO000786,2026-09-14,14276129.83,713806.49,2026-10-14,,Pending
INV000626,PO000787,2026-09-22,6967638.89,348381.94,2026-10-07,,Pending
INV000627,PO000788,2026-09-25,8415830.76,420791.54,2026-10-10,,Pending
INV000628,PO000789,2026-09-12,5092772.73,611132.73,2026-09-27,2026-09-28,Paid
INV000629,PO000790,2026-09-13,20804169.87,1040208.49,2026-11-12,,Pending
INV000630,PO000792,2026-09-26,8383822.06,1509087.97,2026-10-26,2026-11-12,Paid
INV000631,PO000793,2026-09-16,18088341.1,3255901.4,2026-10-16,,Pending
INV000632,PO000795,2026-09-11,6956295.06,834755.41,2026-11-10,,Pending
INV000633,PO000797,2026-09-25,3172946.69,158647.33,2026-11-09,,Overdue
INV000634,PO000798,2026-09-09,15828011.46,791400.57,2026-11-08,,Pending
INV000635,PO000799,2026-09-12,574229.04,103361.23,2026-11-11,,Pending
INV000636,PO000800,2026-09-15,10491392.93,1258967.15,2026-11-14,,Overdue
INV000637,PO000801,2026-09-09,16825218.52,841260.93,2026-10-24,2026-10-28,Paid
INV000638,PO000802,2026-09-19,486243.64,87523.86,2026-10-19,,Overdue
INV000639,PO000803,2026-09-19,421810.8,75925.94,2026-11-18,2026-11-13,Paid
INV000640,PO000804,2026-09-16,4125018.94,206250.95,2026-10-31,,Pending
INV000641,PO000807,2026-09-14,8032115.52,401605.78,2026-09-29,2026-09-19,Paid
INV000642,PO000810,2026-09-16,8407200.18,420360.01,2026-10-31,2026-11-12,Paid
INV000643,PO000811,2026-09-07,1855208.85,222625.06,2026-09-22,,Overdue
INV000644,PO000812,2026-09-09,3795208.0,189760.4,2026-10-24,2026-11-08,Paid
INV000645,PO000814,2026-09-14,15130722.56,1815686.71,2026-09-29,2026-10-02,Paid
INV000646,PO000816,2026-09-18,12164229.13,1459707.5,2026-10-03,2026-10-12,Paid
INV000647,PO000821,2026-09-19,21601464.6,1080073.23,2026-11-03,2026-10-24,Paid
INV000648,PO000822,2026-09-09,12467233.84,2244102.09,2026-10-09,2026-10-05,Paid
INV000649,PO000824,2026-09-09,12617918.04,2271225.25,2026-09-24,2026-10-12,Paid
INV000650,PO000825,2026-09-10,19924015.69,3586322.82,2026-10-25,,Overdue
INV000651,PO000826,2026-09-16,8603751.61,1032450.19,2026-11-15,,Pending
INV000652,PO000827,2026-09-14,28638823.72,1431941.19,2026-10-14,,Pending
INV000653,PO000828,2026-09-08,19890517.08,3580293.07,2026-09-23,2026-10-04,Paid
INV000654,PO000829,2026-09-21,14332266.15,1719871.94,2026-10-21,2026-11-08,Paid
INV000655,PO000832,2026-09-21,33071124.53,3968534.94,2026-11-20,2026-12-05,Paid
INV000656,PO000833,2026-09-22,33141020.3,1657051.02,2026-10-07,2026-10-27,Paid
INV000657,PO000835,2026-09-10,21237433.95,3822738.11,2026-11-09,2026-11-13,Paid
INV000658,PO000836,2026-09-13,17433418.75,871670.94,2026-11-12,2026-11-04,Paid
INV000659,PO000837,2026-09-07,5262124.56,263106.23,2026-10-22,,Overdue
INV000660,PO000839,2026-09-12,1890686.11,226882.33,2026-10-12,2026-10-28,Paid
INV000661,PO000840,2026-09-24,37557211.81,6760298.13,2026-10-24,2026-11-13,Paid
INV000662,PO000841,2026-09-15,557466.91,27873.35,2026-09-30,,Pending
INV000663,PO000842,2026-09-09,18265750.4,913287.52,2026-11-08,2026-11-06,Paid
INV000664,PO000843,2026-09-25,14314538.92,1717744.67,2026-11-24,2026-11-19,Paid
INV000665,PO000845,2026-09-17,28530752.48,1426537.62,2026-11-01,2026-11-01,Paid
INV000666,PO000846,2026-09-24,14612826.1,2630308.7,2026-10-09,2026-10-25,Paid
INV000667,PO000848,2026-09-22,15465776.74,773288.84,2026-10-07,,Overdue
INV000668,PO000850,2026-09-07,9912415.61,495620.78,2026-10-22,2026-10-13,Paid
INV000669,PO000851,2026-09-09,21697605.05,2603712.61,2026-10-09,2026-10-21,Paid
INV000670,PO000853,2026-09-10,31045802.67,5588244.48,2026-10-25,,Overdue
INV000671,PO000855,2026-09-20,16430376.09,821518.8,2026-10-20,,Pending
INV000672,PO000856,2026-09-19,23443368.79,4219806.38,2026-10-19,2026-11-03,Paid
INV000673,PO000857,2026-09-22,6459233.92,775108.07,2026-11-21,,Pending
INV000674,PO000858,2026-09-08,15050925.14,1806111.02,2026-10-23,,Overdue
INV000675,PO000859,2026-09-17,11423864.42,1370863.73,2026-10-17,2026-10-22,Paid
INV000676,PO000860,2026-09-18,2587511.64,129375.58,2026-11-02,2026-10-28,Paid
INV000677,PO000861,2026-09-16,22158124.4,2658974.93,2026-10-31,2026-11-02,Paid
INV000678,PO000862,2026-09-25,20266947.29,2432033.67,2026-11-24,2026-12-08,Paid
INV000679,PO000863,2026-09-22,3651229.19,438147.5,2026-11-06,2026-11-19,Paid
INV000680,PO000864,2026-09-23,3545822.97,177291.15,2026-11-22,,Pending
INV000681,PO000865,2026-09-10,17575823.92,878791.2,2026-10-25,,Overdue
INV000682,PO000867,2026-09-24,8629551.0,431477.55,2026-11-23,2026-11-24,Paid
INV000683,PO000868,2026-09-24,18883176.37,944158.82,2026-10-09,,Overdue
INV000684,PO000869,2026-09-22,16644263.53,2995967.44,2026-11-06,2026-11-25,Paid
INV000685,PO000870,2026-09-22,12684357.22,634217.86,2026-10-22,,Pending
INV000686,PO000873,2026-09-22,24396972.16,4391454.99,2026-11-21,2026-12-09,Paid
INV000687,PO000874,2026-09-08,406882.0,48825.84,2026-10-23,2026-10-15,Paid
INV000688,PO000875,2026-09-16,3964029.12,475683.49,2026-10-16,,Overdue
INV000689,PO000876,2026-09-15,14242776.09,712138.8,2026-11-14,,Pending
INV000690,PO000877,2026-09-07,17290783.53,3112341.04,2026-09-22,2026-10-09,Paid
INV000691,PO000878,2026-09-08,22099940.9,1104997.04,2026-10-23,2026-10-20,Paid
INV000692,PO000879,2026-09-21,28488440.15,5127919.23,2026-11-20,2026-11-23,Paid
INV000693,PO000880,2026-09-23,3500310.86,420037.3,2026-11-22,2026-11-21,Paid
INV000694,PO000881,2026-09-11,599356.8,71922.82,2026-09-26,,Pending
INV000695,PO000882,2026-09-25,11775978.07,2119676.05,2026-10-10,2026-10-04,Paid
INV000696,PO000883,2026-09-07,21545231.91,2585427.83,2026-11-06,,Overdue
INV000697,PO000884,2026-09-09,22137882.84,2656545.94,2026-09-24,2026-09-27,Paid
INV000698,PO000886,2026-09-24,15130209.29,756510.46,2026-11-08,2026-11-11,Paid
INV000699,PO000889,2026-09-18,9791444.0,1762459.92,2026-11-17,2026-11-28,Paid
INV000700,PO000891,2026-09-14,3559851.5,640773.27,2026-11-13,,Pending
INV000701,PO000893,2026-09-20,14533858.46,2616094.52,2026-10-05,2026-10-05,Paid
INV000702,PO000894,2026-09-15,2968442.12,148422.11,2026-11-14,2026-11-14,Paid
INV000703,PO000897,2026-09-08,13841934.1,692096.71,2026-11-07,,Pending
INV000704,PO000898,2026-09-07,34236277.17,1711813.86,2026-11-06,2026-11-20,Paid
INV000705,PO000899,2026-09-10,7033021.46,1265943.86,2026-09-25,2026-10-13,Paid
INV000706,PO000900,2026-09-21,19406977.38,2328837.29,2026-11-05,2026-11-11,Paid
INV000707,PO000901,2026-09-16,25369372.6,3044324.71,2026-10-31,,Pending
INV000708,PO000902,2026-09-20,17398030.58,869901.53,2026-11-19,,Pending
INV000709,PO000903,2026-09-22,3942422.1,197121.11,2026-11-21,,Pending
INV000710,PO000904,2026-09-22,3046829.02,152341.45,2026-10-07,,Overdue
INV000711,PO000905,2026-09-12,1307003.19,65350.16,2026-10-12,2026-10-20,Paid
INV000712,PO000906,2026-09-10,9784659.89,1174159.19,2026-10-10,2026-10-30,Paid
INV000713,PO000907,2026-09-25,7053563.88,352678.19,2026-10-10,2026-10-05,Paid
INV000714,PO000908,2026-09-21,6577212.26,328860.61,2026-11-05,,Overdue
INV000715,PO000909,2026-09-22,23213006.66,4178341.2,2026-10-22,2026-10-25,Paid
INV000716,PO000910,2026-09-21,13307731.02,1596927.72,2026-10-06,,Overdue
INV000717,PO000914,2026-09-25,5618486.16,280924.31,2026-10-25,2026-10-26,Paid
INV000718,PO000915,2026-09-25,11442276.94,2059609.85,2026-11-09,2026-11-21,Paid
INV000719,PO000916,2026-09-21,7679618.46,1382331.32,2026-11-20,,Overdue
INV000720,PO000917,2026-09-24,2012779.14,362300.25,2026-10-09,2026-10-04,Paid
INV000721,PO000919,2026-09-12,21535246.82,2584229.62,2026-11-11,2026-11-02,Paid
INV000722,PO000920,2026-09-24,1660391.95,83019.6,2026-11-23,2026-12-06,Paid
INV000723,PO000921,2026-09-07,5665235.76,1019742.44,2026-09-22,2026-09-23,Paid
INV000724,PO000922,2026-09-22,31580921.97,5684565.95,2026-10-07,2026-10-24,Paid
INV000725,PO000925,2026-09-19,16073518.35,2893233.3,2026-10-19,2026-11-01,Paid
INV000726,PO000926,2026-09-19,39101476.09,7038265.7,2026-10-19,,Pending
INV000727,PO000927,2026-09-08,547783.92,27389.2,2026-10-23,2026-11-01,Paid
INV000728,PO000929,2026-09-18,22599637.37,4067934.73,2026-10-03,2026-09-26,Paid
INV000729,PO000930,2026-09-19,19797398.93,2375687.87,2026-11-18,2026-11-21,Paid
INV000730,PO000931,2026-09-20,19545311.98,977265.6,2026-11-19,2026-11-26,Paid
INV000731,PO000933,2026-09-19,5867587.45,1056165.74,2026-10-19,,Pending
INV000732,PO000934,2026-09-08,16858984.28,842949.21,2026-10-23,2026-11-09,Paid
INV000733,PO000935,2026-09-19,3768969.49,678414.51,2026-11-18,2026-12-07,Paid
INV000734,PO000936,2026-09-11,22006443.73,1100322.19,2026-10-11,2026-10-11,Paid
INV000735,PO000938,2026-09-15,15457374.86,1854884.98,2026-09-30,,Overdue
INV000736,PO000939,2026-09-07,26491231.85,3178947.82,2026-10-22,2026-10-31,Paid
INV000737,PO000940,2026-09-21,16113683.36,2900463.0,2026-11-20,2026-12-06,Paid
INV000738,PO000941,2026-09-24,7485228.69,898227.44,2026-10-09,,Overdue
INV000739,PO000943,2026-09-13,13389138.57,2410044.94,2026-10-28,2026-11-11,Paid
INV000740,PO000944,2026-09-08,19569551.65,978477.58,2026-09-23,,Pending
INV000741,PO000945,2026-09-19,11736151.2,1408338.14,2026-11-03,,Overdue
INV000742,PO000946,2026-09-16,5326093.93,266304.7,2026-10-16,2026-10-30,Paid
INV000743,PO000947,2026-09-07,37211238.11,4465348.57,2026-11-06,2026-11-03,Paid
INV000744,PO000948,2026-09-17,9600156.87,1728028.24,2026-11-16,2026-11-28,Paid
INV000745,PO000949,2026-09-24,2534752.98,456255.54,2026-11-23,2026-11-25,Paid
INV000746,PO000950,2026-09-15,19799169.07,3563850.43,2026-10-15,,Pending
INV000747,PO000951,2026-09-18,4077357.37,733924.33,2026-10-03,2026-10-02,Paid
INV000748,PO000952,2026-09-21,25159416.05,4528694.89,2026-10-06,2026-10-19,Paid
INV000749,PO000953,2026-09-24,2466063.2,123303.16,2026-10-09,2026-10-14,Paid
INV000750,PO000954,2026-09-07,11031264.37,551563.22,2026-11-06,,Overdue
INV000751,PO000956,2026-09-25,5875900.89,293795.04,2026-10-25,,Pending
INV000752,PO000958,2026-09-20,555968.89,66716.27,2026-11-04,2026-10-31,Paid
INV000753,PO000959,2026-09-07,13066977.33,2352055.92,2026-09-22,2026-10-11,Paid
INV000754,PO000960,2026-09-08,5136836.6,256841.83,2026-10-23,,Pending
INV000755,PO000961,2026-09-17,7251789.12,870214.69,2026-11-16,2026-12-04,Paid
INV000756,PO000962,2026-09-24,21400078.85,3852014.19,2026-10-09,,Overdue
INV000757,PO000963,2026-09-16,20182866.38,1009143.32,2026-11-15,2026-11-05,Paid
INV000758,PO000965,2026-09-19,4116418.41,205820.92,2026-10-19,,Overdue
INV000759,PO000966,2026-09-17,32368334.34,1618416.72,2026-11-16,2026-11-17,Paid
INV000760,PO000967,2026-09-17,406700.84,20335.04,2026-10-17,2026-10-18,Paid
INV000761,PO000968,2026-09-11,16815937.16,3026868.69,2026-10-26,2026-10-26,Paid
INV000762,PO000969,2026-09-18,10233275.72,511663.79,2026-10-03,2026-10-03,Paid
INV000763,PO000970,2026-09-12,27584197.81,3310103.74,2026-11-11,2026-11-03,Paid
INV000764,PO000971,2026-09-21,9715734.2,1748832.16,2026-11-20,2026-11-10,Paid
INV000765,PO000973,2026-09-18,1758541.04,87927.05,2026-10-18,,Overdue
INV000766,PO000974,2026-09-10,26866392.5,4835950.65,2026-10-25,2026-10-31,Paid
INV000767,PO000975,2026-09-07,6704443.22,804533.19,2026-09-22,2026-09-15,Paid
INV000768,PO000976,2026-09-11,12997031.87,649851.59,2026-09-26,,Pending
INV000769,PO000978,2026-09-15,1188666.75,213960.01,2026-09-30,2026-10-13,Paid
INV000770,PO000979,2026-09-18,13091023.01,654551.15,2026-11-02,,Pending
INV000771,PO000981,2026-09-25,1576111.47,283700.06,2026-10-25,2026-11-09,Paid
INV000772,PO000982,2026-09-11,22478053.79,2697366.45,2026-11-10,,Overdue
INV000773,PO000984,2026-09-11,11493074.22,1379168.91,2026-10-26,,Pending
INV000774,PO000985,2026-09-14,38238436.44,6882918.56,2026-11-13,,Overdue
INV000775,PO000986,2026-09-13,6528466.66,326423.33,2026-10-13,2026-10-08,Paid
INV000776,PO000988,2026-09-13,36677489.76,6601948.16,2026-09-28,,Pending
INV000777,PO000989,2026-09-08,2065456.18,247854.74,2026-11-07,2026-11-10,Paid
INV000778,PO000990,2026-09-08,870841.12,104500.93,2026-09-23,2026-09-22,Paid
INV000779,PO000991,2026-09-10,6045413.46,302270.67,2026-11-09,2026-11-18,Paid
INV000780,PO000992,2026-09-16,14525315.34,2614556.76,2026-10-01,2026-10-11,Paid
INV000781,PO000993,2026-09-17,3808730.88,685571.56,2026-10-02,,Overdue
INV000782,PO000996,2026-09-14,36232140.99,4347856.92,2026-11-13,,Overdue
INV000783,PO000997,2026-09-16,10851697.32,542584.87,2026-11-15,2026-11-11,Paid
INV000784,PO000998,2026-09-20,14525209.41,1743025.13,2026-10-20,2026-10-31,Paid
INV000785,PO000999,2026-09-16,13202555.38,2376459.97,2026-10-31,,Overdue
INV000786,PO001000,2026-09-15,23636145.15,2836337.42,2026-11-14,,Overdue
INV000787,PO001001,2026-09-10,3520222.72,422426.73,2026-09-25,,Overdue
INV000788,PO001003,2026-09-25,17119241.62,2054308.99,2026-10-10,2026-10-12,Paid
INV000789,PO001004,2026-09-14,424271.7,76368.91,2026-09-29,,Overdue
INV000790,PO001005,2026-09-21,4808615.58,865550.8,2026-11-20,,Pending
INV000791,PO001006,2026-09-14,13263589.65,663179.48,2026-09-29,2026-09-25,Paid
INV000792,PO001007,2026-09-07,8256308.96,990757.08,2026-10-07,2026-10-04,Paid
INV000793,PO001008,2026-09-14,16623959.78,2992312.76,2026-10-14,2026-10-25,Paid
INV000794,PO001009,2026-09-25,15580596.78,1869671.61,2026-10-10,2026-10-10,Paid
INV000795,PO001010,2026-09-07,624597.85,112427.61,2026-10-07,,Pending
INV000796,PO001011,2026-09-07,14302041.59,1716244.99,2026-09-22,2026-10-06,Paid
INV000797,PO001012,2026-09-16,10667614.77,533380.74,2026-11-15,,Pending
INV000798,PO001013,2026-09-20,10022872.73,1804117.09,2026-11-04,,Pending
INV000799,PO001014,2026-09-08,7975833.9,957100.07,2026-10-08,,Pending
INV000800,PO001016,2026-09-08,6410969.88,1153974.58,2026-10-08,,Pending
INV000801,PO001019,2026-09-17,10314153.56,1237698.43,2026-11-16,,Pending
INV000802,PO001020,2026-09-13,4755769.0,570692.28,2026-09-28,2026-09-24,Paid
INV000803,PO001021,2026-09-22,8929625.28,446481.26,2026-10-07,,Overdue
INV000804,PO001022,2026-09-23,10671469.35,533573.47,2026-10-23,2026-11-10,Paid
INV000805,PO001023,2026-09-08,14683409.19,2643013.65,2026-11-07,2026-10-30,Paid
INV000806,PO001024,2026-09-26,14003274.0,2520589.32,2026-10-26,2026-10-30,Paid
INV000807,PO001025,2026-09-22,20488081.79,1024404.09,2026-11-21,2026-11-14,Paid
INV000808,PO001026,2026-09-23,13094926.37,2357086.75,2026-11-22,2026-11-15,Paid
INV000809,PO001027,2026-09-07,19562877.83,3521318.01,2026-11-06,2026-11-08,Paid
INV000810,PO001030,2026-09-21,11389130.4,2050043.47,2026-10-21,,Overdue
INV000811,PO001031,2026-09-09,23224743.99,2786969.28,2026-11-08,2026-10-29,Paid
INV000812,PO001032,2026-09-19,16378647.65,1965437.72,2026-10-04,2026-10-09,Paid
INV000813,PO001033,2026-09-25,18948804.96,947440.25,2026-11-09,2026-11-10,Paid
INV000814,PO001034,2026-09-12,20699825.93,3725968.67,2026-10-27,,Pending
INV000815,PO001035,2026-09-17,1988583.33,357945.0,2026-10-02,,Pending
INV000816,PO001036,2026-09-24,12706924.62,635346.23,2026-11-23,,Overdue
INV000817,PO001037,2026-09-11,21573133.1,1078656.66,2026-10-26,2026-11-06,Paid
INV000818,PO001038,2026-09-26,9061075.99,1630993.68,2026-11-25,,Overdue
INV000819,PO001039,2026-09-21,25929191.63,1296459.58,2026-10-21,2026-10-12,Paid
INV000820,PO001040,2026-09-24,26506377.08,1325318.85,2026-10-24,2026-10-31,Paid
INV000821,PO001041,2026-09-07,123940.84,22309.35,2026-10-22,2026-10-20,Paid
INV000822,PO001042,2026-09-23,17907775.72,2148933.09,2026-10-08,2026-10-26,Paid
INV000823,PO001043,2026-09-24,6229152.27,311457.61,2026-10-24,2026-10-27,Paid
INV000824,PO001044,2026-09-17,7676476.36,1381765.74,2026-11-16,,Pending
INV000825,PO001045,2026-09-11,11421068.98,1370528.28,2026-09-26,2026-09-19,Paid
INV000826,PO001047,2026-09-13,6607973.22,330398.66,2026-09-28,,Pending
INV000827,PO001048,2026-09-20,17740627.09,3193312.88,2026-11-19,2026-11-10,Paid
INV000828,PO001049,2026-09-17,13528687.13,2435163.68,2026-11-16,2026-11-13,Paid
INV000829,PO001050,2026-09-07,1364913.35,245684.4,2026-11-06,,Overdue
INV000830,PO001052,2026-09-07,13592876.77,2446717.82,2026-10-07,,Pending
INV000831,PO001054,2026-09-23,18833055.19,941652.76,2026-11-07,2026-11-11,Paid
INV000832,PO001055,2026-09-10,11243041.55,562152.08,2026-11-09,,Overdue
INV000833,PO001056,2026-09-23,10888011.35,1306561.36,2026-10-08,2026-10-26,Paid
INV000834,PO001057,2026-09-09,11602997.68,1392359.72,2026-10-24,,Pending
INV000835,PO001059,2026-09-24,17372269.06,3127008.43,2026-10-09,2026-10-19,Paid
INV000836,PO001060,2026-09-21,2227499.76,111374.99,2026-10-06,2026-10-22,Paid
INV000837,PO001061,2026-09-12,8603339.7,430166.98,2026-11-11,2026-11-13,Paid
INV000838,PO001062,2026-09-11,422077.78,50649.33,2026-11-10,,Overdue
INV000839,PO001063,2026-09-26,14525446.17,1743053.54,2026-11-10,2026-11-06,Paid
INV000840,PO001064,2026-09-10,17659669.46,2119160.34,2026-10-10,,Pending
INV000841,PO001066,2026-09-14,23962530.94,4313255.57,2026-09-29,2026-10-09,Paid
INV000842,PO001067,2026-09-26,6055261.17,726631.34,2026-11-25,,Pending
INV000843,PO001070,2026-09-11,20843817.04,1042190.85,2026-10-26,2026-11-14,Paid
INV000844,PO001071,2026-09-21,4912471.67,884244.9,2026-11-05,,Pending
INV000845,PO001072,2026-09-15,4211129.44,210556.47,2026-09-30,2026-10-04,Paid
INV000846,PO001074,2026-09-21,7576128.15,909135.38,2026-11-20,,Pending
INV000847,PO001075,2026-09-11,20779677.92,1038983.9,2026-11-10,,Overdue
INV000848,PO001076,2026-09-17,25374019.76,3044882.37,2026-11-01,2026-11-01,Paid
INV000849,PO001077,2026-09-17,894438.37,160998.91,2026-11-01,2026-10-30,Paid
INV000850,PO001078,2026-09-17,9918579.28,1785344.27,2026-11-16,,Pending
INV000851,PO001080,2026-09-21,13969195.5,698459.78,2026-10-21,,Overdue
INV000852,PO001081,2026-09-26,3515406.52,175770.33,2026-11-25,2026-11-19,Paid
INV000853,PO001082,2026-09-20,16980248.5,2037629.82,2026-11-04,2026-11-07,Paid
INV000854,PO001083,2026-09-07,1590851.88,79542.59,2026-10-22,2026-10-15,Paid
INV000855,PO001085,2026-09-14,11720067.3,2109612.11,2026-10-14,,Pending
INV000856,PO001086,2026-09-14,14062214.01,2531198.52,2026-11-13,,Overdue
INV000857,PO001087,2026-09-23,7834346.78,391717.34,2026-10-23,,Overdue
INV000858,PO001088,2026-09-11,747261.54,37363.08,2026-11-10,2026-11-04,Paid
INV000859,PO001089,2026-09-18,1613298.12,290393.66,2026-11-02,,Pending
INV000860,PO001090,2026-09-23,22380301.8,4028454.32,2026-11-22,2026-11-30,Paid
INV000861,PO001091,2026-09-20,30597288.17,3671674.58,2026-10-05,2026-10-02,Paid
INV000862,PO001092,2026-09-18,17068161.63,2048179.4,2026-11-02,,Pending
INV000863,PO001093,2026-09-15,1201205.46,216216.98,2026-09-30,,Overdue
INV000864,PO001095,2026-09-16,12071624.27,603581.21,2026-11-15,2026-11-27,Paid
INV000865,PO001096,2026-09-16,4533806.6,816085.19,2026-10-16,,Pending
INV000866,PO001097,2026-09-11,12436659.26,1492399.11,2026-10-11,2026-10-01,Paid
INV000867,PO001098,2026-09-19,9711040.4,485552.02,2026-10-04,2026-09-28,Paid
INV000868,PO001101,2026-09-20,12081353.04,1449762.36,2026-11-04,,Pending
INV000869,PO001103,2026-09-08,9908124.06,1783462.33,2026-11-07,2026-11-06,Paid
INV000870,PO001104,2026-09-26,12598419.98,629921.0,2026-10-11,2026-10-02,Paid
INV000871,PO001105,2026-09-26,16331081.29,816554.06,2026-11-25,,Pending
INV000872,PO001106,2026-09-18,25762571.24,4637262.82,2026-11-02,2026-11-02,Paid
INV000873,PO001107,2026-09-16,10651384.3,1917249.17,2026-10-16,2026-10-07,Paid
INV000874,PO001108,2026-09-10,15195697.7,1823483.72,2026-10-25,,Pending
INV000875,PO001109,2026-09-11,9499740.27,1709953.25,2026-11-10,2026-11-27,Paid
INV000876,PO001110,2026-09-12,1611361.2,80568.06,2026-10-27,2026-11-12,Paid
INV000877,PO001111,2026-09-11,13005286.98,1560634.44,2026-11-10,2026-11-01,Paid
INV000878,PO001112,2026-09-22,6706376.73,335318.84,2026-10-22,2026-10-25,Paid
INV000879,PO001113,2026-09-19,9291204.15,1114944.5,2026-11-18,,Overdue
INV000880,PO001114,2026-09-10,36214640.76,1810732.04,2026-11-09,2026-11-19,Paid
INV000881,PO001115,2026-09-24,7062481.0,1271246.58,2026-11-23,2026-12-10,Paid
INV000882,PO001116,2026-09-10,27363697.31,3283643.68,2026-09-25,2026-10-06,Paid
INV000883,PO001119,2026-09-15,32667355.22,1633367.76,2026-10-15,2026-10-06,Paid
INV000884,PO001120,2026-09-07,532430.82,63891.7,2026-10-22,2026-10-16,Paid
INV000885,PO001121,2026-09-21,465572.87,55868.74,2026-11-05,2026-11-04,Paid
INV000886,PO001123,2026-09-25,29462696.16,5303285.31,2026-11-09,,Pending
INV000887,PO001127,2026-09-17,7678182.39,383909.12,2026-11-16,2026-11-07,Paid
INV000888,PO001128,2026-09-17,31612685.31,1580634.27,2026-11-01,,Pending
INV000889,PO001129,2026-09-22,2859881.98,514778.76,2026-11-06,2026-10-29,Paid
INV000890,PO001130,2026-09-20,1520402.52,76020.13,2026-10-20,,Overdue
INV000891,PO001131,2026-09-18,16152977.58,2907535.96,2026-11-02,2026-11-14,Paid
INV000892,PO001132,2026-09-24,16137485.09,2904747.32,2026-11-23,2026-11-24,Paid
INV000893,PO001133,2026-09-26,20172907.69,3631123.38,2026-11-25,2026-12-03,Paid
INV000894,PO001136,2026-09-12,19376059.47,968802.97,2026-10-27,2026-11-07,Paid
INV000895,PO001137,2026-09-18,2839223.72,340706.85,2026-10-18,,Overdue
INV000896,PO001140,2026-09-12,21744742.0,1087237.1,2026-09-27,2026-09-29,Paid
INV000897,PO001141,2026-09-15,10746099.85,1934297.97,2026-10-15,2026-11-03,Paid
INV000898,PO001143,2026-09-14,11954150.81,2151747.15,2026-10-14,,Overdue
INV000899,PO001144,2026-09-22,20330904.57,2439708.55,2026-11-06,2026-11-16,Paid
INV000900,PO001146,2026-09-16,2447705.16,122385.26,2026-10-16,2026-10-24,Paid
INV000901,PO001148,2026-09-16,26089149.59,3130697.95,2026-11-15,,Overdue
INV000902,PO001149,2026-09-20,34428095.33,4131371.44,2026-11-04,2026-11-03,Paid
INV000903,PO001150,2026-09-22,19266839.79,2312020.77,2026-10-22,2026-11-01,Paid
INV000904,PO001151,2026-09-19,11883381.92,2139008.75,2026-11-03,,Overdue
INV000905,PO001153,2026-09-22,9058872.29,452943.61,2026-10-22,2026-10-15,Paid
INV000906,PO001154,2026-09-25,19599320.49,979966.02,2026-11-24,,Pending
INV000907,PO001155,2026-09-09,10818358.75,540917.94,2026-09-24,,Overdue
INV000908,PO001156,2026-09-25,1385193.48,166223.22,2026-11-09,2026-11-04,Paid
INV000909,PO001157,2026-09-26,13397075.13,2411473.52,2026-10-26,,Overdue
INV000910,PO001158,2026-09-25,7238008.4,361900.42,2026-10-10,,Pending
INV000911,PO001159,2026-09-15,677983.25,33899.16,2026-09-30,2026-10-06,Paid
INV000912,PO001161,2026-09-11,26497029.11,3179643.49,2026-10-26,,Overdue
INV000913,PO001162,2026-09-18,38344056.37,6901930.15,2026-11-17,2026-12-07,Paid
INV000914,PO001163,2026-09-12,24626314.68,2955157.76,2026-09-27,2026-09-27,Paid
INV000915,PO001164,2026-09-18,15485622.65,1858274.72,2026-10-03,2026-10-17,Paid
INV000916,PO001165,2026-09-23,5605662.74,1009019.29,2026-11-07,2026-11-05,Paid
INV000917,PO001168,2026-09-18,19932921.63,2391950.6,2026-11-02,2026-11-12,Paid
INV000918,PO001169,2026-09-11,13647223.5,682361.18,2026-10-26,2026-11-14,Paid
INV000919,PO001170,2026-09-15,18797174.49,2255660.94,2026-09-30,,Pending
INV000920,PO001171,2026-09-07,2048668.8,368760.38,2026-09-22,,Pending
INV000921,PO001172,2026-09-13,13589484.15,679474.21,2026-10-13,,Overdue
INV000922,PO001173,2026-09-17,18939939.13,3409189.04,2026-11-01,2026-11-01,Paid
INV000923,PO001174,2026-09-21,1529782.0,275360.76,2026-11-05,2026-11-14,Paid
INV000924,PO001175,2026-09-07,10219580.01,1839524.4,2026-11-06,2026-11-18,Paid
INV000925,PO001176,2026-09-10,13279957.0,663997.85,2026-10-10,2026-10-20,Paid
INV000926,PO001178,2026-09-10,1524358.08,76217.9,2026-10-10,,Pending
INV000927,PO001179,2026-09-16,11185530.96,2013395.57,2026-10-16,2026-10-27,Paid
INV000928,PO001182,2026-09-23,12532862.8,626643.14,2026-11-07,2026-11-05,Paid
INV000929,PO001183,2026-09-22,21028813.19,3785186.37,2026-10-22,,Pending
INV000930,PO001184,2026-09-21,29181429.45,1459071.47,2026-11-20,2026-11-21,Paid
INV000931,PO001186,2026-09-07,17715813.48,2125897.62,2026-09-22,,Overdue
INV000932,PO001187,2026-09-18,17562476.24,3161245.72,2026-10-03,,Pending
INV000933,PO001188,2026-09-11,2323978.94,278877.47,2026-10-11,2026-10-15,Paid
INV000934,PO001189,2026-09-19,35015873.68,1750793.68,2026-11-03,2026-10-28,Paid
INV000935,PO001190,2026-09-20,2988036.32,358564.36,2026-11-19,2026-11-09,Paid
INV000936,PO001192,2026-09-22,503705.52,90666.99,2026-10-07,2026-10-20,Paid
INV000937,PO001193,2026-09-22,3365684.4,168284.22,2026-11-21,,Overdue
INV000938,PO001194,2026-09-26,22594913.45,4067084.42,2026-10-26,,Pending
INV000939,PO001195,2026-09-26,20353196.57,3663575.38,2026-11-25,,Pending
INV000940,PO001196,2026-09-17,16706206.36,835310.32,2026-10-17,,Overdue
INV000941,PO001197,2026-09-25,31126632.93,5602793.93,2026-11-24,2026-11-26,Paid
INV000942,PO001198,2026-09-25,9733633.78,486681.69,2026-11-09,2026-11-07,Paid
INV000943,PO001199,2026-09-15,16749916.92,837495.85,2026-10-15,,Overdue
INV000944,PO001200,2026-09-18,11932680.16,1431921.62,2026-10-18,,Overdue
INV000945,PO001201,2026-09-12,31245691.12,3749482.93,2026-10-12,,Overdue
INV000946,PO001202,2026-09-07,25292801.07,1264640.05,2026-11-06,2026-10-30,Paid
INV000947,PO001203,2026-09-17,9980333.27,1796459.99,2026-11-01,2026-11-06,Paid
INV000948,PO001204,2026-09-16,10239879.7,1228785.56,2026-11-15,2026-11-16,Paid
INV000949,PO001205,2026-09-17,2265870.75,407856.73,2026-10-17,2026-11-06,Paid
INV000950,PO001206,2026-09-13,9539858.04,476992.9,2026-11-12,,Overdue
INV000951,PO001207,2026-09-14,4591776.13,229588.81,2026-10-14,2026-10-30,Paid
INV000952,PO001208,2026-09-22,24597206.44,2951664.77,2026-11-21,2026-11-30,Paid
INV000953,PO001209,2026-09-20,22624084.71,4072335.25,2026-10-05,,Pending
INV000954,PO001212,2026-09-19,294318.04,35318.16,2026-10-04,2026-09-27,Paid
INV000955,PO001214,2026-09-07,13073885.19,653694.26,2026-09-22,2026-09-27,Paid
INV000956,PO001215,2026-09-23,8035703.16,964284.38,2026-11-07,,Overdue
INV000957,PO001216,2026-09-25,36020022.18,4322402.66,2026-11-24,2026-12-08,Paid
INV000958,PO001217,2026-09-07,21314532.49,2557743.9,2026-09-22,2026-10-12,Paid
INV000959,PO001218,2026-09-17,4802978.28,240148.91,2026-10-02,,Pending
INV000960,PO001219,2026-09-13,4607942.43,230397.12,2026-09-28,2026-10-16,Paid
INV000961,PO001220,2026-09-13,4315446.81,517853.62,2026-11-12,,Overdue
INV000962,PO001221,2026-09-13,7463342.48,373167.12,2026-11-12,,Overdue
INV000963,PO001222,2026-09-12,17695205.68,3185137.02,2026-11-11,2026-11-22,Paid
INV000964,PO001224,2026-09-19,6145073.14,307253.66,2026-10-19,,Pending
INV000965,PO001225,2026-09-23,18516002.09,3332880.38,2026-11-22,2026-11-18,Paid
INV000966,PO001226,2026-09-09,7910491.51,395524.58,2026-10-24,2026-11-04,Paid
INV000967,PO001227,2026-09-15,21773717.72,1088685.89,2026-11-14,2026-12-01,Paid
INV000968,PO001228,2026-09-07,8781958.63,1053835.04,2026-10-22,,Pending
INV000969,PO001229,2026-09-26,10762709.13,538135.46,2026-10-11,2026-10-28,Paid
INV000970,PO001230,2026-09-16,6674669.28,800960.31,2026-10-31,2026-11-08,Paid
INV000971,PO001231,2026-09-25,19897934.96,2387752.2,2026-11-09,2026-11-20,Paid
INV000972,PO001232,2026-09-25,9268665.89,1668359.86,2026-11-24,2026-12-04,Paid
INV000973,PO001233,2026-09-15,5186598.42,933587.72,2026-10-15,,Overdue
INV000974,PO001234,2026-09-15,9907597.22,495379.86,2026-10-15,,Pending
INV000975,PO001236,2026-09-21,33161799.77,5969123.96,2026-10-06,2026-10-10,Paid
INV000976,PO001237,2026-09-14,12765183.0,2297732.94,2026-11-13,,Overdue
INV000977,PO001238,2026-09-17,57090.9,2854.55,2026-11-16,2026-11-16,Paid
INV000978,PO001240,2026-09-10,183222.9,32980.12,2026-10-10,2026-10-02,Paid
INV000979,PO001243,2026-09-10,25118763.32,1255938.17,2026-10-10,2026-10-20,Paid
INV000980,PO001244,2026-09-24,12420781.94,1490493.83,2026-11-23,2026-11-13,Paid
INV000981,PO001246,2026-09-22,34148151.78,4097778.21,2026-10-07,2026-10-05,Paid
INV000982,PO001248,2026-09-18,41409369.39,4969124.33,2026-11-17,2026-11-26,Paid
INV000983,PO001249,2026-09-20,4398453.2,527814.38,2026-11-19,,Pending
INV000984,PO001250,2026-09-07,9737108.15,486855.41,2026-10-22,2026-11-03,Paid
INV000985,PO001251,2026-09-15,10424792.13,521239.61,2026-10-30,2026-11-13,Paid
INV000986,PO001252,2026-09-09,2206466.58,110323.33,2026-10-09,,Pending
INV000987,PO001253,2026-09-18,9058228.99,1086987.48,2026-11-17,,Pending
INV000988,PO001254,2026-09-16,14748183.76,1769782.05,2026-10-31,,Pending
INV000989,PO001256,2026-09-19,9485548.53,1138265.82,2026-11-18,2026-12-01,Paid
INV000990,PO001257,2026-09-11,7620606.85,1371709.23,2026-11-10,,Pending
INV000991,PO001258,2026-09-16,16260436.55,813021.83,2026-10-01,2026-09-21,Paid
INV000992,PO001259,2026-09-20,5295915.1,953264.72,2026-11-04,,Overdue
INV000993,PO001260,2026-09-07,11369422.91,2046496.12,2026-10-07,2026-10-04,Paid
INV000994,PO001261,2026-09-08,18532566.27,3335861.93,2026-10-23,,Pending
INV000995,PO001262,2026-09-12,6730201.69,336510.08,2026-10-27,,Pending
INV000996,PO001263,2026-09-07,5870061.02,704407.32,2026-09-22,,Pending
INV000997,PO001264,2026-09-17,20872822.06,1043641.1,2026-11-16,2026-12-02,Paid
INV000998,PO001265,2026-09-07,538362.38,64603.49,2026-10-07,2026-10-02,Paid
INV000999,PO001266,2026-09-24,25810447.33,4645880.52,2026-10-09,,Pending
INV001000,PO001268,2026-09-23,21793674.59,1089683.73,2026-11-22,2026-11-30,Paid
INV001001,PO001271,2026-09-13,3881943.56,194097.18,2026-11-12,2026-11-13,Paid
INV001002,PO001272,2026-09-08,21789657.26,2614758.87,2026-09-23,2026-09-26,Paid
INV001003,PO001276,2026-09-19,2462260.08,123113.0,2026-11-18,,Overdue
INV001004,PO001277,2026-09-08,2348150.16,117407.51,2026-11-07,,Pending
INV001005,PO001278,2026-09-08,520376.44,62445.17,2026-09-23,2026-09-16,Paid
INV001006,PO001279,2026-09-10,11264071.49,1351688.58,2026-11-09,,Pending
INV001007,PO001280,2026-09-26,1014931.58,121791.79,2026-10-26,2026-11-04,Paid
INV001008,PO001281,2026-09-25,17800435.51,2136052.26,2026-11-24,,Pending
INV001009,PO001282,2026-09-08,28050947.45,5049170.54,2026-11-07,2026-11-14,Paid
INV001010,PO001283,2026-09-21,10017338.64,1202080.64,2026-11-20,2026-12-07,Paid
INV001011,PO001286,2026-09-11,36929838.0,1846491.9,2026-10-11,2026-10-17,Paid
INV001012,PO001287,2026-09-22,1696871.12,305436.8,2026-11-06,,Pending
INV001013,PO001289,2026-09-21,15525827.56,2794648.96,2026-10-21,2026-11-04,Paid
INV001014,PO001290,2026-09-13,5234914.06,628189.69,2026-10-28,,Overdue
INV001015,PO001291,2026-09-19,11236339.37,2022541.09,2026-11-18,,Overdue
INV001016,PO001295,2026-09-20,11196995.24,559849.76,2026-11-19,2026-12-08,Paid
INV001017,PO001296,2026-09-23,23699821.01,1184991.05,2026-10-23,2026-11-09,Paid
INV001018,PO001297,2026-09-08,3487367.64,627726.18,2026-11-07,2026-11-25,Paid
INV001019,PO001298,2026-09-17,3263574.6,391628.95,2026-11-16,2026-11-24,Paid
INV001020,PO001299,2026-09-18,14693695.6,734684.78,2026-10-03,2026-10-20,Paid
INV001021,PO001301,2026-09-13,10086799.51,1210415.94,2026-11-12,2026-11-25,Paid
INV001022,PO001302,2026-09-09,26035899.59,1301794.98,2026-10-24,,Pending
INV001023,PO001303,2026-09-21,19200376.08,3456067.69,2026-10-06,2026-09-26,Paid
INV001024,PO001304,2026-09-24,1588132.56,79406.63,2026-10-24,2026-11-07,Paid
INV001025,PO001305,2026-09-19,1905430.38,228651.65,2026-10-04,2026-10-08,Paid
INV001026,PO001306,2026-09-09,4022256.41,482670.77,2026-10-24,2026-11-01,Paid
INV001027,PO001307,2026-09-15,8122845.56,1462112.2,2026-10-15,2026-10-26,Paid
INV001028,PO001309,2026-09-10,17307691.71,2076923.01,2026-11-09,2026-11-14,Paid
INV001029,PO001311,2026-09-24,20750746.91,1037537.35,2026-10-24,2026-11-11,Paid
INV001030,PO001312,2026-09-26,32876253.76,1643812.69,2026-11-10,2026-11-16,Paid
INV001031,PO001314,2026-09-09,1406288.99,253132.02,2026-10-09,,Pending
INV001032,PO001315,2026-09-25,21777706.96,1088885.35,2026-10-10,2026-10-28,Paid
INV001033,PO001316,2026-09-21,978962.44,176213.24,2026-10-06,2026-10-09,Paid
INV001034,PO001317,2026-09-16,1945875.92,233505.11,2026-10-31,2026-11-14,Paid
INV001035,PO001318,2026-09-18,4425707.46,796627.34,2026-10-03,2026-09-26,Paid
INV001036,PO001319,2026-09-26,4450492.16,222524.61,2026-11-10,2026-11-15,Paid
INV001037,PO001320,2026-09-24,11738355.98,2112904.08,2026-10-09,2026-10-18,Paid
INV001038,PO001321,2026-09-12,19406422.27,2328770.67,2026-09-27,2026-10-06,Paid
INV001039,PO001322,2026-09-23,1869139.12,224296.69,2026-10-08,,Pending
INV001040,PO001323,2026-09-23,22551915.84,1127595.79,2026-11-07,2026-11-24,Paid
INV001041,PO001325,2026-09-09,1607888.64,192946.64,2026-11-08,,Pending
INV001042,PO001326,2026-09-10,5568319.67,278415.98,2026-11-09,,Pending
INV001043,PO001327,2026-09-11,9304257.43,1674766.34,2026-10-26,2026-10-16,Paid
INV001044,PO001328,2026-09-20,5482806.96,657936.84,2026-10-05,,Overdue
INV001045,PO001329,2026-09-07,18104893.68,2172587.24,2026-10-22,,Overdue
INV001046,PO001331,2026-09-11,3937620.0,472514.4,2026-09-26,2026-10-05,Paid
INV001047,PO001332,2026-09-22,2701634.7,324196.16,2026-11-06,,Pending
INV001048,PO001333,2026-09-12,3833796.26,460055.55,2026-09-27,2026-09-24,Paid
INV001049,PO001335,2026-09-08,1012102.5,50605.12,2026-09-23,2026-09-15,Paid
INV001050,PO001339,2026-09-23,12865385.4,1543846.25,2026-10-08,,Pending
INV001051,PO001340,2026-09-18,57267589.13,10308166.04,2026-11-17,2026-12-01,Paid
INV001052,PO001342,2026-09-11,23876811.09,4297826.0,2026-10-26,,Overdue
INV001053,PO001343,2026-09-16,10617196.84,1911095.43,2026-11-15,,Pending
INV001054,PO001344,2026-09-15,9752764.42,1755497.6,2026-09-30,,Overdue
INV001055,PO001345,2026-09-15,35490268.91,6388248.4,2026-10-30,,Overdue
INV001056,PO001346,2026-09-13,28115186.99,1405759.35,2026-10-28,2026-11-06,Paid
INV001057,PO001347,2026-09-25,689555.68,34477.78,2026-10-10,2026-10-04,Paid
INV001058,PO001348,2026-09-19,33628733.97,1681436.7,2026-10-19,2026-11-07,Paid
INV001059,PO001349,2026-09-26,17584572.56,879228.63,2026-10-26,,Pending
INV001060,PO001350,2026-09-22,8775205.64,1579537.02,2026-11-21,2026-11-28,Paid
INV001061,PO001351,2026-09-17,14000389.76,2520070.16,2026-11-01,2026-11-04,Paid
INV001062,PO001352,2026-09-23,20468141.79,1023407.09,2026-10-23,,Overdue
INV001063,PO001354,2026-09-18,26482434.28,4766838.17,2026-11-02,2026-10-29,Paid
INV001064,PO001356,2026-09-15,14069475.86,1688337.1,2026-10-15,2026-10-12,Paid
INV001065,PO001357,2026-09-23,14905022.26,2682904.01,2026-10-08,2026-10-01,Paid
INV001066,PO001360,2026-09-17,6385994.16,1149478.95,2026-11-01,,Pending
INV001067,PO001361,2026-09-19,21121950.4,3801951.07,2026-11-03,2026-11-14,Paid
INV001068,PO001362,2026-09-18,1049521.32,52476.07,2026-10-18,,Overdue
INV001069,PO001363,2026-09-24,21039848.81,2524781.86,2026-11-08,2026-11-03,Paid
INV001070,PO001364,2026-09-13,43335691.05,5200282.93,2026-10-28,2026-11-03,Paid
INV001071,PO001365,2026-09-13,30647875.95,5516617.67,2026-11-12,2026-11-05,Paid
INV001072,PO001366,2026-09-21,2615939.01,313912.68,2026-10-21,2026-10-15,Paid
INV001073,PO001368,2026-09-14,15594330.23,779716.51,2026-10-29,2026-10-27,Paid
INV001074,PO001369,2026-09-11,4503437.34,225171.87,2026-10-11,,Overdue
INV001075,PO001370,2026-09-18,14267290.85,2568112.35,2026-11-17,,Overdue
INV001076,PO001371,2026-09-20,7201087.71,864130.53,2026-11-19,2026-11-26,Paid
INV001077,PO001372,2026-09-07,21313436.53,2557612.38,2026-10-07,2026-10-08,Paid
INV001078,PO001373,2026-09-07,36875769.05,1843788.45,2026-11-06,2026-11-23,Paid
INV001079,PO001374,2026-09-17,20516764.83,2462011.78,2026-10-02,2026-10-17,Paid
INV001080,PO001375,2026-09-23,20178045.96,1008902.3,2026-11-07,2026-11-12,Paid
INV001081,PO001376,2026-09-24,22217197.94,1110859.9,2026-11-23,2026-11-24,Paid
INV001082,PO001377,2026-09-18,9344076.52,1681933.77,2026-11-17,2026-11-25,Paid
INV001083,PO001378,2026-09-13,25988275.49,4677889.59,2026-11-12,2026-11-26,Paid
INV001084,PO001379,2026-09-20,31748304.48,1587415.22,2026-11-04,,Overdue
INV001085,PO001380,2026-09-21,20556121.52,3700101.87,2026-10-21,,Pending
INV001086,PO001382,2026-09-07,9877795.79,1778003.24,2026-09-22,2026-09-23,Paid
INV001087,PO001384,2026-09-24,21946030.65,1097301.53,2026-10-24,,Pending
INV001088,PO001385,2026-09-11,25395314.05,1269765.7,2026-09-26,,Pending
INV001089,PO001386,2026-09-21,19787622.11,2374514.65,2026-10-06,2026-09-28,Paid
INV001090,PO001387,2026-09-18,8683699.18,434184.96,2026-10-18,,Pending
INV001091,PO001388,2026-09-07,26846899.51,1342344.98,2026-10-22,2026-11-07,Paid
INV001092,PO001389,2026-09-16,32901617.71,3948194.13,2026-11-15,2026-11-29,Paid
INV001093,PO001390,2026-09-19,33110946.48,5959970.37,2026-11-18,2026-12-01,Paid
INV001094,PO001392,2026-09-22,13544844.76,677242.24,2026-10-22,,Pending
INV001095,PO001394,2026-09-25,145573.88,26203.3,2026-11-24,2026-11-30,Paid
INV001096,PO001395,2026-09-07,17309050.31,3115629.06,2026-10-22,2026-10-28,Paid
INV001097,PO001396,2026-09-12,10470620.74,1884711.73,2026-09-27,2026-10-09,Paid
INV001098,PO001397,2026-09-11,17001544.6,3060278.03,2026-10-11,,Overdue
INV001099,PO001398,2026-09-19,19094201.17,2291304.14,2026-11-18,2026-12-05,Paid
INV001100,PO001399,2026-09-13,8088557.83,1455940.41,2026-11-12,,Pending
INV001101,PO001401,2026-09-15,22975552.29,2757066.27,2026-10-30,2026-10-25,Paid
INV001102,PO001402,2026-09-17,5123583.6,614830.03,2026-10-17,2026-10-11,Paid
INV001103,PO001403,2026-09-07,1763867.42,317496.14,2026-10-07,2026-10-21,Paid
INV001104,PO001404,2026-09-20,38699579.69,4643949.56,2026-11-04,2026-11-12,Paid
INV001105,PO001405,2026-09-25,4581439.21,824659.06,2026-11-24,2026-11-20,Paid
INV001106,PO001406,2026-09-23,8832236.66,441611.83,2026-11-22,2026-11-29,Paid
INV001107,PO001407,2026-09-19,1354164.0,67708.2,2026-11-18,,Overdue
INV001108,PO001408,2026-09-25,16502221.82,2970399.93,2026-10-25,,Overdue
INV001109,PO001409,2026-09-26,10634812.29,1276177.47,2026-11-10,2026-11-01,Paid
INV001110,PO001410,2026-09-19,14960352.57,2692863.46,2026-10-19,,Overdue
INV001111,PO001411,2026-09-11,1809479.76,325706.36,2026-10-11,2026-10-13,Paid
INV001112,PO001412,2026-09-11,11920976.52,2145775.77,2026-11-10,2026-11-09,Paid
INV001113,PO001413,2026-09-12,11131051.19,1335726.14,2026-10-27,,Pending
INV001114,PO001414,2026-09-10,13833122.13,691656.11,2026-10-10,,Pending
INV001115,PO001415,2026-09-13,3347432.3,602537.81,2026-09-28,2026-09-30,Paid
INV001116,PO001416,2026-09-26,16808498.07,2017019.77,2026-11-25,2026-11-25,Paid
INV001117,PO001418,2026-09-08,1834559.32,330220.68,2026-11-07,,Overdue
INV001118,PO001419,2026-09-16,8831256.59,441562.83,2026-10-16,2026-10-16,Paid
INV001119,PO001420,2026-09-12,10015852.69,1802853.48,2026-09-27,,Overdue
INV001120,PO001421,2026-09-23,28416548.59,5114978.75,2026-11-22,2026-11-28,Paid
INV001121,PO001422,2026-09-09,17658783.94,882939.2,2026-09-24,,Pending
INV001122,PO001423,2026-09-10,22335431.95,2680251.83,2026-10-10,2026-10-22,Paid
INV001123,PO001424,2026-09-19,25774529.55,1288726.48,2026-10-19,,Pending
INV001124,PO001425,2026-09-23,3745729.96,187286.5,2026-11-07,,Overdue
INV001125,PO001426,2026-09-23,2362988.64,283558.64,2026-11-07,2026-11-03,Paid
INV001126,PO001428,2026-09-22,4872263.55,243613.18,2026-10-07,2026-10-02,Paid
INV001127,PO001429,2026-09-20,12945396.73,2330171.41,2026-11-19,,Pending
INV001128,PO001430,2026-09-20,2918552.9,145927.64,2026-10-20,2026-11-01,Paid
INV001129,PO001431,2026-09-25,2354314.38,117715.72,2026-10-10,2026-10-07,Paid
INV001130,PO001432,2026-09-23,8326908.13,999228.98,2026-10-23,2026-11-06,Paid
INV001131,PO001433,2026-09-25,18090267.03,2170832.04,2026-11-24,2026-12-14,Paid
INV001132,PO001434,2026-09-19,18995080.97,3419114.57,2026-11-03,2026-10-27,Paid
INV001133,PO001435,2026-09-24,17178670.93,858933.55,2026-10-09,2026-10-24,Paid
INV001134,PO001436,2026-09-23,11341940.55,2041549.3,2026-11-22,2026-11-26,Paid
INV001135,PO001437,2026-09-12,16202867.3,2916516.11,2026-09-27,2026-09-20,Paid
INV001136,PO001438,2026-09-10,26035807.58,1301790.38,2026-11-09,2026-11-18,Paid
INV001137,PO001440,2026-09-21,1350500.01,162060.0,2026-11-20,2026-11-16,Paid
INV001138,PO001441,2026-09-08,9231724.5,461586.23,2026-10-08,2026-10-02,Paid
INV001139,PO001442,2026-09-09,7971949.68,956633.96,2026-09-24,,Pending
INV001140,PO001443,2026-09-07,16747633.05,2009715.97,2026-10-07,2026-10-24,Paid
INV001141,PO001445,2026-09-11,10614888.46,1273786.62,2026-10-26,,Overdue
INV001142,PO001447,2026-09-24,5278504.67,950130.84,2026-10-09,2026-10-16,Paid
INV001143,PO001449,2026-09-17,3397443.39,611539.81,2026-10-17,2026-10-20,Paid
INV001144,PO001450,2026-09-13,21878981.2,1093949.06,2026-10-28,2026-10-30,Paid
INV001145,PO001451,2026-09-18,13159895.62,657994.78,2026-11-17,2026-12-05,Paid
INV001146,PO001452,2026-09-19,30289629.84,1514481.49,2026-10-04,2026-10-12,Paid
INV001147,PO001453,2026-09-18,9715592.6,485779.63,2026-10-03,2026-09-23,Paid
INV001148,PO001455,2026-09-09,22334861.32,2680183.36,2026-10-09,2026-10-01,Paid
INV001149,PO001456,2026-09-14,7935641.2,952276.94,2026-10-14,2026-10-10,Paid
INV001150,PO001457,2026-09-24,21753533.56,3915636.04,2026-10-09,2026-10-05,Paid
INV001151,PO001458,2026-09-21,29754062.19,1487703.11,2026-10-21,2026-11-07,Paid
INV001152,PO001460,2026-09-25,14092042.53,2536567.66,2026-10-10,,Overdue
INV001153,PO001461,2026-09-16,31775935.73,1588796.79,2026-10-01,2026-10-03,Paid
INV001154,PO001463,2026-09-26,8069000.8,968280.1,2026-10-11,2026-10-27,Paid
INV001155,PO001464,2026-09-19,22330086.74,1116504.34,2026-11-18,,Pending
INV001156,PO001465,2026-09-11,22199808.57,2663977.03,2026-10-11,2026-10-21,Paid
INV001157,PO001466,2026-09-16,13698900.27,1643868.03,2026-10-01,,Overdue
INV001158,PO001467,2026-09-24,1728957.4,86447.87,2026-11-23,2026-12-05,Paid
INV001159,PO001468,2026-09-18,4586068.66,229303.43,2026-10-18,2026-10-19,Paid
INV001160,PO001469,2026-09-07,1346033.6,67301.68,2026-11-06,2026-11-09,Paid
INV001161,PO001470,2026-09-11,1921405.9,230568.71,2026-09-26,2026-09-25,Paid
INV001162,PO001471,2026-09-25,13384412.7,1606129.52,2026-11-24,2026-11-29,Paid
INV001163,PO001472,2026-09-14,8678279.92,433914.0,2026-10-29,2026-11-13,Paid
INV001164,PO001475,2026-09-17,40617338.19,2030866.91,2026-10-17,2026-10-28,Paid
INV001165,PO001476,2026-09-11,7818504.51,390925.23,2026-11-10,,Pending
INV001166,PO001477,2026-09-13,20117172.33,1005858.62,2026-10-13,2026-10-03,Paid
INV001167,PO001478,2026-09-22,15532248.35,1863869.8,2026-10-07,2026-10-07,Paid
INV001168,PO001479,2026-09-25,24928459.92,4487122.79,2026-11-24,,Pending
INV001169,PO001480,2026-09-17,271887.1,13594.35,2026-10-17,,Overdue
INV001170,PO001481,2026-09-08,15099953.94,754997.7,2026-11-07,2026-11-18,Paid
INV001171,PO001482,2026-09-23,19627131.58,2355255.79,2026-11-22,2026-11-18,Paid
INV001172,PO001483,2026-09-14,3526707.97,634807.43,2026-09-29,,Overdue
INV001173,PO001485,2026-09-17,8964850.34,1613673.06,2026-10-02,2026-09-22,Paid
INV001174,PO001486,2026-09-24,19472096.94,2336651.63,2026-10-09,,Pending
INV001175,PO001487,2026-09-11,11012423.6,1982236.25,2026-11-10,,Pending
INV001176,PO001488,2026-09-18,1064792.54,53239.63,2026-10-03,2026-10-06,Paid
INV001177,PO001489,2026-09-23,1232949.08,61647.45,2026-10-08,2026-10-10,Paid
INV001178,PO001490,2026-09-18,29809327.76,1490466.39,2026-10-03,2026-10-11,Paid
INV001179,PO001491,2026-09-15,26123414.56,4702214.62,2026-10-30,2026-11-05,Paid
INV001180,PO001492,2026-09-16,10212276.8,1225473.22,2026-10-31,2026-10-22,Paid
INV001181,PO001493,2026-09-10,6817981.33,1227236.64,2026-09-25,,Overdue
INV001182,PO001494,2026-09-07,3094092.03,154704.6,2026-10-07,2026-09-27,Paid
INV001183,PO001497,2026-09-10,19305584.71,2316670.17,2026-10-25,2026-11-03,Paid
INV001184,PO001499,2026-09-23,8904042.95,1602727.73,2026-10-08,,Pending
INV001185,PO001500,2026-09-07,18193638.33,3274854.9,2026-09-22,,Pending
INV001186,PO001501,2026-09-18,13209118.62,660455.93,2026-11-17,2026-11-10,Paid
INV001187,PO001503,2026-09-25,6032184.95,301609.25,2026-11-24,,Pending
INV001188,PO001504,2026-09-22,1412124.33,254182.38,2026-11-06,2026-11-04,Paid
INV001189,PO001505,2026-09-19,18867412.27,943370.61,2026-11-18,2026-11-29,Paid
INV001190,PO001506,2026-09-11,1651100.84,297198.15,2026-10-26,2026-11-08,Paid
INV001191,PO001507,2026-09-26,17478960.86,3146212.95,2026-11-25,2026-11-28,Paid
INV001192,PO001508,2026-09-24,22842940.28,4111729.25,2026-11-23,2026-11-13,Paid
INV001193,PO001510,2026-09-11,6272486.52,313624.33,2026-10-26,,Overdue
INV001194,PO001511,2026-09-22,12285180.82,614259.04,2026-10-07,2026-10-09,Paid
INV001195,PO001513,2026-09-17,2445501.24,122275.06,2026-11-01,,Pending
INV001196,PO001514,2026-09-19,12522776.76,1502733.21,2026-10-04,2026-10-03,Paid
INV001197,PO001515,2026-09-11,14461096.99,2602997.46,2026-11-10,2026-11-21,Paid
INV001198,PO001516,2026-09-25,1974585.69,236950.28,2026-11-09,2026-11-05,Paid
INV001199,PO001517,2026-09-09,6600952.1,792114.25,2026-10-24,,Overdue
INV001200,PO001518,2026-09-18,14215660.31,1705879.24,2026-10-03,,Overdue
INV001201,PO001519,2026-09-08,18641559.5,932077.98,2026-10-08,,Overdue
INV001202,PO001520,2026-09-07,10590309.54,1270837.14,2026-10-22,2026-10-27,Paid
INV001203,PO001521,2026-09-13,16896557.24,2027586.87,2026-11-12,2026-11-06,Paid
INV001204,PO001522,2026-09-21,256304.18,46134.75,2026-10-21,,Overdue
INV001205,PO001523,2026-09-15,10987105.77,549355.29,2026-11-14,2026-11-05,Paid
INV001206,PO001524,2026-09-26,4655557.06,232777.85,2026-10-26,2026-10-26,Paid
INV001207,PO001525,2026-09-08,17754500.72,3195810.13,2026-09-23,2026-10-05,Paid
INV001208,PO001526,2026-09-20,32177072.98,5791873.14,2026-11-04,,Pending
INV001209,PO001527,2026-09-08,17127453.02,856372.65,2026-10-08,,Pending
INV001210,PO001528,2026-09-07,21599582.91,2591949.95,2026-10-22,2026-10-27,Paid
INV001211,PO001530,2026-09-08,15287655.24,1834518.63,2026-09-23,2026-09-18,Paid
INV001212,PO001531,2026-09-18,12598729.6,629936.48,2026-11-02,2026-11-21,Paid
INV001213,PO001532,2026-09-13,10407099.8,1873277.96,2026-09-28,2026-09-26,Paid
INV001214,PO001533,2026-09-09,10607106.63,1272852.8,2026-11-08,2026-11-03,Paid
INV001215,PO001534,2026-09-24,7483338.24,374166.91,2026-11-08,2026-11-27,Paid
INV001216,PO001535,2026-09-09,25624503.73,3074940.45,2026-10-24,2026-11-04,Paid
INV001217,PO001537,2026-09-08,18822057.89,941102.89,2026-11-07,2026-11-11,Paid
INV001218,PO001538,2026-09-26,4519514.25,225975.71,2026-11-10,,Overdue
INV001219,PO001539,2026-09-15,13611855.81,2450134.05,2026-10-15,,Overdue
INV001220,PO001541,2026-09-10,25692324.13,3083078.9,2026-10-10,,Overdue
INV001221,PO001542,2026-09-13,42484.12,2124.21,2026-11-12,,Overdue
INV001222,PO001543,2026-09-10,11228282.61,561414.13,2026-10-10,,Overdue
INV001223,PO001544,2026-09-20,14212211.63,2558198.09,2026-11-04,,Pending
INV001224,PO001545,2026-09-10,19159485.72,957974.29,2026-09-25,,Pending
INV001225,PO001546,2026-09-16,21383684.05,2566042.09,2026-10-31,,Pending
INV001226,PO001547,2026-09-22,31966816.32,3836017.96,2026-11-06,,Pending
INV001227,PO001549,2026-09-24,31853480.68,3822417.68,2026-11-23,2026-11-23,Paid
INV001228,PO001550,2026-09-08,9655864.36,1738055.58,2026-10-23,2026-10-14,Paid
INV001229,PO001552,2026-09-09,15829738.36,2849352.9,2026-10-24,2026-11-08,Paid
INV001230,PO001553,2026-09-25,17572953.53,3163131.64,2026-10-25,2026-10-29,Paid
INV001231,PO001554,2026-09-07,20814856.1,3746674.1,2026-10-07,,Overdue
INV001232,PO001555,2026-09-20,4033833.07,201691.65,2026-10-05,2026-10-11,Paid
INV001233,PO001556,2026-09-18,365651.22,65817.22,2026-11-02,2026-10-31,Paid
INV001234,PO001557,2026-09-14,18746445.4,3374360.17,2026-10-14,2026-10-25,Paid
INV001235,PO001559,2026-09-17,19991203.66,999560.18,2026-10-02,2026-09-27,Paid
INV001236,PO001560,2026-09-24,23672927.32,2840751.28,2026-11-08,,Overdue
INV001237,PO001561,2026-09-10,2132979.42,383936.3,2026-09-25,,Overdue
INV001238,PO001564,2026-09-23,13166329.86,658316.49,2026-11-07,2026-11-13,Paid
INV001239,PO001565,2026-09-13,14362872.38,2585317.03,2026-09-28,2026-09-24,Paid
INV001240,PO001566,2026-09-07,7313946.6,877673.59,2026-11-06,2026-11-24,Paid
INV001241,PO001567,2026-09-07,7554796.08,1359863.29,2026-10-07,2026-10-04,Paid
INV001242,PO001569,2026-09-24,11015511.33,1982792.04,2026-11-08,2026-11-01,Paid
INV001243,PO001570,2026-09-20,10638283.37,1914891.01,2026-11-19,,Pending
INV001244,PO001571,2026-09-19,803491.4,144628.45,2026-10-19,2026-10-27,Paid
INV001245,PO001572,2026-09-10,117275.42,21109.58,2026-09-25,2026-09-15,Paid
INV001246,PO001573,2026-09-22,39537217.71,1976860.89,2026-11-21,2026-11-30,Paid
INV001247,PO001574,2026-09-18,45032888.0,5403946.56,2026-11-02,2026-11-03,Paid
INV001248,PO001576,2026-09-15,640744.5,32037.23,2026-11-14,,Overdue
INV001249,PO001577,2026-09-10,10917698.03,1310123.76,2026-10-10,,Overdue
INV001250,PO001578,2026-09-21,16398270.9,1967792.51,2026-11-20,2026-11-27,Paid
INV001251,PO001579,2026-09-16,25034166.72,1251708.34,2026-10-01,2026-10-14,Paid
INV001252,PO001580,2026-09-18,4591582.0,550989.84,2026-11-17,,Pending
INV001253,PO001581,2026-09-26,7761410.1,931369.21,2026-11-25,,Overdue
INV001254,PO001582,2026-09-12,28652192.22,5157394.6,2026-11-11,2026-11-24,Paid
INV001255,PO001583,2026-09-20,8983596.4,449179.82,2026-10-20,,Pending
INV001256,PO001584,2026-09-13,12539725.4,626986.27,2026-10-28,2026-11-02,Paid
INV001257,PO001586,2026-09-08,36869724.83,1843486.24,2026-09-23,,Overdue
INV001258,PO001587,2026-09-08,34394258.06,4127310.97,2026-11-07,,Pending
INV001259,PO001589,2026-09-17,37378689.96,6728164.19,2026-10-02,2026-09-24,Paid
INV001260,PO001590,2026-09-14,3733576.61,448029.19,2026-10-14,2026-11-01,Paid
INV001261,PO001591,2026-09-21,17993729.0,2159247.48,2026-10-21,2026-11-10,Paid
INV001262,PO001592,2026-09-25,9587186.84,1725693.63,2026-11-24,,Pending
INV001263,PO001593,2026-09-24,16849431.35,842471.57,2026-11-23,2026-12-12,Paid
INV001264,PO001594,2026-09-18,18182451.62,3272841.29,2026-10-03,,Overdue
INV001265,PO001595,2026-09-10,14633894.57,1756067.35,2026-09-25,2026-10-06,Paid
INV001266,PO001596,2026-09-15,15132136.92,756606.85,2026-10-15,,Pending
INV001267,PO001597,2026-09-14,6194565.54,743347.86,2026-10-29,2026-11-02,Paid
INV001268,PO001598,2026-09-14,6967968.77,1254234.38,2026-09-29,2026-09-25,Paid
INV001269,PO001600,2026-09-09,23135781.45,4164440.66,2026-10-24,2026-10-23,Paid
INV001270,PO001602,2026-09-09,2353013.35,117650.67,2026-10-24,,Pending
INV001271,PO001603,2026-09-10,5814394.89,697727.39,2026-10-10,,Pending
INV001272,PO001605,2026-09-10,32859632.49,1642981.62,2026-09-25,2026-09-29,Paid
INV001273,PO001606,2026-09-19,12264179.58,613208.98,2026-10-04,,Pending
INV001274,PO001607,2026-09-13,23736889.08,2848426.69,2026-11-12,,Overdue
INV001275,PO001608,2026-09-22,18960269.74,948013.49,2026-11-06,2026-10-30,Paid
INV001276,PO001609,2026-09-15,10486892.79,1258427.13,2026-10-30,,Pending
INV001277,PO001610,2026-09-16,6321528.81,758583.46,2026-10-16,2026-10-26,Paid
INV001278,PO001612,2026-09-10,48371760.55,5804611.27,2026-10-25,,Overdue
INV001279,PO001613,2026-09-12,1387327.56,166479.31,2026-11-11,2026-11-16,Paid
INV001280,PO001614,2026-09-07,28795800.17,1439790.01,2026-10-22,2026-10-29,Paid
INV001281,PO001616,2026-09-13,25962719.56,1298135.98,2026-09-28,2026-10-05,Paid
INV001282,PO001618,2026-09-18,13376923.6,1605230.83,2026-10-03,,Pending
INV001283,PO001620,2026-09-18,18958872.36,2275064.68,2026-10-03,,Overdue
INV001284,PO001623,2026-09-23,14262653.8,713132.69,2026-11-07,2026-11-13,Paid
INV001285,PO001624,2026-09-26,5866580.72,293329.04,2026-10-26,2026-10-25,Paid
INV001286,PO001625,2026-09-19,11138048.22,2004848.68,2026-10-19,,Overdue
INV001287,PO001627,2026-09-23,6766665.09,338333.25,2026-11-22,2026-11-26,Paid
INV001288,PO001628,2026-09-13,16373326.27,1964799.15,2026-11-12,2026-12-01,Paid
INV001289,PO001629,2026-09-24,1617416.5,194089.98,2026-10-24,,Pending
INV001290,PO001631,2026-09-13,2546685.0,127334.25,2026-10-28,,Overdue
INV001291,PO001632,2026-09-13,18982475.98,3416845.68,2026-09-28,,Overdue
INV001292,PO001633,2026-09-09,26180669.43,1309033.47,2026-11-08,2026-11-22,Paid
INV001293,PO001634,2026-09-11,21223150.88,3820167.16,2026-10-11,,Overdue
INV001294,PO001635,2026-09-07,17686684.69,2122402.16,2026-10-22,2026-11-01,Paid
INV001295,PO001637,2026-09-14,18633878.14,931693.91,2026-10-14,2026-10-22,Paid
INV001296,PO001638,2026-09-10,14455801.19,2602044.21,2026-09-25,,Pending
INV001297,PO001639,2026-09-16,27054589.51,3246550.74,2026-11-15,2026-11-23,Paid
INV001298,PO001640,2026-09-12,37067949.67,6672230.94,2026-11-11,2026-11-18,Paid
INV001299,PO001641,2026-09-20,22310414.97,4015874.69,2026-10-05,2026-10-23,Paid
INV001300,PO001642,2026-09-14,8636003.28,1554480.59,2026-11-13,2026-12-01,Paid
INV001301,PO001643,2026-09-12,31347553.8,5642559.68,2026-11-11,,Overdue
INV001302,PO001644,2026-09-10,27852188.18,5013393.87,2026-09-25,2026-09-26,Paid
INV001303,PO001645,2026-09-13,1510195.68,271835.22,2026-10-13,2026-10-25,Paid
INV001304,PO001646,2026-09-23,10864935.93,1955688.47,2026-10-23,2026-11-11,Paid
INV001305,PO001647,2026-09-12,25799679.14,1289983.96,2026-10-12,,Pending
INV001306,PO001648,2026-09-22,4904047.62,245202.38,2026-11-21,2026-12-01,Paid
INV001307,PO001649,2026-09-14,36250602.37,1812530.12,2026-10-29,2026-11-17,Paid
INV001308,PO001651,2026-09-22,6622307.3,1192015.31,2026-11-21,,Pending
INV001309,PO001654,2026-09-07,14353079.7,717653.98,2026-11-06,2026-11-15,Paid
INV001310,PO001655,2026-09-07,202576.07,24309.13,2026-10-07,,Pending
INV001311,PO001656,2026-09-15,9413677.66,1694461.98,2026-09-30,2026-09-30,Paid
INV001312,PO001657,2026-09-07,5127022.17,256351.11,2026-09-22,,Pending
INV001313,PO001658,2026-09-22,14605428.04,2628977.05,2026-10-07,2026-10-13,Paid
INV001314,PO001659,2026-09-23,9383603.88,1689048.7,2026-10-23,,Pending
INV001315,PO001661,2026-09-26,9466429.19,1703957.25,2026-10-26,,Overdue
INV001316,PO001662,2026-09-24,12247099.57,1469651.95,2026-10-24,2026-11-07,Paid
INV001317,PO001663,2026-09-24,1787232.72,89361.64,2026-10-24,,Pending
INV001318,PO001664,2026-09-23,12793917.31,639695.87,2026-11-07,,Pending
INV001319,PO001666,2026-09-25,8766896.18,1052027.54,2026-10-25,,Overdue
INV001320,PO001668,2026-09-17,3547887.42,177394.37,2026-11-16,,Overdue
INV001321,PO001669,2026-09-23,26115544.68,4700798.04,2026-10-23,2026-11-12,Paid
INV001322,PO001671,2026-09-12,24712316.74,1235615.84,2026-11-11,2026-11-21,Paid
INV001323,PO001672,2026-09-16,22438205.65,4038877.02,2026-11-15,2026-12-02,Paid
INV001324,PO001673,2026-09-09,24203200.77,2904384.09,2026-11-08,2026-11-05,Paid
INV001325,PO001674,2026-09-08,3440627.3,619312.91,2026-11-07,,Pending
INV001326,PO001675,2026-09-24,11560805.03,578040.25,2026-10-09,,Overdue
INV001327,PO001676,2026-09-15,953893.87,114467.26,2026-11-14,2026-11-06,Paid
INV001328,PO001677,2026-09-15,2797213.94,503498.51,2026-09-30,2026-10-07,Paid
INV001329,PO001678,2026-09-07,25254108.5,3030493.02,2026-10-22,,Pending
INV001330,PO001680,2026-09-10,2688049.5,134402.48,2026-09-25,,Overdue
INV001331,PO001681,2026-09-13,31401443.72,3768173.25,2026-10-13,2026-10-20,Paid
INV001332,PO001683,2026-09-21,33372053.61,4004646.43,2026-11-05,,Pending
INV001333,PO001684,2026-09-12,12058911.6,602945.58,2026-11-11,,Overdue
INV001334,PO001686,2026-09-24,10452966.57,1254355.99,2026-10-09,,Pending
INV001335,PO001687,2026-09-14,5452920.96,272646.05,2026-11-13,,Pending
INV001336,PO001688,2026-09-20,24120581.96,1206029.1,2026-11-19,2026-11-28,Paid
INV001337,PO001689,2026-09-17,4752120.44,855381.68,2026-10-02,2026-10-05,Paid
INV001338,PO001690,2026-09-24,8248603.09,1484748.56,2026-10-09,,Pending
INV001339,PO001691,2026-09-18,1908328.89,228999.47,2026-11-02,2026-11-14,Paid
INV001340,PO001692,2026-09-20,4329687.21,779343.7,2026-11-04,2026-11-24,Paid
INV001341,PO001694,2026-09-20,11071636.24,1328596.35,2026-10-20,2026-10-25,Paid
INV001342,PO001695,2026-09-18,21881880.17,2625825.62,2026-10-03,,Overdue
INV001343,PO001697,2026-09-15,8020092.91,962411.15,2026-10-15,2026-10-20,Paid
INV001344,PO001699,2026-09-21,22715418.62,2725850.23,2026-11-20,,Overdue
INV001345,PO001700,2026-09-18,9583209.07,1724977.63,2026-10-18,,Overdue
INV001346,PO001701,2026-09-15,34463674.38,4135640.93,2026-10-15,,Pending
INV001347,PO001702,2026-09-09,9812127.75,1766182.99,2026-10-09,,Pending
INV001348,PO001703,2026-09-16,2346723.52,281606.82,2026-10-16,2026-10-30,Paid
INV001349,PO001704,2026-09-26,21690486.95,2602858.43,2026-10-11,2026-10-05,Paid
INV001350,PO001705,2026-09-15,7618558.36,914227.0,2026-10-30,2026-10-25,Paid
INV001351,PO001706,2026-09-18,4384834.1,526180.09,2026-11-17,2026-11-11,Paid
INV001352,PO001707,2026-09-10,34228802.49,4107456.3,2026-10-10,,Overdue
INV001353,PO001709,2026-09-17,1749455.4,314901.97,2026-10-02,,Pending
INV001354,PO001710,2026-09-10,13538361.19,2436905.01,2026-09-25,2026-09-29,Paid
INV001355,PO001711,2026-09-20,18895155.79,944757.79,2026-10-20,,Overdue
INV001356,PO001714,2026-09-16,2367022.67,118351.13,2026-10-16,,Overdue
INV001357,PO001715,2026-09-07,8198836.41,983860.37,2026-10-07,,Pending
INV001358,PO001716,2026-09-15,8134509.02,406725.45,2026-10-15,,Pending
INV001359,PO001717,2026-09-26,8849470.3,1592904.65,2026-10-11,,Overdue
INV001360,PO001718,2026-09-19,6056992.32,726839.08,2026-11-03,2026-10-24,Paid
INV001361,PO001719,2026-09-23,7556513.2,906781.58,2026-10-08,,Overdue
INV001362,PO001720,2026-09-25,2911731.56,349407.79,2026-10-10,,Pending
INV001363,PO001721,2026-09-23,6278160.84,313908.04,2026-10-23,2026-10-20,Paid
INV001364,PO001723,2026-09-11,14993718.51,2698869.33,2026-10-26,2026-10-21,Paid
INV001365,PO001724,2026-09-22,2930489.25,351658.71,2026-11-06,2026-11-07,Paid
INV001366,PO001725,2026-09-08,7613131.45,380656.57,2026-11-07,2026-11-11,Paid
INV001367,PO001726,2026-09-18,6644691.16,797362.94,2026-11-02,,Pending
INV001368,PO001727,2026-09-16,24274610.01,4369429.8,2026-11-15,2026-11-25,Paid
INV001369,PO001729,2026-09-11,3188322.0,573897.96,2026-09-26,2026-10-07,Paid
INV001370,PO001730,2026-09-22,17756439.14,3196159.05,2026-10-07,2026-10-09,Paid
INV001371,PO001731,2026-09-08,10832322.91,1299878.75,2026-10-23,,Pending
INV001372,PO001733,2026-09-13,59084.1,10635.14,2026-10-28,2026-10-19,Paid
INV001373,PO001734,2026-09-25,27557168.96,3306860.28,2026-10-10,2026-10-23,Paid
INV001374,PO001738,2026-09-20,15741020.98,1888922.52,2026-10-05,,Pending
INV001375,PO001739,2026-09-09,17034963.76,3066293.48,2026-10-24,2026-10-16,Paid
INV001376,PO001741,2026-09-21,145804.34,17496.52,2026-11-20,2026-12-05,Paid
INV001377,PO001744,2026-09-12,6939082.31,832689.88,2026-10-27,2026-10-29,Paid
INV001378,PO001745,2026-09-26,22461742.68,2695409.12,2026-10-11,,Overdue
INV001379,PO001746,2026-09-09,14286429.36,1714371.52,2026-10-09,2026-10-23,Paid
INV001380,PO001748,2026-09-19,19664235.8,3539562.44,2026-11-18,2026-11-22,Paid
INV001381,PO001749,2026-09-17,427220.01,51266.4,2026-11-01,,Pending
INV001382,PO001750,2026-09-07,18145322.27,2177438.67,2026-10-07,2026-10-21,Paid
INV001383,PO001751,2026-09-12,28465624.35,3415874.92,2026-09-27,2026-09-23,Paid
INV001384,PO001752,2026-09-14,14597752.78,2627595.5,2026-10-14,2026-10-23,Paid
INV001385,PO001753,2026-09-25,24419822.91,2930378.75,2026-11-24,,Pending
INV001386,PO001754,2026-09-08,229718.7,41349.37,2026-09-23,,Overdue
INV001387,PO001756,2026-09-21,4518229.38,542187.53,2026-10-06,2026-09-29,Paid
INV001388,PO001757,2026-09-16,36412853.76,6554313.68,2026-10-01,2026-10-04,Paid
INV001389,PO001758,2026-09-14,11238193.45,1348583.21,2026-11-13,2026-11-13,Paid
INV001390,PO001759,2026-09-10,820394.08,41019.7,2026-11-09,2026-11-28,Paid
INV001391,PO001760,2026-09-25,13781535.23,689076.76,2026-11-24,,Overdue
INV001392,PO001761,2026-09-08,13135361.35,656768.07,2026-10-08,,Overdue
INV001393,PO001762,2026-09-13,14436413.25,721820.66,2026-10-28,2026-10-24,Paid
INV001394,PO001763,2026-09-09,336936.9,60648.64,2026-10-09,2026-10-24,Paid
INV001395,PO001764,2026-09-13,9025827.52,1083099.3,2026-10-28,2026-11-13,Paid
INV001396,PO001766,2026-09-21,17838443.11,3210919.76,2026-10-06,2026-10-11,Paid
INV001397,PO001768,2026-09-12,13264075.96,1591689.12,2026-11-11,,Pending
INV001398,PO001769,2026-09-24,8190250.89,982830.11,2026-10-24,2026-10-15,Paid
INV001399,PO001770,2026-09-19,31210067.68,5617812.18,2026-10-19,,Pending
INV001400,PO001771,2026-09-18,30705530.31,3684663.64,2026-10-18,,Pending
INV001401,PO001774,2026-09-09,16145517.61,2906193.17,2026-10-24,2026-11-13,Paid
INV001402,PO001775,2026-09-08,15451910.81,1854229.3,2026-09-23,2026-09-25,Paid
INV001403,PO001776,2026-09-22,32281741.39,3873808.97,2026-11-21,,Pending
INV001404,PO001777,2026-09-22,2162911.79,389324.12,2026-11-06,,Overdue
INV001405,PO001778,2026-09-13,7620191.56,1371634.48,2026-10-13,2026-10-11,Paid
INV001406,PO001780,2026-09-26,26160768.18,3139292.18,2026-11-25,2026-11-29,Paid
INV001407,PO001781,2026-09-09,27386742.94,4929613.73,2026-11-08,,Pending
INV001408,PO001783,2026-09-17,32677091.22,3921250.95,2026-11-16,,Overdue
INV001409,PO001784,2026-09-10,4771608.28,238580.41,2026-09-25,,Overdue
INV001410,PO001785,2026-09-16,21118725.78,2534247.09,2026-10-31,2026-11-19,Paid
INV001411,PO001787,2026-09-12,22821245.59,4107824.21,2026-10-27,2026-10-23,Paid
INV001412,PO001788,2026-09-24,4504638.38,810834.91,2026-10-24,,Pending
INV001413,PO001789,2026-09-25,14931543.33,1791785.2,2026-11-24,,Overdue
INV001414,PO001790,2026-09-15,7899784.75,394989.24,2026-10-15,,Pending
INV001415,PO001791,2026-09-19,7888793.44,946655.21,2026-11-03,,Overdue
INV001416,PO001792,2026-09-23,23050086.38,2766010.37,2026-11-22,,Overdue
INV001417,PO001793,2026-09-07,9915210.38,1784737.87,2026-11-06,,Overdue
INV001418,PO001794,2026-09-20,2659952.12,132997.61,2026-10-05,2026-09-28,Paid
INV001419,PO001795,2026-09-24,16336586.58,2940585.58,2026-10-24,2026-11-01,Paid
INV001420,PO001796,2026-09-08,16870763.22,3036737.38,2026-10-23,,Overdue
INV001421,PO001797,2026-09-08,17510932.97,3151967.93,2026-10-23,2026-10-21,Paid
INV001422,PO001798,2026-09-21,14125363.21,1695043.59,2026-10-21,,Pending
INV001423,PO001800,2026-09-08,222612.39,26713.49,2026-10-08,2026-10-07,Paid
INV001424,PO001801,2026-09-15,964734.12,115768.09,2026-10-15,,Pending
INV001425,PO001802,2026-09-24,20659454.79,2479134.57,2026-10-09,2026-10-18,Paid
INV001426,PO001803,2026-09-17,13921026.54,1670523.18,2026-11-16,2026-11-23,Paid
INV001427,PO001806,2026-09-22,33484281.25,4018113.75,2026-10-07,,Pending
INV001428,PO001807,2026-09-17,27973152.75,1398657.64,2026-10-17,,Overdue
INV001429,PO001809,2026-09-10,10926476.84,1311177.22,2026-11-09,2026-11-06,Paid
INV001430,PO001810,2026-09-21,5168262.24,930287.2,2026-10-21,,Overdue
INV001431,PO001812,2026-09-07,10298247.39,514912.37,2026-10-22,,Pending
INV001432,PO001813,2026-09-23,31359712.48,5644748.25,2026-10-08,2026-10-15,Paid
INV001433,PO001814,2026-09-18,25217313.73,4539116.47,2026-11-17,,Pending
INV001434,PO001815,2026-09-21,2576089.24,128804.46,2026-11-20,2026-11-10,Paid
INV001435,PO001816,2026-09-10,25781224.89,1289061.24,2026-10-10,,Overdue
INV001436,PO001817,2026-09-12,10257325.27,1230879.03,2026-11-11,,Pending
INV001437,PO001818,2026-09-26,10910490.77,1309258.89,2026-11-10,,Pending
INV001438,PO001820,2026-09-14,7084526.41,354226.32,2026-11-13,,Pending
INV001439,PO001821,2026-09-09,6977514.04,1255952.53,2026-11-08,2026-11-11,Paid
INV001440,PO001822,2026-09-20,3056652.06,550197.37,2026-11-19,,Overdue
INV001441,PO001824,2026-09-20,14532093.32,726604.67,2026-11-19,2026-12-04,Paid
INV001442,PO001825,2026-09-14,10306018.39,1855083.31,2026-11-13,2026-11-28,Paid
INV001443,PO001826,2026-09-24,48423794.14,2421189.71,2026-10-24,2026-11-13,Paid
INV001444,PO001827,2026-09-13,10219872.86,510993.64,2026-11-12,2026-11-11,Paid
INV001445,PO001828,2026-09-26,2315816.5,416846.97,2026-11-25,2026-11-15,Paid
INV001446,PO001829,2026-09-26,548873.76,65864.85,2026-11-25,,Pending
INV001447,PO001830,2026-09-18,3152311.68,378277.4,2026-11-17,,Pending
INV001448,PO001831,2026-09-07,13184209.01,1582105.08,2026-10-07,,Pending
INV001449,PO001832,2026-09-16,11197415.92,1343689.91,2026-10-16,2026-11-05,Paid
INV001450,PO001833,2026-09-25,12465295.3,2243753.15,2026-11-09,2026-11-02,Paid
INV001451,PO001834,2026-09-11,21181817.48,1059090.87,2026-11-10,,Pending
INV001452,PO001836,2026-09-12,13814859.53,690742.98,2026-09-27,2026-10-09,Paid
INV001453,PO001837,2026-09-12,6660694.31,1198924.98,2026-10-12,2026-10-31,Paid
INV001454,PO001838,2026-09-23,2051631.12,102581.56,2026-10-08,2026-10-23,Paid
INV001455,PO001840,2026-09-25,2492787.49,124639.37,2026-10-10,2026-10-07,Paid
INV001456,PO001841,2026-09-19,11471311.75,1376557.41,2026-10-04,2026-10-14,Paid
INV001457,PO001842,2026-09-18,3980706.18,477684.74,2026-11-17,,Overdue
INV001458,PO001843,2026-09-20,19596839.5,3527431.11,2026-10-05,2026-10-24,Paid
INV001459,PO001844,2026-09-09,22829353.71,4109283.67,2026-10-09,2026-10-05,Paid
INV001460,PO001845,2026-09-09,6625599.62,795071.95,2026-10-09,2026-09-29,Paid
INV001461,PO001846,2026-09-15,15738105.73,786905.29,2026-10-30,,Pending
INV001462,PO001847,2026-09-17,5262030.6,947165.51,2026-11-01,2026-11-05,Paid
INV001463,PO001848,2026-09-20,19001002.4,3420180.43,2026-11-19,2026-11-29,Paid
INV001464,PO001849,2026-09-12,14195184.43,1703422.13,2026-11-11,,Overdue
INV001465,PO001850,2026-09-13,7123788.23,356189.41,2026-10-13,2026-10-29,Paid
INV001466,PO001852,2026-09-17,3865106.28,463812.75,2026-11-01,2026-10-22,Paid
INV001467,PO001853,2026-09-09,20552342.65,3699421.68,2026-10-24,2026-11-08,Paid
INV001468,PO001855,2026-09-17,25291273.83,3034952.86,2026-11-16,,Pending
INV001469,PO001857,2026-09-09,19228692.26,2307443.07,2026-10-09,,Overdue
INV001470,PO001858,2026-09-18,20439051.63,1021952.58,2026-11-17,2026-11-09,Paid
INV001471,PO001860,2026-09-07,16048261.96,802413.1,2026-09-22,,Overdue
INV001472,PO001861,2026-09-16,23830528.99,1191526.45,2026-11-15,2026-11-26,Paid
INV001473,PO001863,2026-09-12,6550518.93,1179093.41,2026-11-11,2026-11-27,Paid
INV001474,PO001864,2026-09-11,6704774.57,335238.73,2026-10-26,,Pending
INV001475,PO001865,2026-09-18,19687293.95,3543712.91,2026-11-02,2026-11-05,Paid
INV001476,PO001867,2026-09-09,4911465.0,245573.25,2026-09-24,2026-10-08,Paid
INV001477,PO001868,2026-09-24,26449322.94,3173918.75,2026-11-23,,Pending
INV001478,PO001870,2026-09-12,28920595.44,3470471.45,2026-10-27,2026-11-07,Paid
INV001479,PO001871,2026-09-08,3134439.61,156721.98,2026-10-08,,Overdue
INV001480,PO001873,2026-09-26,20863043.61,1043152.18,2026-11-10,2026-11-26,Paid
INV001481,PO001874,2026-09-17,23834943.0,1191747.15,2026-11-01,2026-11-17,Paid
INV001482,PO001875,2026-09-12,14629127.94,1755495.35,2026-11-11,2026-11-27,Paid
INV001483,PO001877,2026-09-24,18094063.08,3256931.35,2026-11-23,2026-11-28,Paid
INV001484,PO001879,2026-09-23,10419359.99,520968.0,2026-10-23,,Overdue
INV001485,PO001880,2026-09-16,16678564.47,3002141.6,2026-11-15,2026-12-02,Paid
INV001486,PO001881,2026-09-09,15225667.02,761283.35,2026-10-24,2026-10-28,Paid
INV001487,PO001882,2026-09-15,4470266.98,804648.06,2026-09-30,,Overdue
INV001488,PO001883,2026-09-17,9633284.77,481664.24,2026-11-01,,Overdue
INV001489,PO001884,2026-09-11,276502.32,49770.42,2026-10-26,2026-11-09,Paid
INV001490,PO001885,2026-09-18,4993261.0,898786.98,2026-11-02,2026-11-05,Paid
INV001491,PO001887,2026-09-18,14464882.5,723244.12,2026-10-18,2026-10-20,Paid
INV001492,PO001889,2026-09-26,20729072.84,1036453.64,2026-11-25,2026-11-18,Paid
INV001493,PO001890,2026-09-26,6240728.29,1123331.09,2026-11-10,,Overdue
INV001494,PO001891,2026-09-21,24947873.7,1247393.69,2026-11-20,2026-11-20,Paid
INV001495,PO001892,2026-09-14,13553851.83,677692.59,2026-10-14,2026-10-14,Paid
INV001496,PO001893,2026-09-24,21633691.4,2596042.97,2026-11-23,2026-11-20,Paid
INV001497,PO001894,2026-09-26,20108433.21,2413011.99,2026-11-10,2026-11-17,Paid
INV001498,PO001895,2026-09-07,30616795.11,5511023.12,2026-10-22,2026-11-02,Paid
INV001499,PO001897,2026-09-07,14686422.93,734321.15,2026-10-07,2026-09-30,Paid
INV001500,PO001898,2026-09-25,10555135.52,1266616.26,2026-10-10,,Pending
INV001501,PO001899,2026-09-24,9075275.25,1089033.03,2026-10-24,2026-11-11,Paid
INV001502,PO001900,2026-09-17,6369332.15,1146479.79,2026-10-17,,Overdue
INV001503,PO001903,2026-09-07,12723682.21,636184.11,2026-10-07,2026-10-17,Paid
INV001504,PO001904,2026-09-13,1759773.16,87988.66,2026-10-13,,Pending
INV001505,PO001905,2026-09-11,10166633.19,508331.66,2026-10-26,2026-11-09,Paid
INV001506,PO001907,2026-09-18,19379935.25,3488388.34,2026-11-02,,Pending
INV001507,PO001908,2026-09-11,20187723.48,3633790.23,2026-10-26,,Overdue
INV001508,PO001909,2026-09-22,13941121.76,1672934.61,2026-11-21,2026-12-04,Paid
INV001509,PO001910,2026-09-21,837359.49,150724.71,2026-10-21,2026-10-30,Paid
INV001510,PO001911,2026-09-14,19470520.36,3504693.66,2026-10-29,2026-10-21,Paid
INV001511,PO001912,2026-09-07,1009030.44,181625.48,2026-10-22,2026-10-29,Paid
INV001512,PO001913,2026-09-23,7929732.33,1427351.82,2026-11-07,,Pending
INV001513,PO001914,2026-09-24,35949632.77,4313955.93,2026-10-24,,Overdue
INV001514,PO001915,2026-09-07,1893765.26,340877.75,2026-10-22,,Pending
INV001515,PO001916,2026-09-12,4924210.26,886357.85,2026-10-12,,Overdue
INV001516,PO001917,2026-09-21,10743778.2,1933880.08,2026-10-21,2026-11-01,Paid
INV001517,PO001919,2026-09-09,4577391.81,823930.53,2026-11-08,2026-11-18,Paid
INV001518,PO001920,2026-09-25,21439990.73,3859198.33,2026-11-09,,Pending
INV001519,PO001921,2026-09-07,12556880.88,1506825.71,2026-10-22,2026-11-08,Paid
INV001520,PO001922,2026-09-20,11738189.63,586909.48,2026-11-04,,Pending
INV001521,PO001923,2026-09-21,20081966.8,1004098.34,2026-10-21,2026-10-25,Paid
INV001522,PO001924,2026-09-10,4303023.04,774544.15,2026-11-09,2026-11-15,Paid
INV001523,PO001925,2026-09-21,16677029.7,2001243.56,2026-10-06,,Overdue
INV001524,PO001926,2026-09-24,5840193.79,292009.69,2026-10-24,2026-10-29,Paid
INV001525,PO001929,2026-09-17,20450147.5,3681026.55,2026-10-17,2026-10-15,Paid
INV001526,PO001930,2026-09-19,2019894.24,363580.96,2026-10-04,,Pending
INV001527,PO001931,2026-09-16,5815002.54,290750.13,2026-10-01,,Pending
INV001528,PO001932,2026-09-15,7391695.95,1330505.27,2026-10-30,,Pending
INV001529,PO001933,2026-09-22,7058068.46,352903.42,2026-10-22,2026-10-16,Paid
INV001530,PO001935,2026-09-16,17444484.32,3140007.18,2026-10-31,2026-10-21,Paid
INV001531,PO001936,2026-09-22,16715081.85,835754.09,2026-10-07,,Overdue
INV001532,PO001937,2026-09-22,14612521.12,730626.06,2026-10-07,2026-09-29,Paid
INV001533,PO001938,2026-09-12,17084614.54,854230.73,2026-10-12,,Pending
INV001534,PO001939,2026-09-22,24003956.33,1200197.82,2026-10-07,,Pending
INV001535,PO001940,2026-09-26,22595051.32,4067109.24,2026-11-10,2026-11-28,Paid
INV001536,PO001941,2026-09-20,5683973.04,284198.65,2026-11-19,,Pending
INV001537,PO001943,2026-09-20,22253470.17,2670416.42,2026-11-19,2026-11-09,Paid
INV001538,PO001944,2026-09-22,3225532.46,580595.84,2026-10-22,2026-10-17,Paid
INV001539,PO001945,2026-09-21,12564050.48,1507686.06,2026-11-20,2026-11-14,Paid
INV001540,PO001947,2026-09-07,19600664.44,3528119.6,2026-10-07,2026-10-27,Paid
INV001541,PO001948,2026-09-13,7147158.18,357357.91,2026-09-28,2026-10-11,Paid
INV001542,PO001949,2026-09-19,2549249.72,127462.49,2026-10-19,2026-10-11,Paid
INV001543,PO001953,2026-09-17,33278099.35,1663904.97,2026-10-02,2026-10-18,Paid
INV001544,PO001954,2026-09-22,16110204.37,1933224.52,2026-10-07,,Pending
INV001545,PO001955,2026-09-19,22059.65,3970.74,2026-11-03,2026-11-23,Paid
INV001546,PO001956,2026-09-08,6173435.71,1111218.43,2026-11-07,2026-11-22,Paid
INV001547,PO001957,2026-09-16,5596463.99,279823.2,2026-10-16,2026-10-18,Paid
INV001548,PO001958,2026-09-22,8252535.72,412626.79,2026-10-22,2026-11-08,Paid
INV001549,PO001960,2026-09-16,3552121.67,426254.6,2026-10-31,2026-11-05,Paid
INV001550,PO001962,2026-09-10,7379485.86,368974.29,2026-11-09,2026-11-24,Paid
INV001551,PO001963,2026-09-19,10272597.56,513629.88,2026-11-18,,Pending
INV001552,PO001964,2026-09-14,14015438.02,1681852.56,2026-11-13,,Overdue
INV001553,PO001965,2026-09-24,12751522.11,2295273.98,2026-10-24,2026-10-22,Paid
INV001554,PO001966,2026-09-10,26193887.54,4714899.76,2026-09-25,2026-09-16,Paid
INV001555,PO001968,2026-09-21,14054156.52,702707.83,2026-10-06,,Overdue
INV001556,PO001969,2026-09-15,15886874.52,1906424.94,2026-09-30,2026-10-10,Paid
INV001557,PO001970,2026-09-10,17926157.16,2151138.86,2026-09-25,2026-10-09,Paid
INV001558,PO001971,2026-09-19,24635166.44,2956219.97,2026-11-18,,Pending
INV001559,PO001972,2026-09-17,8076722.53,1453810.06,2026-11-01,,Pending
INV001560,PO001973,2026-09-18,21324003.92,2558880.47,2026-10-03,2026-10-18,Paid
INV001561,PO001974,2026-09-14,11504384.2,1380526.1,2026-11-13,2026-11-23,Paid
INV001562,PO001976,2026-09-25,33950857.27,6111154.31,2026-11-09,,Pending
INV001563,PO001978,2026-09-26,10856860.45,542843.02,2026-10-11,,Overdue
INV001564,PO001980,2026-09-26,22419731.15,4035551.61,2026-10-26,,Pending
INV001565,PO001981,2026-09-23,21631687.59,2595802.51,2026-11-22,2026-11-17,Paid
INV001566,PO001982,2026-09-13,112387.38,5619.37,2026-09-28,2026-09-28,Paid
INV001567,PO001983,2026-09-13,19964681.54,998234.08,2026-10-28,2026-10-18,Paid
INV001568,PO001985,2026-09-15,21124169.9,3802350.58,2026-10-15,2026-10-30,Paid
INV001569,PO001986,2026-09-21,3839804.12,191990.21,2026-10-06,2026-09-30,Paid
INV001570,PO001987,2026-09-19,18750115.52,2250013.86,2026-11-03,2026-11-01,Paid
INV001571,PO001988,2026-09-21,308974.05,37076.89,2026-10-21,,Overdue
INV001572,PO001989,2026-09-20,4335960.98,520315.32,2026-10-05,,Pending
INV001573,PO001991,2026-09-13,14272148.91,2568986.8,2026-10-13,2026-10-05,Paid
INV001574,PO001992,2026-09-10,10569211.85,1268305.42,2026-10-10,2026-10-01,Paid
INV001575,PO001993,2026-09-13,12626609.38,1515193.13,2026-10-13,2026-10-18,Paid
INV001576,PO001994,2026-09-12,6481852.54,777822.3,2026-10-12,2026-10-29,Paid
INV001577,PO001995,2026-09-07,24507307.22,4411315.3,2026-09-22,2026-09-29,Paid
INV001578,PO001996,2026-09-07,29133364.65,5244005.64,2026-11-06,2026-10-30,Paid
INV001579,PO001997,2026-09-12,2192510.6,263101.27,2026-09-27,2026-09-26,Paid
INV001580,PO001998,2026-09-14,7016036.68,350801.83,2026-11-13,2026-11-24,Paid
INV001581,PO001999,2026-09-21,20721601.27,2486592.15,2026-10-21,2026-10-14,Paid
INV001582,PO002000,2026-09-11,13248054.43,1589766.53,2026-09-26,,Pending
INV001583,PO002001,2026-09-23,2063342.74,103167.14,2026-10-08,,Overdue
INV001584,PO002002,2026-09-23,12931187.2,646559.36,2026-11-22,,Pending
INV001585,PO002004,2026-09-20,13830794.13,691539.71,2026-11-04,2026-10-27,Paid
INV001586,PO002005,2026-09-17,5489.61,274.48,2026-11-16,,Pending
INV001587,PO002006,2026-09-13,25821292.72,4647832.69,2026-11-12,2026-11-04,Paid
INV001588,PO002007,2026-09-07,7777550.3,933306.04,2026-09-22,,Pending
INV001589,PO002008,2026-09-24,14315498.99,1717859.88,2026-11-23,2026-11-26,Paid
INV001590,PO002010,2026-09-16,5897385.92,294869.3,2026-10-31,,Pending
INV001591,PO002011,2026-09-14,3054275.51,366513.06,2026-10-29,,Pending
INV001592,PO002012,2026-09-24,8788587.94,1581945.83,2026-11-08,2026-11-18,Paid
INV001593,PO002013,2026-09-21,18572690.8,2228722.9,2026-10-21,2026-10-16,Paid
INV001594,PO002015,2026-09-17,21786875.32,2614425.04,2026-11-16,,Pending
INV001595,PO002016,2026-09-24,5489522.07,988113.97,2026-11-23,,Pending
INV001596,PO002017,2026-09-14,19664410.06,3539593.81,2026-10-29,2026-10-31,Paid
INV001597,PO002018,2026-09-19,16059039.15,802951.96,2026-10-19,2026-10-30,Paid
INV001598,PO002019,2026-09-14,25543056.46,4597750.16,2026-11-13,2026-11-06,Paid
INV001599,PO002021,2026-09-15,17568746.77,3162374.42,2026-09-30,,Overdue
INV001600,PO002022,2026-09-18,8276791.82,1489822.53,2026-10-03,,Pending
INV001601,PO002023,2026-09-09,29761054.72,3571326.57,2026-09-24,,Overdue
INV001602,PO002024,2026-09-26,19738364.49,2368603.74,2026-10-26,2026-10-23,Paid
INV001603,PO002025,2026-09-08,10646758.87,1916416.6,2026-10-23,,Pending
INV001604,PO002026,2026-09-22,10803533.59,540176.68,2026-11-06,,Overdue
INV001605,PO002027,2026-09-20,6066022.8,303301.14,2026-10-05,2026-10-15,Paid
INV001606,PO002028,2026-09-26,1899585.27,341925.35,2026-11-10,2026-11-07,Paid
INV001607,PO002032,2026-09-23,20853446.33,2502413.56,2026-10-08,,Pending
INV001608,PO002033,2026-09-11,25941365.88,4669445.86,2026-09-26,,Pending
INV001609,PO002034,2026-09-12,16514155.97,2972548.07,2026-09-27,2026-10-10,Paid
INV001610,PO002035,2026-09-20,22680251.01,2721630.12,2026-10-05,2026-09-25,Paid
INV001611,PO002037,2026-09-25,8449864.76,1520975.66,2026-10-10,2026-10-30,Paid
INV001612,PO002039,2026-09-09,12998206.73,2339677.21,2026-10-09,2026-10-28,Paid
INV001613,PO002040,2026-09-13,9135534.58,1096264.15,2026-10-13,,Pending
INV001614,PO002041,2026-09-14,20550255.25,2466030.63,2026-11-13,,Overdue
INV001615,PO002042,2026-09-08,11016385.39,1982949.37,2026-11-07,,Pending
INV001616,PO002043,2026-09-26,20379287.23,3668271.7,2026-10-26,2026-10-31,Paid
INV001617,PO002045,2026-09-11,11480394.56,1377647.35,2026-10-26,2026-11-07,Paid
INV001618,PO002046,2026-09-20,1183595.61,142031.47,2026-11-19,2026-11-12,Paid
INV001619,PO002047,2026-09-24,19516654.04,2341998.48,2026-11-08,2026-10-29,Paid
INV001620,PO002048,2026-09-26,7213295.52,865595.46,2026-11-10,,Pending
INV001621,PO002049,2026-09-16,471090.6,23554.53,2026-10-16,2026-10-18,Paid
INV001622,PO002050,2026-09-23,8473917.71,423695.89,2026-11-07,,Overdue
INV001623,PO002051,2026-09-22,71300.64,3565.03,2026-10-22,,Overdue
INV001624,PO002052,2026-09-17,18430532.96,921526.65,2026-11-16,2026-11-23,Paid
INV001625,PO002054,2026-09-25,17713971.9,885698.59,2026-11-09,2026-11-07,Paid
INV001626,PO002056,2026-09-23,7870367.4,393518.37,2026-11-22,2026-11-26,Paid
INV001627,PO002058,2026-09-22,25096639.09,1254831.95,2026-10-22,2026-11-08,Paid
INV001628,PO002059,2026-09-12,302078.88,36249.47,2026-09-27,2026-10-08,Paid
INV001629,PO002061,2026-09-24,6069856.44,728382.77,2026-11-23,,Pending
INV001630,PO002062,2026-09-14,29114712.06,3493765.45,2026-09-29,2026-10-14,Paid
INV001631,PO002065,2026-09-10,6060491.97,1090888.55,2026-11-09,2026-11-07,Paid
INV001632,PO002066,2026-09-21,16196605.42,1943592.65,2026-11-05,2026-11-22,Paid
INV001633,PO002067,2026-09-11,12449850.62,1493982.07,2026-11-10,,Overdue
INV001634,PO002068,2026-09-19,33939853.24,6109173.58,2026-11-03,2026-11-06,Paid
INV001635,PO002070,2026-09-25,6150991.98,307549.6,2026-10-10,,Pending
INV001636,PO002071,2026-09-18,12478060.2,623903.01,2026-11-17,2026-11-14,Paid
INV001637,PO002072,2026-09-18,4530358.86,815464.59,2026-10-18,,Overdue
INV001638,PO002073,2026-09-16,3240919.78,388910.37,2026-10-31,,Pending
INV001639,PO002074,2026-09-07,15772713.06,2839088.35,2026-10-22,2026-11-01,Paid
INV001640,PO002075,2026-09-07,22046502.69,2645580.32,2026-11-06,2026-11-17,Paid
INV001641,PO002077,2026-09-17,15012454.01,2702241.72,2026-10-02,,Pending
INV001642,PO002078,2026-09-20,12071839.72,1448620.77,2026-11-04,,Overdue
INV001643,PO002079,2026-09-21,13560827.07,2440948.87,2026-11-05,2026-11-02,Paid
INV001644,PO002080,2026-09-24,9217057.31,1659070.32,2026-10-24,2026-10-19,Paid
INV001645,PO002081,2026-09-21,17977198.48,2157263.82,2026-10-06,,Pending
INV001646,PO002082,2026-09-24,24921731.47,1246086.57,2026-10-24,2026-11-02,Paid
INV001647,PO002083,2026-09-16,11281910.63,2030743.91,2026-10-16,2026-11-04,Paid
INV001648,PO002085,2026-09-15,21140976.61,2536917.19,2026-10-15,2026-10-31,Paid
INV001649,PO002086,2026-09-24,25467224.39,4584100.39,2026-10-09,,Pending
INV001650,PO002087,2026-09-07,13610773.59,2449939.25,2026-10-07,2026-10-22,Paid
INV001651,PO002089,2026-09-14,6202929.83,744351.58,2026-09-29,,Pending
INV001652,PO002090,2026-09-20,15882385.56,2858829.4,2026-11-04,2026-11-07,Paid
INV001653,PO002091,2026-09-10,5513858.15,661662.98,2026-09-25,2026-10-05,Paid
INV001654,PO002092,2026-09-25,7837101.44,1410678.26,2026-10-10,2026-10-20,Paid
INV001655,PO002093,2026-09-10,30942767.25,3713132.07,2026-11-09,2026-11-17,Paid
INV001656,PO002095,2026-09-09,1859525.98,334714.68,2026-10-09,,Overdue
INV001657,PO002096,2026-09-23,2845319.4,512157.49,2026-10-23,2026-10-29,Paid
INV001658,PO002097,2026-09-15,17706404.83,2124768.58,2026-09-30,2026-09-24,Paid
INV001659,PO002098,2026-09-21,7018918.96,842270.28,2026-10-06,2026-10-24,Paid
INV001660,PO002099,2026-09-21,20906854.98,2508822.6,2026-10-06,2026-10-08,Paid
INV001661,PO002100,2026-09-23,3311323.8,397358.86,2026-10-23,,Overdue
INV001662,PO002101,2026-09-07,34893134.7,6280764.25,2026-09-22,,Pending
INV001663,PO002102,2026-09-16,10992091.28,1319050.95,2026-11-15,,Overdue
INV001664,PO002104,2026-09-15,14696514.29,734825.71,2026-09-30,2026-09-20,Paid
INV001665,PO002106,2026-09-24,2336861.88,420635.14,2026-10-24,2026-11-01,Paid
INV001666,PO002107,2026-09-08,21931437.16,2631772.46,2026-10-23,2026-11-01,Paid
INV001667,PO002108,2026-09-26,3434997.7,412199.72,2026-11-10,,Overdue
INV001668,PO002109,2026-09-16,21063383.97,1053169.2,2026-10-16,,Overdue
INV001669,PO002110,2026-09-14,14751327.85,1770159.34,2026-11-13,2026-11-13,Paid
INV001670,PO002112,2026-09-11,28294425.3,3395331.04,2026-10-26,,Overdue
INV001671,PO002113,2026-09-21,15227761.87,761388.09,2026-10-06,2026-10-03,Paid
INV001672,PO002114,2026-09-24,15889159.21,1906699.11,2026-11-08,,Pending
INV001673,PO002116,2026-09-12,6657799.4,798935.93,2026-09-27,2026-10-04,Paid
INV001674,PO002117,2026-09-07,6420586.77,770470.41,2026-09-22,2026-10-09,Paid
INV001675,PO002119,2026-09-23,22026399.17,3964751.85,2026-10-08,2026-10-20,Paid
INV001676,PO002120,2026-09-14,11067241.19,553362.06,2026-09-29,2026-10-18,Paid
INV001677,PO002121,2026-09-13,14479992.06,1737599.05,2026-10-13,,Overdue
INV001678,PO002122,2026-09-19,25740839.26,4633351.07,2026-11-18,2026-12-03,Paid
INV001679,PO002123,2026-09-11,7455381.37,372769.07,2026-10-11,2026-10-15,Paid
INV001680,PO002124,2026-09-09,8926583.25,446329.16,2026-09-24,,Pending
INV001681,PO002125,2026-09-25,22148060.47,3986650.88,2026-10-25,2026-10-21,Paid
INV001682,PO002126,2026-09-25,32052327.71,3846279.33,2026-11-24,,Pending
INV001683,PO002127,2026-09-12,9974417.14,498720.86,2026-10-27,2026-10-19,Paid
INV001684,PO002128,2026-09-18,2918238.75,525282.97,2026-10-03,,Overdue
INV001685,PO002129,2026-09-24,7039892.61,351994.63,2026-11-23,2026-12-09,Paid
INV001686,PO002130,2026-09-11,18790141.39,2254816.97,2026-10-11,,Overdue
INV001687,PO002131,2026-09-12,39421389.0,7095850.02,2026-10-27,2026-11-07,Paid
INV001688,PO002132,2026-09-24,7547851.77,905742.21,2026-10-24,2026-10-31,Paid
INV001689,PO002133,2026-09-14,4045433.74,485452.05,2026-10-14,,Pending
INV001690,PO002134,2026-09-13,23106461.7,4159163.11,2026-11-12,2026-11-21,Paid
INV001691,PO002135,2026-09-17,27617118.95,3314054.27,2026-10-02,2026-10-11,Paid
INV001692,PO002137,2026-09-11,21583913.46,3885104.42,2026-10-11,2026-10-12,Paid
INV001693,PO002138,2026-09-18,7089082.77,1276034.9,2026-11-02,,Pending
INV001694,PO002140,2026-09-11,6197258.99,1115506.62,2026-10-11,2026-10-13,Paid
INV001695,PO002141,2026-09-13,9456102.56,1702098.46,2026-09-28,,Pending
INV001696,PO002142,2026-09-09,19824035.11,3568326.32,2026-09-24,2026-09-24,Paid
INV001697,PO002143,2026-09-24,23509560.17,2821147.22,2026-11-08,2026-10-29,Paid
INV001698,PO002144,2026-09-11,10497709.8,1889587.76,2026-11-10,2026-11-08,Paid
INV001699,PO002145,2026-09-25,3626474.7,652765.45,2026-10-10,,Overdue
INV001700,PO002146,2026-09-16,12426578.21,621328.91,2026-11-15,,Pending
INV001701,PO002147,2026-09-25,7244503.44,869340.41,2026-10-25,2026-10-20,Paid
INV001702,PO002148,2026-09-21,16326276.74,2938729.81,2026-10-06,2026-10-06,Paid
INV001703,PO002149,2026-09-15,13820653.1,2487717.56,2026-09-30,2026-10-07,Paid
INV001704,PO002150,2026-09-26,25650165.3,1282508.27,2026-11-25,2026-12-01,Paid
INV001705,PO002152,2026-09-15,23962403.02,2875488.36,2026-10-30,,Overdue
INV001706,PO002153,2026-09-22,7407874.7,888944.96,2026-11-06,2026-11-22,Paid
INV001707,PO002155,2026-09-08,1714098.75,308537.77,2026-10-08,,Pending
INV001708,PO002156,2026-09-12,11612769.83,2090298.57,2026-11-11,2026-11-24,Paid
INV001709,PO002157,2026-09-24,13811493.22,690574.66,2026-11-23,2026-11-13,Paid
INV001710,PO002160,2026-09-08,5418952.51,975411.45,2026-09-23,2026-09-27,Paid
INV001711,PO002161,2026-09-07,10667573.75,533378.69,2026-11-06,2026-11-23,Paid
INV001712,PO002164,2026-09-13,9281315.4,1670636.77,2026-10-28,,Pending
INV001713,PO002165,2026-09-17,5226462.67,940763.28,2026-10-17,,Overdue
INV001714,PO002166,2026-09-11,4333946.61,520073.59,2026-10-26,2026-11-12,Paid
INV001715,PO002167,2026-09-20,21312007.35,3836161.32,2026-10-05,,Overdue
INV001716,PO002168,2026-09-15,10363389.0,1243606.68,2026-09-30,2026-09-23,Paid
INV001717,PO002170,2026-09-17,8491838.52,1528530.93,2026-10-02,2026-10-16,Paid
INV001718,PO002171,2026-09-13,1453244.04,174389.28,2026-10-13,2026-10-25,Paid
INV001719,PO002173,2026-09-12,21665526.29,2599863.15,2026-10-27,,Pending
INV001720,PO002174,2026-09-08,12337400.39,616870.02,2026-10-08,2026-10-01,Paid
INV001721,PO002176,2026-09-25,16602469.44,2988444.5,2026-10-10,,Pending
INV001722,PO002177,2026-09-21,4612286.78,230614.34,2026-11-05,2026-11-19,Paid
INV001723,PO002179,2026-09-20,20512995.66,1025649.78,2026-11-04,,Pending
INV001724,PO002180,2026-09-22,12064812.67,603240.63,2026-11-06,,Overdue
INV001725,PO002181,2026-09-22,22567335.05,2708080.21,2026-11-06,,Pending
INV001726,PO002182,2026-09-19,11844178.5,592208.93,2026-10-04,,Overdue
INV001727,PO002183,2026-09-13,15440246.73,1852829.61,2026-11-12,2026-11-23,Paid
INV001728,PO002184,2026-09-24,7533118.68,1355961.36,2026-10-09,,Overdue
INV001729,PO002185,2026-09-10,9018812.91,1623386.32,2026-09-25,2026-10-07,Paid
INV001730,PO002186,2026-09-20,19326570.25,966328.51,2026-11-04,,Pending
INV001731,PO002189,2026-09-16,5590575.91,1006303.66,2026-10-01,,Overdue
INV001732,PO002191,2026-09-07,14087122.03,1690454.64,2026-10-07,2026-10-18,Paid
INV001733,PO002192,2026-09-11,19545421.06,977271.05,2026-10-11,2026-10-11,Paid
INV001734,PO002193,2026-09-25,18097589.62,2171710.75,2026-11-09,,Pending
INV001735,PO002195,2026-09-14,320946.7,16047.34,2026-11-13,,Overdue
INV001736,PO002196,2026-09-12,552578.25,99464.08,2026-11-11,,Pending
INV001737,PO002197,2026-09-18,5696649.89,683597.99,2026-11-02,2026-11-03,Paid
INV001738,PO002198,2026-09-11,7597744.25,911729.31,2026-11-10,,Overdue
INV001739,PO002199,2026-09-17,22662039.06,2719444.69,2026-11-01,2026-11-14,Paid
INV001740,PO002200,2026-09-20,13853990.46,1662478.86,2026-11-04,,Overdue
INV001741,PO002201,2026-09-22,19543055.85,3517750.05,2026-10-22,,Pending
INV001742,PO002202,2026-09-16,3774833.25,679469.98,2026-11-15,2026-11-12,Paid
INV001743,PO002203,2026-09-08,7950481.58,397524.08,2026-09-23,2026-09-23,Paid
INV001744,PO002204,2026-09-18,28827428.74,3459291.45,2026-11-17,2026-11-17,Paid
INV001745,PO002205,2026-09-14,5424088.06,271204.4,2026-10-29,,Pending
INV001746,PO002208,2026-09-26,25918025.21,4665244.54,2026-11-10,2026-11-18,Paid
INV001747,PO002209,2026-09-15,22676734.38,4081812.19,2026-10-30,2026-11-03,Paid
INV001748,PO002211,2026-09-07,28223759.34,3386851.12,2026-09-22,2026-09-23,Paid
INV001749,PO002212,2026-09-08,2850530.22,342063.63,2026-11-07,2026-11-21,Paid
INV001750,PO002213,2026-09-13,6315652.73,757878.33,2026-09-28,,Pending
INV001751,PO002215,2026-09-26,13245633.92,1589476.07,2026-10-11,2026-10-17,Paid
INV001752,PO002216,2026-09-10,2165340.54,389761.3,2026-11-09,2026-11-05,Paid
INV001753,PO002217,2026-09-24,18563112.96,3341360.33,2026-11-23,2026-12-03,Paid
INV001754,PO002218,2026-09-26,28975654.04,3477078.48,2026-11-10,,Overdue
INV001755,PO002219,2026-09-15,5218314.82,260915.74,2026-10-15,,Overdue
INV001756,PO002220,2026-09-23,4991154.63,249557.73,2026-10-23,2026-11-10,Paid
INV001757,PO002221,2026-09-11,2389504.74,286740.57,2026-09-26,,Overdue
INV001758,PO002224,2026-09-26,14169739.51,1700368.74,2026-11-25,2026-11-17,Paid
INV001759,PO002225,2026-09-23,19292165.12,964608.26,2026-10-08,,Pending
INV001760,PO002226,2026-09-21,3892458.5,700642.53,2026-11-20,2026-12-10,Paid
INV001761,PO002227,2026-09-13,2505429.41,300651.53,2026-09-28,2026-10-05,Paid
INV001762,PO002228,2026-09-26,5614211.4,280710.57,2026-11-10,,Overdue
INV001763,PO002231,2026-09-11,21918844.11,2630261.29,2026-09-26,2026-09-23,Paid
INV001764,PO002232,2026-09-20,13054809.49,2349865.71,2026-11-04,,Pending
INV001765,PO002233,2026-09-15,2815298.12,506753.66,2026-10-15,2026-10-29,Paid
INV001766,PO002234,2026-09-22,23073567.16,2768828.06,2026-10-22,,Overdue
INV001767,PO002235,2026-09-20,1989618.41,99480.92,2026-11-19,2026-12-01,Paid
INV001768,PO002236,2026-09-23,13691416.1,2464454.9,2026-11-22,,Pending
INV001769,PO002237,2026-09-19,7729977.6,927597.31,2026-11-03,,Overdue
INV001770,PO002239,2026-09-08,20768139.78,3738265.16,2026-10-23,2026-10-15,Paid
INV001771,PO002240,2026-09-26,2594307.2,311316.86,2026-11-10,2026-11-23,Paid
INV001772,PO002241,2026-09-09,12074678.02,2173442.04,2026-11-08,,Overdue
INV001773,PO002242,2026-09-08,5159793.24,928762.78,2026-09-23,2026-09-19,Paid
INV001774,PO002245,2026-09-09,1495694.2,74784.71,2026-11-08,2026-11-09,Paid
INV001775,PO002248,2026-09-17,18433706.62,3318067.19,2026-11-16,2026-11-07,Paid
INV001776,PO002249,2026-09-11,42113262.0,7580387.16,2026-10-26,2026-11-04,Paid
INV001777,PO002250,2026-09-18,2088473.72,375925.27,2026-11-17,,Pending
INV001778,PO002252,2026-09-25,13718411.93,1646209.43,2026-11-09,,Overdue
INV001779,PO002253,2026-09-10,10296316.13,1853336.9,2026-10-10,,Pending
INV001780,PO002254,2026-09-23,18590901.58,929545.08,2026-10-23,2026-10-28,Paid
INV001781,PO002255,2026-09-23,8650075.56,432503.78,2026-11-22,2026-11-15,Paid
INV001782,PO002257,2026-09-23,21883129.31,3938963.28,2026-10-23,2026-10-31,Paid
INV001783,PO002258,2026-09-16,25484802.96,1274240.15,2026-10-16,2026-10-30,Paid
INV001784,PO002259,2026-09-15,6506091.56,780730.99,2026-10-15,2026-10-10,Paid
INV001785,PO002260,2026-09-18,23152288.44,4167411.92,2026-10-03,2026-10-02,Paid
INV001786,PO002261,2026-09-18,2328015.07,279361.81,2026-11-17,2026-12-06,Paid
INV001787,PO002263,2026-09-10,22130339.97,2655640.8,2026-10-10,,Pending
INV001788,PO002264,2026-09-15,56545.02,2827.25,2026-10-30,2026-11-18,Paid
INV001789,PO002265,2026-09-16,20301.24,3654.22,2026-10-16,,Overdue
INV001790,PO002266,2026-09-20,2560466.96,128023.35,2026-10-20,,Pending
INV001791,PO002267,2026-09-08,15378303.1,768915.16,2026-10-08,2026-10-12,Paid
INV001792,PO002268,2026-09-15,1136916.0,204644.88,2026-09-30,2026-10-06,Paid
INV001793,PO002269,2026-09-09,909228.42,45461.42,2026-11-08,2026-11-22,Paid
INV001794,PO002271,2026-09-22,12213178.16,1465581.38,2026-10-22,2026-10-20,Paid
INV001795,PO002272,2026-09-13,8279548.71,413977.44,2026-10-28,,Pending
INV001796,PO002273,2026-09-07,6857753.04,342887.65,2026-11-06,2026-11-03,Paid
INV001797,PO002274,2026-09-18,23064979.26,2767797.51,2026-11-02,2026-11-14,Paid
INV001798,PO002275,2026-09-19,20990640.74,3778315.33,2026-10-19,,Overdue
INV001799,PO002277,2026-09-24,20409554.24,3673719.76,2026-11-23,2026-12-08,Paid
INV001800,PO002278,2026-09-12,8336963.99,1000435.68,2026-10-12,2026-10-13,Paid
INV001801,PO002279,2026-09-09,2099748.92,251969.87,2026-10-09,2026-10-26,Paid
INV001802,PO002280,2026-09-10,15280284.25,1833634.11,2026-10-10,2026-10-21,Paid
INV001803,PO002281,2026-09-19,12277914.07,2210024.53,2026-11-03,2026-11-01,Paid
INV001804,PO002282,2026-09-16,23600872.23,4248157.0,2026-10-31,2026-11-02,Paid
INV001805,PO002283,2026-09-08,19977480.76,3595946.54,2026-10-08,2026-10-08,Paid
INV001806,PO002284,2026-09-16,11432604.72,2057868.85,2026-11-15,2026-12-03,Paid
INV001807,PO002286,2026-09-12,11641687.2,1397002.46,2026-09-27,2026-10-16,Paid
INV001808,PO002287,2026-09-18,9877318.88,493865.94,2026-10-03,,Pending
INV001809,PO002288,2026-09-09,17793456.94,889672.85,2026-10-09,,Overdue
INV001810,PO002289,2026-09-07,20144284.74,1007214.24,2026-10-22,2026-11-01,Paid
INV001811,PO002290,2026-09-23,7838709.1,1410967.64,2026-10-23,,Pending
INV001812,PO002291,2026-09-18,20933489.45,3768028.1,2026-10-18,2026-10-16,Paid
INV001813,PO002292,2026-09-08,3825823.06,688648.15,2026-11-07,2026-11-21,Paid
INV001814,PO002294,2026-09-18,3033792.59,364055.11,2026-10-18,2026-10-18,Paid
INV001815,PO002296,2026-09-18,33291566.0,3994987.92,2026-11-17,2026-11-23,Paid
INV001816,PO002298,2026-09-18,19705315.03,3546956.71,2026-10-03,,Overdue
INV001817,PO002299,2026-09-11,7856667.63,1414200.17,2026-10-26,2026-11-04,Paid
INV001818,PO002301,2026-09-25,13904991.39,1668598.97,2026-11-09,,Overdue
INV001819,PO002302,2026-09-19,9339064.68,1681031.64,2026-10-04,2026-10-21,Paid
INV001820,PO002305,2026-09-18,23039669.72,4147140.55,2026-11-02,,Pending
INV001821,PO002307,2026-09-13,25259365.01,1262968.25,2026-09-28,,Pending
INV001822,PO002308,2026-09-26,4259009.6,766621.73,2026-10-26,,Pending
INV001823,PO002309,2026-09-19,20479175.11,1023958.76,2026-11-03,2026-11-02,Paid
INV001824,PO002311,2026-09-15,8927542.5,1071305.1,2026-10-30,2026-10-23,Paid
INV001825,PO002312,2026-09-21,15030841.3,1803700.96,2026-10-06,2026-10-09,Paid
INV001826,PO002313,2026-09-19,21353.02,2562.36,2026-11-03,,Overdue
INV001827,PO002314,2026-09-26,7919465.38,1425503.77,2026-10-11,,Pending
INV001828,PO002315,2026-09-17,16709844.55,3007772.02,2026-11-16,,Overdue
INV001829,PO002316,2026-09-22,6563330.23,1181399.44,2026-10-22,2026-10-18,Paid
INV001830,PO002317,2026-09-12,6967798.53,836135.82,2026-10-12,2026-10-10,Paid
INV001831,PO002319,2026-09-14,4434015.6,221700.78,2026-09-29,,Pending
INV001832,PO002320,2026-09-14,29708641.28,5347555.43,2026-09-29,,Overdue
INV001833,PO002321,2026-09-10,1081021.5,54051.08,2026-11-09,,Overdue
INV001834,PO002323,2026-09-22,30890709.34,1544535.47,2026-10-22,,Pending
INV001835,PO002324,2026-09-14,24955775.15,2994693.02,2026-09-29,2026-10-16,Paid
INV001836,PO002325,2026-09-16,10513616.99,1892451.06,2026-10-16,2026-11-01,Paid
INV001837,PO002327,2026-09-11,16266580.3,2927984.45,2026-11-10,2026-11-04,Paid
INV001838,PO002329,2026-09-11,13769262.86,688463.14,2026-10-11,,Overdue
INV001839,PO002331,2026-09-20,19448375.75,3500707.63,2026-10-05,2026-09-25,Paid
INV001840,PO002333,2026-09-11,22612630.11,4070273.42,2026-10-26,2026-10-25,Paid
INV001841,PO002334,2026-09-11,23379725.64,1168986.28,2026-10-26,,Overdue
INV001842,PO002335,2026-09-11,19475382.93,973769.15,2026-10-26,2026-10-16,Paid
INV001843,PO002336,2026-09-11,23467411.11,1173370.56,2026-10-11,2026-10-01,Paid
INV001844,PO002337,2026-09-07,10855375.74,542768.79,2026-10-07,2026-10-11,Paid
INV001845,PO002338,2026-09-23,36154483.02,6507806.94,2026-10-23,,Overdue
INV001846,PO002340,2026-09-12,15091598.97,1810991.88,2026-10-12,2026-10-03,Paid
INV001847,PO002341,2026-09-25,13402882.48,1608345.9,2026-10-10,2026-10-10,Paid
INV001848,PO002342,2026-09-14,29829113.66,1491455.68,2026-10-29,,Pending
INV001849,PO002343,2026-09-10,16656346.79,2998142.42,2026-11-09,,Pending
INV001850,PO002346,2026-09-12,21400072.81,3852013.11,2026-10-27,,Overdue
INV001851,PO002347,2026-09-15,3890366.53,466843.98,2026-11-14,,Pending
INV001852,PO002349,2026-09-16,6133241.04,306662.05,2026-11-15,,Pending
INV001853,PO002350,2026-09-25,10918341.44,1310200.97,2026-10-25,,Pending
INV001854,PO002351,2026-09-09,6765885.65,811906.28,2026-09-24,,Overdue
INV001855,PO002352,2026-09-13,14674360.24,733718.01,2026-11-12,2026-11-21,Paid
INV001856,PO002355,2026-09-08,25014631.84,3001755.82,2026-10-08,2026-10-10,Paid
INV001857,PO002357,2026-09-08,34741023.73,1737051.19,2026-11-07,2026-11-26,Paid
INV001858,PO002358,2026-09-10,9245351.92,1664163.35,2026-10-25,,Pending
INV001859,PO002359,2026-09-22,824656.15,148438.11,2026-10-22,,Pending
INV001860,PO002360,2026-09-09,10108633.3,1213036.0,2026-10-09,,Pending
INV001861,PO002362,2026-09-12,16044176.98,2887951.86,2026-10-12,2026-10-12,Paid
INV001862,PO002363,2026-09-26,8223367.0,1480206.06,2026-11-25,,Pending
INV001863,PO002364,2026-09-21,23775275.99,1188763.8,2026-10-21,2026-10-17,Paid
INV001864,PO002366,2026-09-23,4023792.69,201189.63,2026-10-08,2026-10-11,Paid
INV001865,PO002367,2026-09-12,22056850.6,3970233.11,2026-10-12,2026-10-07,Paid
INV001866,PO002369,2026-09-12,15512351.35,2792223.24,2026-10-12,2026-10-18,Paid
INV001867,PO002370,2026-09-09,12968897.68,648444.88,2026-10-24,2026-11-06,Paid
INV001868,PO002372,2026-09-12,11982692.19,599134.61,2026-10-27,,Overdue
INV001869,PO002373,2026-09-07,18802078.36,2256249.4,2026-10-07,,Pending
INV001870,PO002374,2026-09-07,10231509.54,1841671.72,2026-10-22,2026-11-09,Paid
INV001871,PO002375,2026-09-10,7881207.7,945744.92,2026-10-25,2026-10-20,Paid
INV001872,PO002376,2026-09-16,26172427.38,3140691.29,2026-10-16,2026-10-24,Paid
INV001873,PO002377,2026-09-11,18387772.3,2206532.68,2026-10-26,,Pending
INV001874,PO002378,2026-09-21,7038667.08,1266960.07,2026-10-06,,Overdue
INV001875,PO002379,2026-09-25,1343912.6,67195.63,2026-10-25,2026-10-16,Paid
INV001876,PO002380,2026-09-15,21451342.07,2574161.05,2026-10-15,,Overdue
INV001877,PO002383,2026-09-13,18726245.3,936312.27,2026-11-12,2026-11-05,Paid
INV001878,PO002384,2026-09-18,40158507.62,2007925.38,2026-11-02,,Overdue
INV001879,PO002385,2026-09-14,7725025.02,386251.25,2026-11-13,,Overdue
INV001880,PO002386,2026-09-25,18505598.57,2220671.83,2026-10-10,,Overdue
INV001881,PO002388,2026-09-07,21013727.88,2521647.35,2026-10-07,2026-10-15,Paid
INV001882,PO002389,2026-09-15,8050455.22,966054.63,2026-11-14,2026-11-22,Paid
INV001883,PO002390,2026-09-18,7216111.74,360805.59,2026-10-18,2026-11-02,Paid
INV001884,PO002391,2026-09-22,9033650.5,451682.53,2026-10-22,2026-11-04,Paid
INV001885,PO002392,2026-09-13,13750253.76,687512.69,2026-09-28,,Pending
INV001886,PO002394,2026-09-07,11429832.57,2057369.86,2026-11-06,2026-11-13,Paid
INV001887,PO002395,2026-09-20,21417066.83,3855072.03,2026-11-04,,Overdue
INV001888,PO002396,2026-09-16,13620054.41,1634406.53,2026-11-15,2026-11-19,Paid
INV001889,PO002397,2026-09-18,17680604.71,884030.24,2026-10-03,2026-10-10,Paid
INV001890,PO002400,2026-09-14,9179085.51,1652235.39,2026-10-29,,Pending
INV001891,PO002401,2026-09-18,24180855.69,1209042.78,2026-11-17,,Overdue
INV001892,PO002403,2026-09-11,18735902.09,3372462.38,2026-10-11,,Pending
INV001893,PO002404,2026-09-07,16699375.41,3005887.57,2026-10-07,2026-10-23,Paid
INV001894,PO002405,2026-09-11,1247846.04,224612.29,2026-10-26,2026-11-13,Paid
INV001895,PO002406,2026-09-10,1210413.78,60520.69,2026-09-25,2026-09-26,Paid
INV001896,PO002407,2026-09-20,8919561.95,445978.1,2026-11-04,2026-10-29,Paid
INV001897,PO002408,2026-09-20,5510978.87,991976.2,2026-11-19,,Pending
INV001898,PO002410,2026-09-20,22529891.15,4055380.41,2026-10-05,,Overdue
INV001899,PO002411,2026-09-15,29231645.84,1461582.29,2026-10-30,,Overdue
INV001900,PO002412,2026-09-19,13227974.12,1587356.89,2026-11-18,2026-11-15,Paid
INV001901,PO002413,2026-09-13,25817916.45,3098149.97,2026-10-28,2026-11-13,Paid
INV001902,PO002414,2026-09-16,3052460.4,366295.25,2026-10-16,2026-10-06,Paid
INV001903,PO002416,2026-09-20,28040801.99,3364896.24,2026-11-04,2026-10-29,Paid
INV001904,PO002417,2026-09-20,17886442.97,3219559.73,2026-10-05,2026-10-02,Paid
INV001905,PO002418,2026-09-16,18782503.17,939125.16,2026-10-16,,Pending
INV001906,PO002419,2026-09-09,12848827.54,1541859.3,2026-10-09,2026-10-05,Paid
INV001907,PO002420,2026-09-10,24064961.69,1203248.08,2026-09-25,2026-10-06,Paid
INV001908,PO002421,2026-09-20,14397024.18,2591464.35,2026-10-20,2026-10-29,Paid
INV001909,PO002422,2026-09-18,7947727.34,397386.37,2026-10-03,2026-09-28,Paid
INV001910,PO002423,2026-09-18,5019746.82,250987.34,2026-11-17,2026-11-25,Paid
INV001911,PO002424,2026-09-21,15398010.91,1847761.31,2026-11-20,,Overdue
INV001912,PO002425,2026-09-21,19068870.58,953443.53,2026-11-20,,Pending
INV001913,PO002426,2026-09-19,373910.94,44869.31,2026-11-03,2026-11-09,Paid
INV001914,PO002428,2026-09-20,27657541.41,4978357.45,2026-10-20,2026-10-24,Paid
INV001915,PO002429,2026-09-07,16389808.24,1966776.99,2026-09-22,2026-10-05,Paid
INV001916,PO002430,2026-09-09,17931158.48,3227608.53,2026-09-24,2026-09-18,Paid
INV001917,PO002431,2026-09-16,22044945.19,2645393.42,2026-10-01,2026-10-03,Paid
INV001918,PO002434,2026-09-26,18124911.02,3262483.98,2026-11-10,2026-11-03,Paid
INV001919,PO002435,2026-09-10,546518.85,98373.39,2026-11-09,2026-11-21,Paid
INV001920,PO002436,2026-09-25,2063170.59,371370.71,2026-10-10,2026-10-08,Paid
INV001921,PO002437,2026-09-15,3676170.85,661710.75,2026-09-30,2026-10-11,Paid
INV001922,PO002438,2026-09-08,18168001.65,2180160.2,2026-10-08,2026-10-20,Paid
INV001923,PO002439,2026-09-09,15181893.52,2732740.83,2026-10-24,,Overdue
INV001924,PO002440,2026-09-12,30909290.09,1545464.5,2026-10-27,,Overdue
INV001925,PO002441,2026-09-26,21155431.17,1057771.56,2026-10-11,,Pending
INV001926,PO002442,2026-09-16,2460303.09,123015.15,2026-10-31,2026-10-25,Paid
INV001927,PO002444,2026-09-09,8607600.32,430380.02,2026-11-08,2026-11-19,Paid
INV001928,PO002445,2026-09-15,5052586.65,909465.6,2026-10-15,2026-10-05,Paid
INV001929,PO002446,2026-09-18,14787192.42,1774463.09,2026-10-03,2026-09-25,Paid
INV001930,PO002448,2026-09-18,20222665.21,3640079.74,2026-11-17,,Overdue
INV001931,PO002449,2026-09-17,6502874.16,325143.71,2026-11-16,,Pending
INV001932,PO002450,2026-09-07,2176836.12,261220.33,2026-11-06,2026-11-16,Paid
INV001933,PO002451,2026-09-10,7650399.06,918047.89,2026-09-25,2026-10-01,Paid
INV001934,PO002452,2026-09-14,11336865.26,1360423.83,2026-09-29,2026-10-01,Paid
INV001935,PO002453,2026-09-07,24419350.47,4395483.08,2026-10-22,2026-10-20,Paid
INV001936,PO002454,2026-09-11,16771403.11,2012568.37,2026-11-10,2026-11-21,Paid
INV001937,PO002456,2026-09-11,13950582.57,697529.13,2026-10-26,2026-11-02,Paid
INV001938,PO002457,2026-09-19,8005856.69,400292.83,2026-10-04,2026-09-27,Paid
INV001939,PO002458,2026-09-10,23292959.82,1164647.99,2026-11-09,2026-11-26,Paid
INV001940,PO002459,2026-09-22,15037509.77,751875.49,2026-11-06,2026-11-20,Paid
INV001941,PO002460,2026-09-18,26134104.47,4704138.8,2026-10-18,2026-10-11,Paid
INV001942,PO002461,2026-09-08,21666944.0,2600033.28,2026-09-23,,Pending
INV001943,PO002462,2026-09-17,5034709.4,251735.47,2026-11-01,,Pending
INV001944,PO002463,2026-09-12,13755378.82,1650645.46,2026-10-27,2026-10-20,Paid
INV001945,PO002464,2026-09-08,20483291.77,2457995.01,2026-10-08,,Pending
INV001946,PO002465,2026-09-09,28305873.37,1415293.67,2026-10-09,2026-10-13,Paid
INV001947,PO002466,2026-09-11,28330029.62,3399603.55,2026-09-26,,Overdue
INV001948,PO002468,2026-09-16,15924980.97,1910997.72,2026-10-16,2026-11-04,Paid
INV001949,PO002469,2026-09-07,21280992.51,3830578.65,2026-11-06,2026-11-19,Paid
INV001950,PO002470,2026-09-26,12538144.13,1504577.3,2026-10-26,2026-11-09,Paid
INV001951,PO002471,2026-09-14,2734450.31,136722.52,2026-11-13,2026-11-06,Paid
INV001952,PO002473,2026-09-07,27008292.46,4861492.64,2026-10-07,2026-10-23,Paid
INV001953,PO002474,2026-09-25,4718768.21,235938.41,2026-11-09,2026-10-30,Paid
INV001954,PO002475,2026-09-26,13352300.84,2403414.15,2026-10-11,2026-10-27,Paid
INV001955,PO002477,2026-09-26,3774152.47,452898.3,2026-10-11,,Overdue
INV001956,PO002478,2026-09-11,23679502.3,4262310.41,2026-10-11,,Overdue
INV001957,PO002479,2026-09-23,1235053.08,148206.37,2026-11-07,2026-11-07,Paid
INV001958,PO002480,2026-09-25,27467887.87,3296146.54,2026-10-25,2026-10-23,Paid
INV001959,PO002481,2026-09-13,4047779.94,485733.59,2026-10-28,2026-10-22,Paid
INV001960,PO002482,2026-09-19,33479742.48,4017569.1,2026-11-03,2026-11-08,Paid
INV001961,PO002483,2026-09-14,18037145.44,3246686.18,2026-11-13,,Overdue
INV001962,PO002484,2026-09-19,13347551.44,1601706.17,2026-11-03,,Overdue
INV001963,PO002485,2026-09-09,11115797.76,555789.89,2026-09-24,2026-09-16,Paid
INV001964,PO002486,2026-09-12,12425687.15,2236623.69,2026-10-12,,Pending
INV001965,PO002487,2026-09-11,22700212.82,2724025.54,2026-10-11,2026-10-24,Paid
INV001966,PO002488,2026-09-20,727555.92,87306.71,2026-11-19,,Pending
INV001967,PO002489,2026-09-26,17534422.23,3156196.0,2026-10-26,,Pending
INV001968,PO002490,2026-09-21,955578.36,114669.4,2026-10-06,2026-10-11,Paid
INV001969,PO002491,2026-09-07,12835583.85,2310405.09,2026-10-07,2026-10-27,Paid
INV001970,PO002493,2026-09-08,23098278.82,4157690.19,2026-10-08,2026-09-30,Paid
INV001971,PO002495,2026-09-14,20632390.83,1031619.54,2026-09-29,2026-10-03,Paid
INV001972,PO002497,2026-09-25,28748184.91,1437409.25,2026-10-10,,Overdue
INV001973,PO002498,2026-09-12,44291507.34,7972471.32,2026-10-12,,Pending
INV001974,PO002499,2026-09-19,15118202.24,755910.11,2026-11-18,2026-11-08,Paid
INV001975,PO002500,2026-09-09,14012174.44,1681460.93,2026-10-09,,Overdue
