po_item_id,po_id,product_id,quantity,unit_price,promised_delivery_date,actual_delivery_date,received_qty,rejected_qty
POITEM0000001,PO000001,PROD0223,20,111869.01,2026-09-23,2026-09-22,19,1
POITEM0000002,PO000001,PROD0231,54,52060.23,2026-09-23,2026-10-18,52,0
POITEM0000003,PO000001,PROD0119,18,109557.0,2026-09-23,2026-10-13,16,1
POITEM0000004,PO000001,PROD0116,49,43308.89,2026-09-23,2026-10-15,48,0
POITEM0000005,PO000002,PROD0094,85,116844.75,2026-10-05,2026-10-28,82,1
POITEM0000006,PO000002,PROD0004,20,83614.5,2026-10-05,2026-10-18,18,0
POITEM0000007,PO000002,PROD0112,28,126975.34,2026-10-05,2026-10-03,27,0
POITEM0000008,PO000002,PROD0203,51,70437.66,2026-10-05,2026-10-15,46,1
POITEM0000009,PO000003,PROD0087,64,122673.37,2026-09-29,2026-10-06,62,0
POITEM0000010,PO000003,PROD0051,39,169617.88,2026-09-29,2026-10-20,35,4
POITEM0000011,PO000003,PROD0006,36,40753.15,2026-09-29,2026-10-01,33,1
POITEM0000012,PO000004,PROD0156,56,103450.0,2026-09-17,2026-10-12,55,0
POITEM0000013,PO000004,PROD0186,63,12169.85,2026-09-17,2026-10-03,59,0
POITEM0000014,PO000004,PROD0128,46,59965.49,2026-09-17,2026-10-12,42,0
POITEM0000015,PO000004,PROD0111,9,71859.05,2026-09-17,2026-10-12,8,1
POITEM0000016,PO000005,PROD0123,64,16618.94,2026-10-19,2026-11-08,63,0
POITEM0000017,PO000005,PROD0156,54,104343.22,2026-10-19,2026-10-29,51,0
POITEM0000018,PO000005,PROD0075,40,112068.39,2026-10-19,2026-11-03,39,0
POITEM0000019,PO000005,PROD0037,44,92650.4,2026-10-19,2026-11-03,40,2
POITEM0000020,PO000005,PROD0061,88,56899.63,2026-10-19,2026-11-02,80,6
POITEM0000021,PO000005,PROD0133,79,106631.1,2026-10-19,2026-10-17,75,4
POITEM0000022,PO000006,PROD0136,44,102049.78,2026-10-03,2026-10-21,42,1
POITEM0000023,PO000006,PROD0073,89,84337.75,2026-10-03,2026-10-25,83,1
POITEM0000024,PO000007,PROD0145,9,2164.19,2026-09-17,2026-09-12,8,1
POITEM0000025,PO000007,PROD0249,48,59524.11,2026-09-17,2026-09-25,46,0
POITEM0000026,PO000007,PROD0122,27,90241.83,2026-09-17,2026-10-12,26,1
POITEM0000027,PO000008,PROD0060,61,116991.14,2026-10-05,2026-10-25,58,2
POITEM0000028,PO000008,PROD0233,72,2710.59,2026-10-05,2026-10-10,67,4
POITEM0000029,PO000008,PROD0224,43,38007.56,2026-10-05,2026-10-22,38,1
POITEM0000030,PO000008,PROD0232,17,130989.94,2026-10-05,2026-10-30,16,1
POITEM0000031,PO000008,PROD0081,81,57968.81,2026-10-05,2026-10-18,74,3
POITEM0000032,PO000008,PROD0163,91,19084.7,2026-10-05,2026-10-18,82,9
POITEM0000033,PO000009,PROD0209,32,118133.46,2026-09-16,2026-09-26,30,2
POITEM0000034,PO000009,PROD0210,61,40978.47,2026-09-16,2026-10-09,57,0
POITEM0000035,PO000010,PROD0131,50,144481.43,2026-10-21,2026-11-09,46,1
POITEM0000036,PO000010,PROD0226,80,116865.8,2026-10-21,2026-10-26,78,0
POITEM0000037,PO000010,PROD0025,68,34562.77,2026-10-21,2026-10-31,65,3
POITEM0000038,PO000011,PROD0231,35,63882.14,2026-09-15,2026-09-12,34,1
POITEM0000039,PO000011,PROD0229,50,57254.48,2026-09-15,2026-10-04,49,0
POITEM0000040,PO000011,PROD0243,99,27283.92,2026-09-15,2026-09-18,91,2
POITEM0000041,PO000011,PROD0246,47,95526.12,2026-09-15,2026-10-07,46,0
POITEM0000042,PO000011,PROD0187,61,73181.42,2026-09-15,2026-09-17,56,1
POITEM0000043,PO000012,PROD0001,72,5308.52,2026-10-13,2026-10-12,66,6
POITEM0000044,PO000012,PROD0084,35,115865.04,2026-10-13,2026-11-07,31,2
POITEM0000045,PO000012,PROD0092,63,121297.36,2026-10-13,2026-10-18,57,4
POITEM0000046,PO000012,PROD0212,69,10740.15,2026-10-13,2026-10-14,66,1
POITEM0000047,PO000012,PROD0159,77,78943.44,2026-10-13,2026-10-27,71,0
POITEM0000048,PO000012,PROD0124,38,66745.99,2026-10-13,2026-10-31,36,0
POITEM0000049,PO000013,PROD0227,32,92933.72,2026-09-18,2026-10-08,29,3
POITEM0000050,PO000013,PROD0050,55,38809.12,2026-09-18,2026-10-05,49,6
POITEM0000051,PO000013,PROD0135,2,26946.32,2026-09-18,2026-09-22,1,1
POITEM0000052,PO000013,PROD0205,27,100313.41,2026-09-18,2026-09-17,24,2
POITEM0000053,PO000013,PROD0130,4,85071.59,2026-09-18,2026-09-13,3,1
POITEM0000054,PO000013,PROD0073,11,71677.09,2026-09-18,2026-09-24,10,1
POITEM0000055,PO000014,PROD0115,49,112344.52,2026-10-11,2026-10-23,47,0
POITEM0000056,PO000014,PROD0161,77,79897.38,2026-10-11,2026-10-20,75,1
POITEM0000057,PO000015,PROD0240,36,16259.0,2026-09-23,2026-10-02,32,2
POITEM0000058,PO000016,PROD0181,59,160138.25,2026-10-04,2026-10-08,58,0
POITEM0000059,PO000016,PROD0156,76,73071.41,2026-10-04,2026-10-03,70,2
POITEM0000060,PO000017,PROD0032,7,39153.77,2026-09-19,2026-10-11,6,1
POITEM0000061,PO000018,PROD0123,93,13064.36,2026-10-21,,85,8
POITEM0000062,PO000018,PROD0095,4,50828.34,2026-10-21,2026-11-05,3,1
POITEM0000063,PO000018,PROD0037,83,85443.29,2026-10-21,2026-10-26,77,3
POITEM0000064,PO000018,PROD0081,23,53019.47,2026-10-21,2026-10-26,22,0
POITEM0000065,PO000018,PROD0213,83,3372.29,2026-10-21,2026-10-25,76,5
POITEM0000066,PO000019,PROD0194,8,61413.46,2026-09-22,2026-10-10,7,0
POITEM0000067,PO000019,PROD0146,64,146868.15,2026-09-22,2026-09-19,61,0
POITEM0000068,PO000019,PROD0011,18,38869.92,2026-09-22,2026-09-21,17,0
POITEM0000069,PO000019,PROD0227,67,88443.03,2026-09-22,2026-09-22,61,5
POITEM0000070,PO000019,PROD0131,31,114197.94,2026-09-22,2026-09-19,29,1
POITEM0000071,PO000020,PROD0087,44,105195.67,2026-10-21,2026-11-09,41,0
POITEM0000072,PO000020,PROD0021,64,113210.51,2026-10-21,2026-10-28,59,4
POITEM0000073,PO000020,PROD0106,8,1327.68,2026-10-21,2026-11-01,7,1
POITEM0000074,PO000021,PROD0203,12,88235.94,2026-10-04,2026-10-25,11,0
POITEM0000075,PO000021,PROD0102,58,14818.65,2026-10-04,2026-10-04,55,0
POITEM0000076,PO000021,PROD0178,98,86291.07,2026-10-04,2026-10-28,93,2
POITEM0000077,PO000021,PROD0040,30,158122.17,2026-10-04,2026-10-06,29,0
POITEM0000078,PO000021,PROD0141,83,144272.03,2026-10-04,2026-10-20,75,8
POITEM0000079,PO000021,PROD0211,4,63497.09,2026-10-04,2026-09-30,3,0
POITEM0000080,PO000022,PROD0011,20,48251.36,2026-10-10,2026-11-04,19,0
POITEM0000081,PO000022,PROD0057,65,100090.54,2026-10-10,2026-10-15,64,1
POITEM0000082,PO000022,PROD0195,50,20913.77,2026-10-10,2026-10-29,46,3
POITEM0000083,PO000022,PROD0060,3,97318.97,2026-10-10,2026-10-21,2,1
POITEM0000084,PO000023,PROD0007,54,58435.95,2026-09-26,2026-10-08,49,0
POITEM0000085,PO000023,PROD0172,6,112375.44,2026-09-26,2026-09-27,5,0
POITEM0000086,PO000023,PROD0183,27,51851.2,2026-09-26,2026-09-28,26,1
POITEM0000087,PO000023,PROD0179,1,92906.35,2026-09-26,2026-10-02,0,0
POITEM0000088,PO000024,PROD0226,22,112278.27,2026-09-22,2026-09-29,21,0
POITEM0000089,PO000024,PROD0095,20,45564.52,2026-09-22,2026-10-04,18,0
POITEM0000090,PO000024,PROD0131,81,147596.6,2026-09-22,2026-10-10,79,2
POITEM0000091,PO000024,PROD0231,37,62913.62,2026-09-22,2026-09-25,34,2
POITEM0000092,PO000024,PROD0213,66,3581.66,2026-09-22,2026-09-29,63,1
POITEM0000093,PO000025,PROD0194,33,66087.63,2026-10-16,2026-10-21,31,0
POITEM0000094,PO000025,PROD0156,42,90136.45,2026-10-16,2026-11-08,38,2
POITEM0000095,PO000026,PROD0031,4,72559.04,2026-10-07,2026-10-16,3,1
POITEM0000096,PO000026,PROD0167,27,102435.76,2026-10-07,2026-10-07,25,0
POITEM0000097,PO000026,PROD0074,6,35857.96,2026-10-07,2026-10-14,5,0
POITEM0000098,PO000026,PROD0116,96,31952.29,2026-10-07,2026-10-31,92,1
POITEM0000099,PO000027,PROD0195,95,18484.91,2026-10-11,2026-10-29,91,2
POITEM0000100,PO000027,PROD0146,89,126965.02,2026-10-11,2026-10-27,84,1
POITEM0000101,PO000028,PROD0210,83,43263.16,2026-10-01,2026-10-16,75,3
POITEM0000102,PO000028,PROD0078,73,57179.75,2026-10-01,2026-10-24,66,4
POITEM0000103,PO000028,PROD0093,28,118235.86,2026-10-01,2026-10-12,27,0
POITEM0000104,PO000028,PROD0119,40,95427.19,2026-10-01,2026-09-26,39,0
POITEM0000105,PO000028,PROD0014,24,115400.43,2026-10-01,2026-10-23,23,1
POITEM0000106,PO000029,PROD0128,93,68120.63,2026-09-28,2026-10-05,89,2
POITEM0000107,PO000029,PROD0243,59,27069.78,2026-09-28,2026-10-05,55,4
POITEM0000108,PO000030,PROD0236,62,6140.39,2026-10-19,2026-10-31,61,1
POITEM0000109,PO000030,PROD0126,86,43357.81,2026-10-19,2026-11-10,85,0
POITEM0000110,PO000031,PROD0158,14,93962.03,2026-10-07,2026-10-30,13,0
POITEM0000111,PO000032,PROD0159,7,104830.17,2026-09-21,2026-10-13,6,0
POITEM0000112,PO000033,PROD0239,57,62395.11,2026-10-18,2026-10-25,55,2
POITEM0000113,PO000033,PROD0001,73,5195.11,2026-10-18,2026-11-12,71,0
POITEM0000114,PO000033,PROD0078,13,52607.61,2026-10-18,2026-10-14,12,1
POITEM0000115,PO000034,PROD0166,55,103433.68,2026-09-18,2026-10-06,50,2
POITEM0000116,PO000034,PROD0049,10,7157.76,2026-09-18,2026-09-21,9,1
POITEM0000117,PO000035,PROD0006,39,41818.26,2026-09-22,2026-09-21,37,1
POITEM0000118,PO000035,PROD0077,59,103001.04,2026-09-22,2026-10-16,58,0
POITEM0000119,PO000035,PROD0198,16,32678.02,2026-09-22,2026-10-16,15,0
POITEM0000120,PO000035,PROD0009,61,35279.27,2026-09-22,2026-09-22,57,0
POITEM0000121,PO000035,PROD0231,15,55335.26,2026-09-22,2026-09-19,13,2
POITEM0000122,PO000035,PROD0031,31,72010.47,2026-09-22,2026-10-01,29,2
POITEM0000123,PO000036,PROD0143,9,129399.82,2026-10-05,2026-10-23,8,0
POITEM0000124,PO000036,PROD0070,28,88990.22,2026-10-05,2026-10-02,26,1
POITEM0000125,PO000036,PROD0006,87,45434.38,2026-10-05,2026-10-12,83,0
POITEM0000126,PO000036,PROD0180,5,107063.47,2026-10-05,2026-10-15,4,1
POITEM0000127,PO000036,PROD0145,60,2661.26,2026-10-05,2026-10-13,56,1
POITEM0000128,PO000036,PROD0123,2,12808.4,2026-10-05,2026-10-18,1,0
POITEM0000129,PO000037,PROD0017,37,132389.85,2026-10-15,2026-11-02,35,1
POITEM0000130,PO000037,PROD0246,26,111597.51,2026-10-15,2026-11-04,25,1
POITEM0000131,PO000037,PROD0198,4,29552.67,2026-10-15,2026-10-31,3,1
POITEM0000132,PO000037,PROD0225,25,135986.03,2026-10-15,2026-10-17,24,1
POITEM0000133,PO000037,PROD0072,1,2233.23,2026-10-15,2026-10-30,0,0
POITEM0000134,PO000037,PROD0182,73,58633.28,2026-10-15,2026-11-05,72,1
POITEM0000135,PO000038,PROD0244,92,64276.72,2026-09-14,2026-10-06,90,2
POITEM0000136,PO000038,PROD0180,7,106764.22,2026-09-14,,6,1
POITEM0000137,PO000038,PROD0126,12,33043.15,2026-09-14,2026-09-28,11,1
POITEM0000138,PO000038,PROD0203,59,94847.42,2026-09-14,2026-10-05,53,3
POITEM0000139,PO000038,PROD0060,70,102889.85,2026-09-14,2026-09-14,68,1
POITEM0000140,PO000039,PROD0231,42,60838.6,2026-09-21,2026-10-09,40,2
POITEM0000141,PO000039,PROD0096,45,59137.61,2026-09-21,2026-09-29,42,1
POITEM0000142,PO000039,PROD0186,75,5217.31,2026-09-21,2026-09-28,70,2
POITEM0000143,PO000039,PROD0142,60,132024.02,2026-09-21,2026-09-27,59,1
POITEM0000144,PO000039,PROD0139,19,104929.92,2026-09-21,2026-10-12,17,2
POITEM0000145,PO000039,PROD0038,97,109153.58,2026-09-21,2026-10-14,96,1
POITEM0000146,PO000040,PROD0139,78,88269.07,2026-10-13,2026-10-16,74,1
POITEM0000147,PO000040,PROD0105,43,95768.26,2026-10-13,2026-11-06,41,1
POITEM0000148,PO000040,PROD0093,83,115790.25,2026-10-13,2026-10-22,81,1
POITEM0000149,PO000040,PROD0247,97,116538.01,2026-10-13,2026-10-25,92,5
POITEM0000150,PO000040,PROD0111,22,92951.05,2026-10-13,2026-11-05,21,0
POITEM0000151,PO000040,PROD0023,44,54116.97,2026-10-13,2026-10-24,40,1
POITEM0000152,PO000041,PROD0088,21,90033.51,2026-09-26,2026-10-18,20,0
POITEM0000153,PO000041,PROD0139,27,98759.75,2026-09-26,2026-10-17,26,1
POITEM0000154,PO000041,PROD0162,11,181737.5,2026-09-26,2026-10-17,10,1
POITEM0000155,PO000041,PROD0213,15,4018.39,2026-09-26,2026-10-07,13,2
POITEM0000156,PO000041,PROD0191,6,5811.66,2026-09-26,2026-10-07,5,0
POITEM0000157,PO000042,PROD0002,22,85935.24,2026-10-10,2026-10-28,21,0
POITEM0000158,PO000042,PROD0066,88,150118.39,2026-10-10,2026-10-27,83,2
POITEM0000159,PO000042,PROD0240,63,16042.69,2026-10-10,2026-10-08,59,2
POITEM0000160,PO000042,PROD0141,94,123003.72,2026-10-10,2026-10-31,87,5
POITEM0000161,PO000042,PROD0171,71,142203.78,2026-10-10,2026-11-03,63,6
POITEM0000162,PO000043,PROD0169,45,53091.51,2026-09-16,2026-10-04,42,3
POITEM0000163,PO000043,PROD0210,89,43341.4,2026-09-16,2026-10-05,88,0
POITEM0000164,PO000043,PROD0101,29,95236.32,2026-09-16,2026-10-01,27,2
POITEM0000165,PO000043,PROD0057,59,115476.87,2026-09-16,2026-09-15,55,1
POITEM0000166,PO000043,PROD0148,92,136278.55,2026-09-16,2026-09-11,86,6
POITEM0000167,PO000044,PROD0205,10,98737.97,2026-10-21,2026-11-07,9,1
POITEM0000168,PO000044,PROD0028,31,135495.38,2026-10-21,2026-11-09,29,1
POITEM0000169,PO000044,PROD0127,39,177471.41,2026-10-21,2026-11-11,36,1
POITEM0000170,PO000044,PROD0037,70,84270.11,2026-10-21,2026-11-05,67,0
POITEM0000171,PO000044,PROD0235,25,5983.07,2026-10-21,2026-10-16,24,0
POITEM0000172,PO000045,PROD0076,16,24170.39,2026-09-22,2026-09-23,15,0
POITEM0000173,PO000046,PROD0019,55,121772.46,2026-10-19,2026-11-13,51,2
POITEM0000174,PO000046,PROD0018,85,24815.02,2026-10-19,2026-10-26,84,0
POITEM0000175,PO000046,PROD0065,90,14328.13,2026-10-19,2026-11-02,86,2
POITEM0000176,PO000046,PROD0116,44,31270.97,2026-10-19,2026-10-26,42,1
POITEM0000177,PO000046,PROD0244,27,60833.03,2026-10-19,2026-10-23,26,1
POITEM0000178,PO000046,PROD0031,80,58411.86,2026-10-19,2026-11-01,73,7
POITEM0000179,PO000047,PROD0158,64,90296.46,2026-10-16,2026-10-21,60,2
POITEM0000180,PO000047,PROD0152,4,62217.26,2026-10-16,2026-10-19,3,1
POITEM0000181,PO000047,PROD0011,50,50508.33,2026-10-16,2026-11-04,47,0
POITEM0000182,PO000047,PROD0174,55,145181.03,2026-10-16,2026-11-02,51,4
POITEM0000183,PO000047,PROD0126,80,37051.98,2026-10-16,2026-11-08,76,2
POITEM0000184,PO000047,PROD0009,88,31373.23,2026-10-16,2026-10-26,80,0
POITEM0000185,PO000048,PROD0010,12,13905.63,2026-10-07,2026-10-17,11,1
POITEM0000186,PO000048,PROD0247,70,95236.09,2026-10-07,2026-10-04,64,0
POITEM0000187,PO000048,PROD0125,32,44142.09,2026-10-07,2026-10-25,30,2
POITEM0000188,PO000048,PROD0195,81,16468.84,2026-10-07,2026-10-31,74,1
POITEM0000189,PO000049,PROD0098,78,152931.61,2026-09-29,2026-10-09,75,0
POITEM0000190,PO000049,PROD0192,42,4905.48,2026-09-29,2026-10-03,38,4
POITEM0000191,PO000049,PROD0087,100,115543.43,2026-09-29,2026-10-16,96,3
POITEM0000192,PO000049,PROD0062,28,81398.32,2026-09-29,2026-10-13,25,3
POITEM0000193,PO000050,PROD0003,88,55248.11,2026-09-19,2026-09-18,80,0
POITEM0000194,PO000051,PROD0114,36,37463.98,2026-10-05,2026-10-22,33,3
POITEM0000195,PO000051,PROD0018,69,24973.23,2026-10-05,2026-10-20,63,5
POITEM0000196,PO000051,PROD0129,7,152405.98,2026-10-05,2026-10-08,6,0
POITEM0000197,PO000051,PROD0047,90,108129.95,2026-10-05,2026-10-16,84,3
POITEM0000198,PO000051,PROD0119,23,108907.94,2026-10-05,2026-10-28,21,1
POITEM0000199,PO000052,PROD0219,38,22778.86,2026-09-24,2026-10-08,37,1
POITEM0000200,PO000052,PROD0042,55,32362.65,2026-09-24,2026-09-22,49,5
POITEM0000201,PO000052,PROD0011,20,40623.71,2026-09-24,2026-10-19,18,0
POITEM0000202,PO000053,PROD0124,32,50945.1,2026-10-01,2026-09-26,30,1
POITEM0000203,PO000053,PROD0125,100,40593.91,2026-10-01,2026-10-19,98,2
POITEM0000204,PO000054,PROD0198,6,38194.77,2026-10-15,2026-10-19,5,0
POITEM0000205,PO000054,PROD0097,29,103885.29,2026-10-15,2026-10-20,27,2
POITEM0000206,PO000055,PROD0217,90,66689.87,2026-09-25,2026-10-20,83,1
POITEM0000207,PO000055,PROD0127,13,160500.02,2026-09-25,2026-09-25,12,0
POITEM0000208,PO000055,PROD0059,17,38251.65,2026-09-25,2026-10-13,16,0
POITEM0000209,PO000055,PROD0183,57,54583.03,2026-09-25,2026-10-05,56,1
POITEM0000210,PO000055,PROD0114,90,38959.17,2026-09-25,2026-10-03,82,0
POITEM0000211,PO000056,PROD0135,14,35163.57,2026-10-06,2026-10-14,13,1
POITEM0000212,PO000056,PROD0230,5,44973.07,2026-10-06,2026-10-09,4,1
POITEM0000213,PO000056,PROD0178,72,99488.51,2026-10-06,2026-10-23,64,6
POITEM0000214,PO000056,PROD0095,9,48754.97,2026-10-06,2026-10-03,8,0
POITEM0000215,PO000056,PROD0163,34,23280.0,2026-10-06,2026-10-29,31,2
POITEM0000216,PO000056,PROD0140,61,24137.03,2026-10-06,2026-10-13,59,2
POITEM0000217,PO000057,PROD0233,18,2807.89,2026-09-24,2026-09-22,17,0
POITEM0000218,PO000057,PROD0238,21,96991.81,2026-09-24,2026-09-21,19,2
POITEM0000219,PO000058,PROD0171,58,104102.98,2026-09-30,2026-10-16,57,1
POITEM0000220,PO000058,PROD0051,72,122229.09,2026-09-30,2026-10-03,68,3
POITEM0000221,PO000059,PROD0249,85,53982.99,2026-10-21,2026-10-21,81,4
POITEM0000222,PO000060,PROD0030,26,85137.29,2026-10-03,2026-10-02,25,1
POITEM0000223,PO000060,PROD0144,18,51838.49,2026-10-03,2026-10-21,16,2
POITEM0000224,PO000060,PROD0011,51,39387.34,2026-10-03,2026-09-28,50,1
POITEM0000225,PO000060,PROD0060,8,131063.05,2026-10-03,2026-10-14,7,0
POITEM0000226,PO000061,PROD0135,86,32016.01,2026-10-21,2026-10-24,83,0
POITEM0000227,PO000062,PROD0226,41,101870.33,2026-10-11,2026-11-04,40,0
POITEM0000228,PO000062,PROD0208,62,49360.52,2026-10-11,2026-10-31,58,1
POITEM0000229,PO000062,PROD0036,25,51342.89,2026-10-11,2026-10-27,22,3
POITEM0000230,PO000063,PROD0123,50,12961.19,2026-09-16,2026-09-28,48,2
POITEM0000231,PO000063,PROD0055,81,130568.33,2026-09-16,2026-09-28,77,0
POITEM0000232,PO000063,PROD0026,19,60797.99,2026-09-16,2026-10-02,17,0
POITEM0000233,PO000063,PROD0045,66,41320.11,2026-09-16,2026-09-15,61,0
POITEM0000234,PO000064,PROD0132,32,85827.96,2026-09-23,2026-10-08,29,3
POITEM0000235,PO000064,PROD0019,81,144145.81,2026-09-23,2026-09-29,76,1
POITEM0000236,PO000064,PROD0145,34,2696.03,2026-09-23,2026-10-01,33,0
POITEM0000237,PO000064,PROD0043,97,85312.87,2026-09-23,2026-10-01,89,0
POITEM0000238,PO000065,PROD0200,25,11120.38,2026-10-11,2026-10-27,23,2
POITEM0000239,PO000065,PROD0102,48,13831.68,2026-10-11,2026-10-18,43,3
POITEM0000240,PO000065,PROD0008,78,118860.21,2026-10-11,2026-11-01,74,1
POITEM0000241,PO000066,PROD0233,66,2220.78,2026-10-07,2026-10-30,64,1
POITEM0000242,PO000066,PROD0033,83,16128.05,2026-10-07,2026-10-29,75,2
POITEM0000243,PO000066,PROD0123,31,16139.75,2026-10-07,2026-10-21,29,2
POITEM0000244,PO000066,PROD0158,37,117526.93,2026-10-07,2026-10-17,34,0
POITEM0000245,PO000066,PROD0244,56,61783.9,2026-10-07,2026-10-21,54,0
POITEM0000246,PO000066,PROD0203,54,94916.25,2026-10-07,2026-10-04,52,2
POITEM0000247,PO000067,PROD0181,100,128018.86,2026-10-11,2026-10-10,95,5
POITEM0000248,PO000068,PROD0095,36,50634.88,2026-09-17,2026-09-24,32,2
POITEM0000249,PO000069,PROD0167,39,127269.3,2026-09-30,2026-10-21,35,4
POITEM0000250,PO000069,PROD0207,78,95324.26,2026-09-30,2026-10-05,73,2
POITEM0000251,PO000069,PROD0235,61,6464.49,2026-09-30,2026-10-11,58,3
POITEM0000252,PO000069,PROD0088,50,99921.06,2026-09-30,2026-10-19,48,2
POITEM0000253,PO000070,PROD0178,77,114365.58,2026-10-16,2026-11-01,74,1
POITEM0000254,PO000070,PROD0144,61,62641.34,2026-10-16,2026-10-21,60,0
POITEM0000255,PO000070,PROD0237,89,121899.82,2026-10-16,2026-10-26,84,2
POITEM0000256,PO000070,PROD0175,69,72028.85,2026-10-16,2026-10-27,68,0
POITEM0000257,PO000070,PROD0155,33,31312.95,2026-10-16,2026-10-31,29,2
POITEM0000258,PO000071,PROD0224,66,47623.96,2026-09-29,2026-10-01,65,1
POITEM0000259,PO000071,PROD0074,42,31403.52,2026-09-29,2026-10-23,40,0
POITEM0000260,PO000071,PROD0153,73,155290.37,2026-09-29,2026-09-30,65,5
POITEM0000261,PO000072,PROD0050,67,47268.88,2026-10-14,2026-10-30,62,3
POITEM0000262,PO000072,PROD0212,36,14467.08,2026-10-14,2026-10-17,35,1
POITEM0000263,PO000072,PROD0086,86,121581.76,2026-10-14,2026-10-30,81,1
POITEM0000264,PO000073,PROD0228,89,109680.55,2026-10-11,2026-10-15,87,0
POITEM0000265,PO000073,PROD0202,88,77966.86,2026-10-11,2026-10-27,86,1
POITEM0000266,PO000073,PROD0036,92,41984.56,2026-10-11,2026-10-23,88,4
POITEM0000267,PO000073,PROD0206,42,137890.69,2026-10-11,2026-10-12,38,3
POITEM0000268,PO000073,PROD0198,75,28582.74,2026-10-11,2026-10-22,72,1
POITEM0000269,PO000074,PROD0186,93,5410.65,2026-09-17,2026-10-10,90,2
POITEM0000270,PO000075,PROD0064,44,70452.93,2026-09-24,2026-09-24,40,3
POITEM0000271,PO000075,PROD0053,48,23255.4,2026-09-24,2026-09-26,46,1
POITEM0000272,PO000075,PROD0154,62,46535.51,2026-09-24,2026-10-11,59,2
POITEM0000273,PO000075,PROD0203,73,97725.74,2026-09-24,2026-10-03,70,2
POITEM0000274,PO000075,PROD0163,19,19899.85,2026-09-24,2026-09-27,17,2
POITEM0000275,PO000075,PROD0213,10,4672.45,2026-09-24,2026-09-27,9,0
POITEM0000276,PO000076,PROD0209,9,143143.86,2026-09-25,2026-09-26,8,1
POITEM0000277,PO000076,PROD0141,64,172905.02,2026-09-25,2026-10-04,62,2
POITEM0000278,PO000076,PROD0101,75,120346.06,2026-09-25,2026-10-16,70,2
POITEM0000279,PO000076,PROD0001,66,5565.99,2026-09-25,2026-10-08,62,3
POITEM0000280,PO000077,PROD0069,55,6472.79,2026-10-06,2026-10-21,52,3
POITEM0000281,PO000077,PROD0014,77,145420.53,2026-10-06,2026-10-04,76,1
POITEM0000282,PO000078,PROD0100,24,135409.06,2026-09-18,2026-09-16,22,1
POITEM0000283,PO000078,PROD0081,98,52175.72,2026-09-18,2026-10-08,95,0
POITEM0000284,PO000078,PROD0031,6,59255.08,2026-09-18,2026-10-10,5,0
POITEM0000285,PO000078,PROD0036,36,48152.4,2026-09-18,2026-09-16,33,2
POITEM0000286,PO000079,PROD0201,96,7600.09,2026-10-09,2026-10-25,88,6
POITEM0000287,PO000079,PROD0025,27,29704.33,2026-10-09,2026-10-05,24,0
POITEM0000288,PO000080,PROD0029,44,1422.04,2026-09-17,2026-10-01,41,2
POITEM0000289,PO000081,PROD0111,29,82662.44,2026-10-20,2026-11-03,28,1
POITEM0000290,PO000081,PROD0062,71,88933.65,2026-10-20,2026-10-26,70,0
POITEM0000291,PO000081,PROD0060,20,127236.99,2026-10-20,2026-10-15,18,2
POITEM0000292,PO000082,PROD0082,50,17401.1,2026-09-20,2026-09-21,49,0
POITEM0000293,PO000082,PROD0196,21,96247.47,2026-09-20,2026-09-17,19,2
POITEM0000294,PO000082,PROD0057,95,110470.93,2026-09-20,2026-10-04,87,4
POITEM0000295,PO000082,PROD0044,63,56342.4,2026-09-20,2026-09-18,58,0
POITEM0000296,PO000082,PROD0207,32,95091.61,2026-09-20,2026-10-12,30,1
POITEM0000297,PO000083,PROD0062,79,103715.71,2026-09-27,2026-09-27,75,1
POITEM0000298,PO000083,PROD0118,29,105533.12,2026-09-27,2026-09-30,26,0
POITEM0000299,PO000084,PROD0062,86,89018.37,2026-09-25,2026-09-29,79,6
POITEM0000300,PO000085,PROD0221,28,95768.89,2026-10-17,2026-10-19,26,0
POITEM0000301,PO000085,PROD0154,11,41567.1,2026-10-17,2026-10-25,10,1
POITEM0000302,PO000085,PROD0218,57,31383.83,2026-10-17,2026-10-16,56,1
POITEM0000303,PO000085,PROD0099,79,166071.76,2026-10-17,2026-11-05,72,6
POITEM0000304,PO000085,PROD0115,3,107763.6,2026-10-17,2026-10-29,2,1
POITEM0000305,PO000086,PROD0226,63,124926.92,2026-09-23,2026-10-01,57,6
POITEM0000306,PO000086,PROD0173,68,153010.54,2026-09-23,2026-09-28,62,2
POITEM0000307,PO000087,PROD0128,65,55455.91,2026-09-15,2026-09-29,61,3
POITEM0000308,PO000088,PROD0156,91,90849.33,2026-10-19,2026-10-16,87,4
POITEM0000309,PO000088,PROD0053,90,19345.27,2026-10-19,2026-11-04,88,1
POITEM0000310,PO000088,PROD0096,22,50151.46,2026-10-19,,20,1
POITEM0000311,PO000088,PROD0037,27,93868.26,2026-10-19,2026-10-20,26,1
POITEM0000312,PO000089,PROD0104,92,161057.88,2026-09-14,2026-09-18,90,0
POITEM0000313,PO000089,PROD0071,49,113063.43,2026-09-14,2026-09-28,46,3
POITEM0000314,PO000089,PROD0064,4,71148.67,2026-09-14,2026-09-30,3,0
POITEM0000315,PO000090,PROD0179,50,105227.45,2026-10-08,2026-10-21,46,2
POITEM0000316,PO000090,PROD0017,47,137374.11,2026-10-08,2026-10-15,44,0
POITEM0000317,PO000090,PROD0116,63,31470.26,2026-10-08,2026-10-16,58,5
POITEM0000318,PO000090,PROD0183,58,63354.18,2026-10-08,2026-11-01,52,3
POITEM0000319,PO000090,PROD0205,12,129692.49,2026-10-08,2026-10-16,11,1
POITEM0000320,PO000090,PROD0006,45,39051.4,2026-10-08,2026-10-10,43,1
POITEM0000321,PO000091,PROD0234,21,20646.93,2026-10-09,2026-10-09,19,0
POITEM0000322,PO000091,PROD0067,75,54025.25,2026-10-09,2026-10-24,71,4
POITEM0000323,PO000091,PROD0123,77,13531.08,2026-10-09,2026-10-20,76,0
POITEM0000324,PO000092,PROD0098,47,157316.33,2026-10-03,2026-09-29,45,0
POITEM0000325,PO000093,PROD0182,21,60422.72,2026-09-21,2026-09-18,20,0
POITEM0000326,PO000094,PROD0021,33,137288.09,2026-10-03,2026-10-12,32,0
POITEM0000327,PO000094,PROD0135,38,33154.92,2026-10-03,2026-10-02,36,1
POITEM0000328,PO000094,PROD0239,36,78114.63,2026-10-03,2026-10-25,35,0
POITEM0000329,PO000095,PROD0105,22,83126.62,2026-09-22,2026-10-03,21,0
POITEM0000330,PO000095,PROD0080,30,24831.11,2026-09-22,2026-10-14,27,0
POITEM0000331,PO000096,PROD0014,95,143099.55,2026-09-28,2026-09-28,86,4
POITEM0000332,PO000096,PROD0147,71,63259.3,2026-09-28,2026-10-08,69,1
POITEM0000333,PO000096,PROD0168,22,96369.79,2026-09-28,2026-09-30,21,0
POITEM0000334,PO000096,PROD0201,26,9281.96,2026-09-28,2026-10-12,24,2
POITEM0000335,PO000096,PROD0224,10,35860.22,2026-09-28,2026-09-25,9,0
POITEM0000336,PO000097,PROD0210,69,44636.1,2026-10-03,2026-10-01,68,1
POITEM0000337,PO000097,PROD0201,71,8653.19,2026-10-03,2026-10-22,65,2
POITEM0000338,PO000097,PROD0046,93,6212.56,2026-10-03,2026-10-03,88,1
POITEM0000339,PO000098,PROD0239,42,82705.2,2026-10-14,2026-11-05,38,1
POITEM0000340,PO000098,PROD0048,99,87102.16,2026-10-14,2026-10-17,94,4
POITEM0000341,PO000098,PROD0063,3,117425.34,2026-10-14,2026-10-25,2,0
POITEM0000342,PO000098,PROD0202,51,87968.2,2026-10-14,2026-10-13,50,0
POITEM0000343,PO000098,PROD0003,7,42074.95,2026-10-14,2026-10-24,6,0
POITEM0000344,PO000099,PROD0062,78,106757.61,2026-10-08,2026-10-29,70,5
POITEM0000345,PO000099,PROD0221,74,79987.98,2026-10-08,2026-10-28,71,2
POITEM0000346,PO000100,PROD0063,15,83367.29,2026-09-16,2026-10-03,14,0
POITEM0000347,PO000100,PROD0117,21,48308.15,2026-09-16,2026-10-01,20,0
POITEM0000348,PO000100,PROD0045,9,37161.01,2026-09-16,2026-09-23,8,0
POITEM0000349,PO000100,PROD0182,1,62918.5,2026-09-16,2026-09-20,0,1
POITEM0000350,PO000101,PROD0205,71,125267.08,2026-10-17,2026-10-29,64,6
POITEM0000351,PO000101,PROD0126,68,42296.38,2026-10-17,2026-10-26,61,5
POITEM0000352,PO000101,PROD0174,78,117657.87,2026-10-17,2026-10-30,72,5
POITEM0000353,PO000101,PROD0194,96,56551.48,2026-10-17,2026-10-24,93,2
POITEM0000354,PO000101,PROD0102,68,14280.27,2026-10-17,2026-11-10,64,3
POITEM0000355,PO000102,PROD0129,64,128391.56,2026-10-06,2026-10-05,63,0
POITEM0000356,PO000102,PROD0220,27,38381.41,2026-10-06,2026-10-03,25,2
POITEM0000357,PO000103,PROD0216,78,95597.22,2026-09-16,2026-10-09,76,1
POITEM0000358,PO000103,PROD0077,49,116886.88,2026-09-16,2026-09-23,45,2
POITEM0000359,PO000103,PROD0030,48,67688.03,2026-09-16,2026-09-11,46,1
POITEM0000360,PO000104,PROD0051,56,151482.32,2026-09-17,2026-10-06,51,5
POITEM0000361,PO000104,PROD0193,97,151834.25,2026-09-17,2026-09-16,88,7
POITEM0000362,PO000104,PROD0005,76,139266.53,2026-09-17,2026-10-07,75,0
POITEM0000363,PO000104,PROD0056,84,37035.04,2026-09-17,2026-10-07,80,2
POITEM0000364,PO000105,PROD0063,30,95925.28,2026-09-20,2026-10-13,27,3
POITEM0000365,PO000105,PROD0037,33,96834.34,2026-09-20,2026-09-30,31,1
POITEM0000366,PO000105,PROD0005,60,164413.15,2026-09-20,2026-10-07,55,3
POITEM0000367,PO000105,PROD0231,48,49998.31,2026-09-20,2026-10-13,43,1
POITEM0000368,PO000106,PROD0034,32,56320.25,2026-10-18,2026-11-12,29,1
POITEM0000369,PO000106,PROD0107,82,18307.52,2026-10-18,2026-11-11,77,0
POITEM0000370,PO000106,PROD0246,38,114344.14,2026-10-18,2026-10-24,34,0
POITEM0000371,PO000106,PROD0014,45,145175.44,2026-10-18,2026-10-27,43,1
POITEM0000372,PO000107,PROD0224,66,48723.41,2026-10-15,2026-10-27,64,1
POITEM0000373,PO000107,PROD0111,6,95071.63,2026-10-15,2026-11-08,5,1
POITEM0000374,PO000107,PROD0020,9,73054.86,2026-10-15,2026-10-21,8,1
POITEM0000375,PO000107,PROD0154,25,58001.0,2026-10-15,2026-10-19,24,0
POITEM0000376,PO000107,PROD0076,2,30661.57,2026-10-15,2026-10-13,1,0
POITEM0000377,PO000107,PROD0091,96,12607.24,2026-10-15,2026-11-01,87,8
POITEM0000378,PO000108,PROD0016,28,146972.26,2026-10-04,2026-10-19,26,2
POITEM0000379,PO000108,PROD0007,48,57316.18,2026-10-04,2026-09-29,45,3
POITEM0000380,PO000108,PROD0131,52,104418.44,2026-10-04,2026-10-09,49,3
POITEM0000381,PO000109,PROD0160,48,14044.85,2026-10-21,2026-10-17,47,0
POITEM0000382,PO000109,PROD0084,57,128210.28,2026-10-21,2026-11-09,53,3
POITEM0000383,PO000109,PROD0073,56,65690.61,2026-10-21,2026-11-09,50,4
POITEM0000384,PO000110,PROD0171,100,122272.89,2026-10-03,2026-10-15,94,5
POITEM0000385,PO000111,PROD0145,49,2634.5,2026-10-15,2026-10-20,45,3
POITEM0000386,PO000111,PROD0130,94,106829.58,2026-10-15,2026-11-02,92,2
POITEM0000387,PO000111,PROD0018,35,32612.01,2026-10-15,2026-10-14,31,1
POITEM0000388,PO000111,PROD0248,98,7181.89,2026-10-15,2026-11-08,89,3
POITEM0000389,PO000111,PROD0040,12,138017.78,2026-10-15,2026-10-29,11,1
POITEM0000390,PO000111,PROD0239,36,64558.92,2026-10-15,2026-10-22,34,0
POITEM0000391,PO000112,PROD0012,39,26627.34,2026-10-04,2026-09-29,37,0
POITEM0000392,PO000113,PROD0108,25,106912.29,2026-09-14,2026-09-22,22,1
POITEM0000393,PO000113,PROD0146,55,136551.25,2026-09-14,2026-09-26,52,2
POITEM0000394,PO000114,PROD0001,21,4258.64,2026-09-27,2026-10-19,19,0
POITEM0000395,PO000114,PROD0017,34,104086.2,2026-09-27,2026-10-15,30,3
POITEM0000396,PO000115,PROD0057,60,101737.53,2026-10-07,2026-10-31,54,1
POITEM0000397,PO000116,PROD0127,44,157195.14,2026-09-20,2026-10-04,42,2
POITEM0000398,PO000116,PROD0030,48,89711.38,2026-09-20,2026-10-12,44,3
POITEM0000399,PO000116,PROD0021,34,111080.21,2026-09-20,2026-10-03,30,4
POITEM0000400,PO000116,PROD0172,71,134245.27,2026-09-20,2026-10-13,68,2
POITEM0000401,PO000116,PROD0118,81,96614.25,2026-09-20,2026-10-06,80,1
POITEM0000402,PO000116,PROD0208,68,42242.98,2026-09-20,2026-09-19,64,4
POITEM0000403,PO000117,PROD0175,32,87005.92,2026-10-09,2026-10-11,31,0
POITEM0000404,PO000117,PROD0072,56,2937.34,2026-10-09,2026-10-19,54,1
POITEM0000405,PO000117,PROD0207,43,76391.47,2026-10-09,2026-11-03,42,1
POITEM0000406,PO000117,PROD0153,64,112624.38,2026-10-09,2026-10-27,63,1
POITEM0000407,PO000117,PROD0200,7,13783.72,2026-10-09,2026-11-03,6,1
POITEM0000408,PO000118,PROD0028,72,133116.95,2026-10-13,2026-10-15,69,1
POITEM0000409,PO000118,PROD0211,32,69892.9,2026-10-13,2026-10-22,31,0
POITEM0000410,PO000118,PROD0038,13,93104.37,2026-10-13,2026-10-30,11,2
POITEM0000411,PO000119,PROD0093,73,128162.53,2026-09-26,,66,4
POITEM0000412,PO000119,PROD0106,11,1772.47,2026-09-26,2026-09-28,10,0
POITEM0000413,PO000119,PROD0191,80,5794.88,2026-09-26,2026-10-06,74,5
POITEM0000414,PO000119,PROD0103,9,22451.16,2026-09-26,2026-10-15,8,1
POITEM0000415,PO000119,PROD0108,8,110857.18,2026-09-26,2026-10-04,7,1
POITEM0000416,PO000120,PROD0040,43,156286.78,2026-10-03,2026-10-28,41,1
POITEM0000417,PO000120,PROD0107,16,14413.1,2026-10-03,2026-10-07,15,0
POITEM0000418,PO000120,PROD0122,63,105751.87,2026-10-03,2026-10-26,60,3
POITEM0000419,PO000120,PROD0008,51,105401.38,2026-10-03,2026-10-16,49,0
POITEM0000420,PO000121,PROD0111,32,72380.29,2026-10-17,2026-10-31,28,1
POITEM0000421,PO000121,PROD0218,44,24853.12,2026-10-17,2026-10-17,41,2
POITEM0000422,PO000121,PROD0061,76,66128.2,2026-10-17,2026-10-24,73,0
POITEM0000423,PO000121,PROD0074,13,39060.14,2026-10-17,2026-10-14,12,0
POITEM0000424,PO000122,PROD0003,12,46672.96,2026-09-25,2026-10-19,11,0
POITEM0000425,PO000122,PROD0039,7,67990.33,2026-09-25,2026-09-20,6,1
POITEM0000426,PO000122,PROD0139,23,115918.84,2026-09-25,2026-09-21,22,0
POITEM0000427,PO000122,PROD0110,38,24821.06,2026-09-25,2026-10-16,36,1
POITEM0000428,PO000122,PROD0127,87,152473.7,2026-09-25,2026-10-11,85,2
POITEM0000429,PO000122,PROD0230,46,45064.66,2026-09-25,2026-10-11,43,0
POITEM0000430,PO000123,PROD0043,40,71706.62,2026-09-27,2026-10-02,38,0
POITEM0000431,PO000124,PROD0150,11,155471.84,2026-09-26,2026-09-22,10,0
POITEM0000432,PO000125,PROD0203,51,89189.32,2026-10-18,2026-11-08,49,1
POITEM0000433,PO000125,PROD0044,14,51676.58,2026-10-18,2026-10-21,12,2
POITEM0000434,PO000126,PROD0158,10,118672.47,2026-10-19,2026-11-09,9,1
POITEM0000435,PO000126,PROD0215,18,115615.28,2026-10-19,2026-10-16,16,1
POITEM0000436,PO000126,PROD0135,78,36372.63,2026-10-19,2026-11-10,71,4
POITEM0000437,PO000127,PROD0165,90,156856.55,2026-09-22,2026-10-03,85,0
POITEM0000438,PO000127,PROD0199,64,88694.19,2026-09-22,2026-10-06,63,0
POITEM0000439,PO000128,PROD0073,21,79024.29,2026-09-29,2026-10-16,19,1
POITEM0000440,PO000128,PROD0009,58,34179.92,2026-09-29,2026-10-05,55,2
POITEM0000441,PO000128,PROD0101,38,88191.05,2026-09-29,2026-10-14,35,3
POITEM0000442,PO000128,PROD0219,54,29149.25,2026-09-29,2026-10-19,49,1
POITEM0000443,PO000128,PROD0087,40,136418.16,2026-09-29,2026-10-15,37,2
POITEM0000444,PO000128,PROD0171,27,140776.8,2026-09-29,2026-10-01,24,3
POITEM0000445,PO000129,PROD0181,5,165278.05,2026-10-18,2026-10-15,4,0
POITEM0000446,PO000129,PROD0040,76,137668.25,2026-10-18,2026-11-10,68,1
POITEM0000447,PO000130,PROD0028,17,118522.88,2026-10-20,2026-10-19,16,0
POITEM0000448,PO000130,PROD0115,37,105231.6,2026-10-20,2026-11-08,36,1
POITEM0000449,PO000131,PROD0082,53,17492.17,2026-09-27,2026-09-25,49,4
POITEM0000450,PO000131,PROD0149,94,158547.13,2026-09-27,2026-10-10,91,2
POITEM0000451,PO000131,PROD0062,91,86989.99,2026-09-27,2026-09-28,83,7
POITEM0000452,PO000131,PROD0184,84,12267.82,2026-09-27,2026-09-23,81,2
POITEM0000453,PO000131,PROD0124,21,61599.78,2026-09-27,2026-10-04,19,0
POITEM0000454,PO000131,PROD0112,45,123297.88,2026-09-27,2026-09-24,44,0
POITEM0000455,PO000132,PROD0216,33,113213.16,2026-09-21,2026-09-28,32,0
POITEM0000456,PO000133,PROD0119,91,90884.13,2026-10-13,2026-11-04,82,5
POITEM0000457,PO000133,PROD0169,58,51714.83,2026-10-13,2026-10-12,52,6
POITEM0000458,PO000133,PROD0248,42,7321.54,2026-10-13,2026-10-31,41,1
POITEM0000459,PO000133,PROD0102,85,11005.76,2026-10-13,2026-10-18,77,2
POITEM0000460,PO000134,PROD0223,22,102122.64,2026-09-16,2026-10-11,21,1
POITEM0000461,PO000135,PROD0024,19,16206.13,2026-10-17,2026-10-13,18,0
POITEM0000462,PO000135,PROD0125,31,34538.49,2026-10-17,2026-10-28,28,3
POITEM0000463,PO000135,PROD0225,36,178276.88,2026-10-17,2026-11-10,35,0
POITEM0000464,PO000135,PROD0086,93,84372.55,2026-10-17,2026-10-17,92,1
POITEM0000465,PO000136,PROD0198,2,35880.01,2026-09-15,2026-09-30,1,1
POITEM0000466,PO000137,PROD0088,14,85982.32,2026-10-01,2026-10-11,13,0
POITEM0000467,PO000137,PROD0205,28,113902.12,2026-10-01,2026-09-30,27,1
POITEM0000468,PO000137,PROD0158,88,94603.42,2026-10-01,2026-10-17,79,8
POITEM0000469,PO000137,PROD0096,36,51039.48,2026-10-01,2026-10-12,34,1
POITEM0000470,PO000137,PROD0087,68,114110.39,2026-10-01,2026-10-14,65,1
POITEM0000471,PO000137,PROD0001,56,5956.13,2026-10-01,2026-10-20,50,5
POITEM0000472,PO000138,PROD0117,93,54695.82,2026-10-21,2026-11-03,87,4
POITEM0000473,PO000139,PROD0138,6,4483.68,2026-10-17,2026-10-21,5,1
POITEM0000474,PO000139,PROD0194,3,60965.06,2026-10-17,2026-10-25,2,0
POITEM0000475,PO000139,PROD0117,61,60013.92,2026-10-17,2026-11-07,59,1
POITEM0000476,PO000140,PROD0235,30,7337.68,2026-09-25,2026-10-19,28,1
POITEM0000477,PO000140,PROD0227,76,99634.37,2026-09-25,2026-09-27,72,3
POITEM0000478,PO000140,PROD0156,34,72045.55,2026-09-25,2026-09-29,33,0
POITEM0000479,PO000140,PROD0147,30,72372.52,2026-09-25,2026-10-11,29,1
POITEM0000480,PO000141,PROD0068,6,26270.91,2026-10-12,2026-10-14,5,1
POITEM0000481,PO000141,PROD0002,31,96218.52,2026-10-12,2026-10-19,29,0
POITEM0000482,PO000141,PROD0136,56,96757.92,2026-10-12,2026-10-08,54,0
POITEM0000483,PO000141,PROD0059,36,44643.96,2026-10-12,2026-10-24,32,4
POITEM0000484,PO000142,PROD0005,94,168937.22,2026-10-04,2026-10-24,88,6
POITEM0000485,PO000142,PROD0129,82,160354.03,2026-10-04,2026-10-24,80,1
POITEM0000486,PO000142,PROD0223,99,106672.32,2026-10-04,2026-10-18,96,0
POITEM0000487,PO000142,PROD0244,64,78252.83,2026-10-04,2026-10-17,60,1
POITEM0000488,PO000143,PROD0170,31,43263.1,2026-10-08,2026-11-01,29,1
POITEM0000489,PO000143,PROD0142,72,167868.93,2026-10-08,2026-10-26,70,1
POITEM0000490,PO000143,PROD0074,23,39810.73,2026-10-08,2026-10-20,21,2
POITEM0000491,PO000143,PROD0200,26,15177.48,2026-10-08,2026-10-03,23,3
POITEM0000492,PO000143,PROD0030,11,81858.3,2026-10-08,2026-10-13,9,2
POITEM0000493,PO000144,PROD0243,3,25537.38,2026-10-08,2026-10-06,2,0
POITEM0000494,PO000144,PROD0123,96,14261.62,2026-10-08,2026-10-26,93,2
POITEM0000495,PO000145,PROD0169,86,54280.51,2026-09-28,2026-10-01,81,3
POITEM0000496,PO000145,PROD0075,21,91488.48,2026-09-28,2026-10-21,19,1
POITEM0000497,PO000146,PROD0187,47,65763.0,2026-09-30,2026-09-28,42,2
POITEM0000498,PO000146,PROD0042,40,41300.17,2026-09-30,2026-10-12,38,2
POITEM0000499,PO000147,PROD0164,16,85405.92,2026-10-19,2026-11-10,15,0
POITEM0000500,PO000147,PROD0018,31,28120.58,2026-10-19,2026-10-16,30,1
POITEM0000501,PO000147,PROD0020,23,85612.62,2026-10-19,2026-10-17,21,1
POITEM0000502,PO000147,PROD0040,44,125399.75,2026-10-19,2026-10-17,41,3
POITEM0000503,PO000147,PROD0224,66,42149.51,2026-10-19,2026-10-17,62,3
POITEM0000504,PO000148,PROD0158,46,113005.73,2026-09-20,2026-09-20,43,3
POITEM0000505,PO000148,PROD0072,25,2827.49,2026-09-20,2026-10-02,24,1
POITEM0000506,PO000148,PROD0202,93,93721.82,2026-09-20,2026-09-15,90,0
POITEM0000507,PO000148,PROD0022,9,165638.64,2026-09-20,2026-09-20,8,0
POITEM0000508,PO000148,PROD0092,44,124943.85,2026-09-20,2026-09-20,39,4
POITEM0000509,PO000148,PROD0024,89,18405.66,2026-09-20,2026-10-02,88,0
POITEM0000510,PO000149,PROD0237,4,121582.29,2026-10-02,2026-10-07,3,1
POITEM0000511,PO000149,PROD0194,97,47282.7,2026-10-02,2026-10-10,96,0
POITEM0000512,PO000149,PROD0162,66,147120.37,2026-10-02,2026-10-21,60,6
POITEM0000513,PO000149,PROD0090,52,37965.9,2026-10-02,2026-10-03,48,1
POITEM0000514,PO000150,PROD0159,62,82467.94,2026-09-27,2026-10-16,57,4
POITEM0000515,PO000150,PROD0164,96,91117.37,2026-09-27,2026-10-14,91,0
POITEM0000516,PO000151,PROD0059,64,34811.79,2026-10-21,2026-11-02,61,3
POITEM0000517,PO000151,PROD0214,50,164106.0,2026-10-21,2026-10-26,46,2
POITEM0000518,PO000151,PROD0169,26,54820.19,2026-10-21,2026-11-13,23,0
POITEM0000519,PO000151,PROD0240,5,13620.43,2026-10-21,2026-10-30,4,0
POITEM0000520,PO000151,PROD0234,1,16144.41,2026-10-21,2026-11-03,0,1
POITEM0000521,PO000151,PROD0200,3,14616.41,2026-10-21,2026-11-06,2,1
POITEM0000522,PO000152,PROD0087,41,132032.73,2026-09-28,2026-10-20,37,3
POITEM0000523,PO000152,PROD0107,11,18911.18,2026-09-28,2026-09-27,10,0
POITEM0000524,PO000152,PROD0192,77,6680.89,2026-09-28,2026-10-09,73,4
POITEM0000525,PO000152,PROD0215,99,108779.21,2026-09-28,2026-09-26,95,4
POITEM0000526,PO000152,PROD0002,18,117516.05,2026-09-28,2026-10-08,17,1
POITEM0000527,PO000152,PROD0249,71,66249.47,2026-09-28,,70,1
POITEM0000528,PO000153,PROD0160,5,13804.82,2026-10-16,2026-11-05,4,1
POITEM0000529,PO000154,PROD0080,55,22669.67,2026-09-16,2026-09-20,51,0
POITEM0000530,PO000154,PROD0138,14,4441.31,2026-09-16,2026-09-12,13,1
POITEM0000531,PO000155,PROD0247,20,94477.96,2026-10-17,2026-10-20,18,1
POITEM0000532,PO000155,PROD0036,53,56423.12,2026-10-17,2026-10-14,49,4
POITEM0000533,PO000155,PROD0179,47,124182.79,2026-10-17,2026-10-14,44,3
POITEM0000534,PO000155,PROD0067,40,53823.53,2026-10-17,2026-11-04,36,2
POITEM0000535,PO000155,PROD0209,53,131173.82,2026-10-17,2026-10-12,50,0
POITEM0000536,PO000155,PROD0098,37,145967.87,2026-10-17,2026-10-22,33,1
POITEM0000537,PO000156,PROD0024,77,18999.16,2026-09-26,2026-10-18,75,0
POITEM0000538,PO000156,PROD0223,47,92792.46,2026-09-26,2026-09-24,42,0
POITEM0000539,PO000156,PROD0036,34,41724.95,2026-09-26,2026-10-15,32,1
POITEM0000540,PO000156,PROD0239,41,77786.72,2026-09-26,2026-10-19,39,0
POITEM0000541,PO000156,PROD0135,24,27686.51,2026-09-26,2026-10-09,22,0
POITEM0000542,PO000156,PROD0155,75,27746.23,2026-09-26,2026-10-16,71,0
POITEM0000543,PO000157,PROD0013,40,173645.72,2026-09-16,2026-10-07,36,4
POITEM0000544,PO000157,PROD0071,97,114686.14,2026-09-16,2026-09-28,91,6
POITEM0000545,PO000158,PROD0208,92,49543.49,2026-10-19,2026-10-31,89,2
POITEM0000546,PO000159,PROD0169,97,60842.78,2026-09-29,2026-10-23,96,0
POITEM0000547,PO000159,PROD0077,40,93445.17,2026-09-29,2026-10-23,36,3
POITEM0000548,PO000159,PROD0026,12,73083.79,2026-09-29,2026-10-15,11,1
POITEM0000549,PO000159,PROD0230,35,35732.98,2026-09-29,2026-10-17,31,0
POITEM0000550,PO000159,PROD0104,18,119192.74,2026-09-29,2026-09-26,17,0
POITEM0000551,PO000160,PROD0002,61,88502.4,2026-09-15,2026-10-05,56,2
POITEM0000552,PO000160,PROD0028,52,121461.65,2026-09-15,2026-09-27,48,0
POITEM0000553,PO000160,PROD0229,34,55297.77,2026-09-15,2026-09-15,32,2
POITEM0000554,PO000160,PROD0123,72,12403.04,2026-09-15,2026-10-08,70,0
POITEM0000555,PO000160,PROD0011,11,41073.42,2026-09-15,2026-09-20,10,0
POITEM0000556,PO000161,PROD0167,73,125711.67,2026-09-17,2026-10-04,70,0
POITEM0000557,PO000161,PROD0236,81,6597.32,2026-09-17,2026-10-07,75,0
POITEM0000558,PO000162,PROD0056,22,35772.87,2026-10-09,2026-10-27,21,0
POITEM0000559,PO000162,PROD0187,53,87202.58,2026-10-09,2026-10-04,51,2
POITEM0000560,PO000162,PROD0182,67,54477.1,2026-10-09,2026-11-01,65,1
POITEM0000561,PO000162,PROD0033,74,18719.75,2026-10-09,2026-10-29,67,3
POITEM0000562,PO000163,PROD0141,28,151643.88,2026-10-11,2026-10-25,27,1
POITEM0000563,PO000163,PROD0061,25,50818.93,2026-10-11,2026-11-01,24,1
POITEM0000564,PO000163,PROD0016,45,121629.53,2026-10-11,2026-10-10,42,3
POITEM0000565,PO000163,PROD0111,76,73186.64,2026-10-11,2026-10-19,71,4
POITEM0000566,PO000164,PROD0069,16,7159.33,2026-10-17,2026-11-03,14,1
POITEM0000567,PO000164,PROD0064,33,89737.66,2026-10-17,,32,1
POITEM0000568,PO000164,PROD0158,1,127501.52,2026-10-17,2026-10-15,0,1
POITEM0000569,PO000165,PROD0049,74,7892.69,2026-10-08,2026-10-08,67,1
POITEM0000570,PO000165,PROD0192,86,7105.98,2026-10-08,2026-10-10,85,0
POITEM0000571,PO000165,PROD0065,92,14534.08,2026-10-08,2026-10-04,90,0
POITEM0000572,PO000165,PROD0177,32,126756.68,2026-10-08,2026-10-26,30,0
POITEM0000573,PO000165,PROD0033,94,16001.76,2026-10-08,2026-10-05,91,3
POITEM0000574,PO000166,PROD0248,36,6209.44,2026-09-14,2026-10-09,35,0
POITEM0000575,PO000166,PROD0056,74,42307.83,2026-09-14,2026-09-09,71,1
POITEM0000576,PO000167,PROD0029,44,987.32,2026-10-17,2026-10-18,40,3
POITEM0000577,PO000167,PROD0213,19,3725.53,2026-10-17,2026-10-16,17,2
POITEM0000578,PO000167,PROD0179,83,93218.49,2026-10-17,2026-11-06,82,0
POITEM0000579,PO000167,PROD0004,48,81794.28,2026-10-17,2026-10-22,44,3
POITEM0000580,PO000167,PROD0106,49,1491.64,2026-10-17,2026-11-02,46,2
POITEM0000581,PO000167,PROD0028,57,140775.32,2026-10-17,2026-11-02,54,1
POITEM0000582,PO000168,PROD0038,86,128452.08,2026-09-22,2026-10-14,81,5
POITEM0000583,PO000168,PROD0053,32,27206.23,2026-09-22,2026-10-02,31,1
POITEM0000584,PO000168,PROD0100,36,109211.41,2026-09-22,2026-09-30,35,0
POITEM0000585,PO000168,PROD0091,33,12601.95,2026-09-22,2026-09-17,32,1
POITEM0000586,PO000168,PROD0049,60,7834.24,2026-09-22,2026-09-22,59,0
POITEM0000587,PO000168,PROD0223,8,118601.18,2026-09-22,2026-10-10,7,1
POITEM0000588,PO000169,PROD0075,37,112883.27,2026-09-14,2026-09-13,34,2
POITEM0000589,PO000169,PROD0053,36,19253.03,2026-09-14,2026-09-14,33,3
POITEM0000590,PO000169,PROD0106,99,1359.48,2026-09-14,2026-09-09,95,3
POITEM0000591,PO000169,PROD0029,98,1128.92,2026-09-14,2026-09-25,97,0
POITEM0000592,PO000169,PROD0226,76,122489.14,2026-09-14,2026-09-23,74,1
POITEM0000593,PO000170,PROD0165,26,118852.55,2026-10-11,2026-10-28,25,1
POITEM0000594,PO000170,PROD0058,62,139302.96,2026-10-11,2026-11-05,58,3
POITEM0000595,PO000170,PROD0116,35,38962.57,2026-10-11,2026-10-11,34,1
POITEM0000596,PO000171,PROD0113,18,89996.36,2026-10-11,2026-10-06,17,0
POITEM0000597,PO000171,PROD0232,83,114777.34,2026-10-11,2026-10-21,75,6
POITEM0000598,PO000172,PROD0243,66,25985.13,2026-10-01,2026-10-16,59,2
POITEM0000599,PO000172,PROD0142,15,123107.22,2026-10-01,2026-10-04,13,2
POITEM0000600,PO000173,PROD0134,13,91319.76,2026-10-03,2026-10-06,12,1
POITEM0000601,PO000173,PROD0066,96,154926.64,2026-10-03,2026-10-10,90,0
POITEM0000602,PO000173,PROD0177,9,116737.58,2026-10-03,2026-10-16,8,0
POITEM0000603,PO000174,PROD0231,33,54839.83,2026-10-02,2026-10-22,30,1
POITEM0000604,PO000174,PROD0073,97,85035.61,2026-10-02,2026-10-27,89,8
POITEM0000605,PO000175,PROD0148,24,159187.81,2026-09-16,2026-10-01,23,1
POITEM0000606,PO000175,PROD0205,68,99224.63,2026-09-16,2026-09-11,61,2
POITEM0000607,PO000175,PROD0237,3,149162.67,2026-09-16,2026-09-21,2,1
POITEM0000608,PO000175,PROD0136,73,94658.11,2026-09-16,2026-09-21,72,0
POITEM0000609,PO000175,PROD0236,62,5417.88,2026-09-16,2026-09-17,60,0
POITEM0000610,PO000176,PROD0188,40,101271.35,2026-10-09,2026-10-27,36,3
POITEM0000611,PO000177,PROD0179,76,95519.06,2026-10-17,2026-10-18,69,6
POITEM0000612,PO000177,PROD0206,86,142180.59,2026-10-17,2026-11-07,78,5
POITEM0000613,PO000177,PROD0070,13,99924.54,2026-10-17,2026-10-24,11,1
POITEM0000614,PO000178,PROD0051,44,143575.02,2026-09-16,2026-09-22,43,1
POITEM0000615,PO000178,PROD0228,98,107915.39,2026-09-16,2026-09-18,94,4
POITEM0000616,PO000178,PROD0063,43,92451.92,2026-09-16,2026-09-26,41,0
POITEM0000617,PO000178,PROD0084,56,139617.43,2026-09-16,2026-10-11,52,4
POITEM0000618,PO000178,PROD0012,3,21895.79,2026-09-16,2026-10-03,2,0
POITEM0000619,PO000179,PROD0145,18,2489.25,2026-10-07,2026-10-09,16,1
POITEM0000620,PO000180,PROD0053,60,21756.54,2026-10-06,2026-10-14,56,4
POITEM0000621,PO000181,PROD0019,92,158131.54,2026-10-07,2026-10-06,89,1
POITEM0000622,PO000181,PROD0027,95,142076.11,2026-10-07,2026-10-08,85,3
POITEM0000623,PO000181,PROD0175,48,78013.66,2026-10-07,2026-10-05,45,0
POITEM0000624,PO000181,PROD0250,33,80549.93,2026-10-07,2026-10-02,30,3
POITEM0000625,PO000181,PROD0141,16,162816.6,2026-10-07,2026-10-10,14,2
POITEM0000626,PO000181,PROD0113,76,104102.18,2026-10-07,2026-10-30,70,3
POITEM0000627,PO000182,PROD0024,31,14187.73,2026-10-20,2026-11-03,28,0
POITEM0000628,PO000182,PROD0088,12,103351.63,2026-10-20,2026-11-09,11,1
POITEM0000629,PO000183,PROD0138,31,4620.65,2026-10-02,2026-09-28,29,1
POITEM0000630,PO000183,PROD0192,89,5093.85,2026-10-02,2026-10-05,84,4
POITEM0000631,PO000183,PROD0162,22,153224.37,2026-10-02,2026-10-18,21,0
POITEM0000632,PO000183,PROD0241,63,65619.37,2026-10-02,2026-10-23,59,1
POITEM0000633,PO000183,PROD0195,53,17423.57,2026-10-02,2026-10-25,49,2
POITEM0000634,PO000184,PROD0023,65,54692.45,2026-09-20,2026-10-03,61,1
POITEM0000635,PO000185,PROD0072,46,2587.44,2026-09-26,2026-10-15,43,3
POITEM0000636,PO000185,PROD0001,72,4973.75,2026-09-26,2026-10-13,70,0
POITEM0000637,PO000185,PROD0110,4,29211.57,2026-09-26,2026-10-14,3,0
POITEM0000638,PO000185,PROD0179,81,122678.29,2026-09-26,2026-10-09,75,0
POITEM0000639,PO000185,PROD0090,86,40907.1,2026-09-26,2026-09-29,81,1
POITEM0000640,PO000186,PROD0211,30,62729.85,2026-10-01,2026-10-19,29,0
POITEM0000641,PO000186,PROD0041,94,124934.28,2026-10-01,2026-10-01,93,0
POITEM0000642,PO000187,PROD0051,38,140962.05,2026-10-15,2026-10-24,36,0
POITEM0000643,PO000187,PROD0034,85,56476.18,2026-10-15,2026-10-24,84,0
POITEM0000644,PO000188,PROD0035,93,156246.61,2026-10-13,2026-10-14,89,2
POITEM0000645,PO000188,PROD0009,81,30154.37,2026-10-13,2026-11-01,77,2
POITEM0000646,PO000188,PROD0031,88,57033.85,2026-10-13,2026-10-21,85,1
POITEM0000647,PO000188,PROD0186,89,5788.97,2026-10-13,2026-10-10,86,1
POITEM0000648,PO000188,PROD0234,61,15166.09,2026-10-13,2026-10-20,55,0
POITEM0000649,PO000189,PROD0096,69,59607.01,2026-10-03,2026-10-03,62,6
POITEM0000650,PO000189,PROD0009,14,30217.73,2026-10-03,2026-09-30,12,0
POITEM0000651,PO000190,PROD0019,54,165038.55,2026-10-18,2026-10-16,52,1
POITEM0000652,PO000190,PROD0040,30,144502.01,2026-10-18,2026-11-04,27,1
POITEM0000653,PO000191,PROD0183,87,55829.19,2026-09-22,2026-10-03,85,2
POITEM0000654,PO000191,PROD0134,75,82396.77,2026-09-22,2026-09-27,68,7
POITEM0000655,PO000191,PROD0143,21,126210.22,2026-09-22,2026-10-13,19,2
POITEM0000656,PO000192,PROD0170,55,49143.23,2026-10-14,2026-10-14,53,2
POITEM0000657,PO000192,PROD0146,57,133130.32,2026-10-14,2026-10-17,51,2
POITEM0000658,PO000192,PROD0056,34,32122.37,2026-10-14,2026-10-28,33,0
POITEM0000659,PO000192,PROD0245,94,57931.76,2026-10-14,2026-11-03,91,0
POITEM0000660,PO000192,PROD0115,26,117526.86,2026-10-14,2026-10-21,24,1
POITEM0000661,PO000193,PROD0198,12,30253.78,2026-10-14,2026-11-05,10,2
POITEM0000662,PO000193,PROD0138,15,4104.5,2026-10-14,2026-11-03,14,0
POITEM0000663,PO000193,PROD0120,7,141101.8,2026-10-14,2026-10-16,6,0
POITEM0000664,PO000193,PROD0238,72,91513.22,2026-10-14,2026-10-24,71,1
POITEM0000665,PO000194,PROD0149,67,169045.21,2026-10-17,2026-10-17,62,4
POITEM0000666,PO000194,PROD0183,30,70047.98,2026-10-17,2026-11-06,28,0
POITEM0000667,PO000194,PROD0189,31,46624.56,2026-10-17,2026-11-10,30,0
POITEM0000668,PO000194,PROD0210,66,47807.97,2026-10-17,2026-11-08,63,0
POITEM0000669,PO000194,PROD0035,31,127473.09,2026-10-17,2026-10-29,28,0
POITEM0000670,PO000194,PROD0014,44,148058.97,2026-10-17,2026-10-28,40,4
POITEM0000671,PO000195,PROD0067,34,48130.33,2026-09-16,2026-09-21,32,2
POITEM0000672,PO000196,PROD0212,6,12166.16,2026-09-27,2026-10-05,5,1
POITEM0000673,PO000196,PROD0046,27,6908.51,2026-09-27,2026-09-26,24,1
POITEM0000674,PO000197,PROD0163,10,18959.2,2026-10-15,2026-10-23,9,0
POITEM0000675,PO000197,PROD0023,95,57550.32,2026-10-15,2026-11-03,91,2
POITEM0000676,PO000197,PROD0133,59,83492.49,2026-10-15,2026-10-15,57,2
POITEM0000677,PO000197,PROD0038,36,126003.96,2026-10-15,2026-11-06,35,1
POITEM0000678,PO000197,PROD0160,4,17857.82,2026-10-15,2026-10-11,3,0
POITEM0000679,PO000197,PROD0114,100,38843.67,2026-10-15,2026-10-10,94,6
POITEM0000680,PO000198,PROD0177,11,142136.38,2026-10-14,2026-10-19,10,0
POITEM0000681,PO000198,PROD0007,97,71510.7,2026-10-14,2026-11-01,93,4
POITEM0000682,PO000198,PROD0221,11,75914.83,2026-10-14,2026-10-11,10,0
POITEM0000683,PO000198,PROD0208,62,60341.5,2026-10-14,2026-11-08,61,0
POITEM0000684,PO000198,PROD0186,57,4759.36,2026-10-14,2026-11-03,52,4
POITEM0000685,PO000198,PROD0008,83,102326.51,2026-10-14,2026-10-20,80,0
POITEM0000686,PO000199,PROD0192,46,6707.77,2026-09-30,2026-10-05,42,3
POITEM0000687,PO000199,PROD0248,87,7251.76,2026-09-30,2026-09-28,85,2
POITEM0000688,PO000199,PROD0155,83,29157.53,2026-09-30,2026-10-04,79,2
POITEM0000689,PO000199,PROD0007,34,66923.98,2026-09-30,2026-09-30,32,0
POITEM0000690,PO000199,PROD0185,70,84095.56,2026-09-30,2026-10-21,66,1
POITEM0000691,PO000199,PROD0039,77,61464.35,2026-09-30,2026-10-16,76,1
POITEM0000692,PO000200,PROD0126,99,40507.09,2026-10-10,2026-10-07,96,1
POITEM0000693,PO000200,PROD0134,23,67572.68,2026-10-10,2026-10-31,21,1
POITEM0000694,PO000200,PROD0234,65,14939.72,2026-10-10,2026-10-24,60,0
POITEM0000695,PO000201,PROD0098,65,153496.27,2026-10-16,2026-10-24,64,1
POITEM0000696,PO000201,PROD0121,4,87789.35,2026-10-16,2026-10-12,3,0
POITEM0000697,PO000201,PROD0011,1,50935.71,2026-10-16,2026-11-01,0,1
POITEM0000698,PO000202,PROD0097,82,116766.76,2026-10-05,2026-10-10,79,0
POITEM0000699,PO000202,PROD0089,47,87157.44,2026-10-05,2026-10-23,43,4
POITEM0000700,PO000203,PROD0136,49,107545.08,2026-10-12,2026-10-25,47,0
POITEM0000701,PO000203,PROD0039,31,58522.97,2026-10-12,2026-10-20,27,1
POITEM0000702,PO000203,PROD0104,35,155604.85,2026-10-12,2026-10-23,31,1
POITEM0000703,PO000204,PROD0095,47,58471.76,2026-09-15,2026-09-19,43,1
POITEM0000704,PO000204,PROD0170,74,54397.03,2026-09-15,2026-09-22,69,5
POITEM0000705,PO000204,PROD0013,6,136780.2,2026-09-15,2026-09-27,5,0
POITEM0000706,PO000205,PROD0121,78,95937.09,2026-09-16,2026-10-08,77,1
POITEM0000707,PO000205,PROD0014,80,151368.78,2026-09-16,2026-09-22,74,6
POITEM0000708,PO000205,PROD0105,3,93683.26,2026-09-16,2026-10-05,2,0
POITEM0000709,PO000205,PROD0054,17,88491.78,2026-09-16,2026-09-13,16,0
POITEM0000710,PO000205,PROD0062,35,95509.84,2026-09-16,2026-10-06,32,0
POITEM0000711,PO000205,PROD0106,16,1668.27,2026-09-16,2026-10-08,14,1
POITEM0000712,PO000206,PROD0214,72,158528.58,2026-10-10,2026-11-03,67,4
POITEM0000713,PO000206,PROD0136,95,126571.22,2026-10-10,2026-10-05,86,4
POITEM0000714,PO000206,PROD0032,81,36241.83,2026-10-10,2026-10-28,76,2
POITEM0000715,PO000207,PROD0046,32,6231.3,2026-10-16,2026-10-27,29,1
POITEM0000716,PO000207,PROD0141,49,152641.95,2026-10-16,2026-11-02,46,1
POITEM0000717,PO000207,PROD0243,68,27998.5,2026-10-16,2026-10-31,65,0
POITEM0000718,PO000207,PROD0122,52,95574.28,2026-10-16,2026-10-19,50,0
POITEM0000719,PO000207,PROD0128,20,56542.05,2026-10-16,2026-11-01,19,0
POITEM0000720,PO000207,PROD0226,19,116169.04,2026-10-16,2026-11-02,17,1
POITEM0000721,PO000208,PROD0174,74,119654.01,2026-10-19,2026-11-03,69,5
POITEM0000722,PO000208,PROD0076,86,30539.4,2026-10-19,2026-11-06,83,2
POITEM0000723,PO000208,PROD0186,53,6395.68,2026-10-19,2026-10-23,50,1
POITEM0000724,PO000208,PROD0044,3,46380.5,2026-10-19,2026-10-21,2,1
POITEM0000725,PO000208,PROD0134,97,72544.25,2026-10-19,2026-11-05,91,1
POITEM0000726,PO000209,PROD0185,68,76842.21,2026-10-19,2026-10-27,62,1
POITEM0000727,PO000209,PROD0186,14,5977.75,2026-10-19,2026-10-23,13,1
POITEM0000728,PO000209,PROD0217,11,76711.98,2026-10-19,2026-10-28,10,0
POITEM0000729,PO000210,PROD0075,21,107172.74,2026-09-26,2026-10-02,19,1
POITEM0000730,PO000210,PROD0243,97,28785.78,2026-09-26,2026-09-30,94,0
POITEM0000731,PO000210,PROD0162,24,133262.31,2026-09-26,2026-10-03,22,0
POITEM0000732,PO000210,PROD0100,93,138756.71,2026-09-26,2026-10-12,87,2
POITEM0000733,PO000211,PROD0140,38,28747.46,2026-09-23,2026-09-24,36,2
POITEM0000734,PO000211,PROD0175,3,70901.13,2026-09-23,2026-10-09,2,0
POITEM0000735,PO000211,PROD0048,61,74229.61,2026-09-23,2026-09-30,55,2
POITEM0000736,PO000212,PROD0203,66,69755.2,2026-10-07,2026-10-20,64,2
POITEM0000737,PO000212,PROD0072,65,2481.06,2026-10-07,2026-10-31,61,0
POITEM0000738,PO000212,PROD0221,99,79914.19,2026-10-07,2026-10-09,98,0
POITEM0000739,PO000212,PROD0075,48,92330.84,2026-10-07,2026-10-09,45,1
POITEM0000740,PO000213,PROD0085,18,46483.34,2026-10-05,2026-10-14,17,0
POITEM0000741,PO000213,PROD0186,87,5073.1,2026-10-05,2026-10-22,85,1
POITEM0000742,PO000213,PROD0249,5,58126.28,2026-10-05,2026-10-09,4,0
POITEM0000743,PO000214,PROD0062,28,85716.22,2026-10-21,2026-10-22,25,2
POITEM0000744,PO000214,PROD0053,25,24900.16,2026-10-21,2026-11-11,23,2
POITEM0000745,PO000214,PROD0235,33,7168.88,2026-10-21,2026-11-03,32,1
POITEM0000746,PO000215,PROD0032,14,38610.27,2026-10-03,2026-09-30,12,0
POITEM0000747,PO000215,PROD0102,92,13908.71,2026-10-03,2026-10-17,84,7
POITEM0000748,PO000215,PROD0187,68,80415.55,2026-10-03,2026-10-12,65,0
POITEM0000749,PO000215,PROD0057,70,124316.18,2026-10-03,2026-09-29,63,3
POITEM0000750,PO000215,PROD0207,31,67637.95,2026-10-03,2026-10-16,28,0
POITEM0000751,PO000215,PROD0037,81,74337.97,2026-10-03,2026-10-19,74,3
POITEM0000752,PO000216,PROD0056,42,44115.78,2026-10-05,2026-10-07,38,0
POITEM0000753,PO000216,PROD0035,53,135611.9,2026-10-05,2026-10-27,51,0
POITEM0000754,PO000216,PROD0104,93,138823.04,2026-10-05,2026-10-02,90,0
POITEM0000755,PO000216,PROD0165,97,115316.84,2026-10-05,2026-10-19,92,4
POITEM0000756,PO000217,PROD0195,13,16531.85,2026-10-20,2026-10-29,11,2
POITEM0000757,PO000217,PROD0247,53,115559.05,2026-10-20,2026-11-08,48,4
POITEM0000758,PO000217,PROD0084,93,139900.62,2026-10-20,2026-11-11,87,4
POITEM0000759,PO000217,PROD0100,2,115708.97,2026-10-20,2026-10-15,1,0
POITEM0000760,PO000218,PROD0211,4,56591.83,2026-09-17,2026-09-30,3,0
POITEM0000761,PO000218,PROD0007,43,76118.3,2026-09-17,2026-10-06,41,1
POITEM0000762,PO000219,PROD0141,17,172778.32,2026-10-07,2026-10-28,15,2
POITEM0000763,PO000220,PROD0237,43,130581.6,2026-10-11,2026-10-21,39,3
POITEM0000764,PO000220,PROD0004,34,87199.35,2026-10-11,2026-10-29,33,1
POITEM0000765,PO000220,PROD0063,77,90561.11,2026-10-11,2026-10-09,74,3
POITEM0000766,PO000220,PROD0177,1,111289.8,2026-10-11,2026-11-03,0,0
POITEM0000767,PO000220,PROD0097,51,112795.4,2026-10-11,2026-10-17,50,1
POITEM0000768,PO000221,PROD0227,10,90969.24,2026-09-24,2026-09-28,9,0
POITEM0000769,PO000221,PROD0015,16,85127.93,2026-09-24,2026-10-16,14,2
POITEM0000770,PO000222,PROD0198,29,30508.59,2026-10-05,2026-10-07,26,3
POITEM0000771,PO000222,PROD0148,68,172587.59,2026-10-05,2026-10-15,65,2
POITEM0000772,PO000222,PROD0074,4,36072.91,2026-10-05,2026-10-18,3,0
POITEM0000773,PO000222,PROD0028,97,154180.69,2026-10-05,2026-10-13,94,1
POITEM0000774,PO000222,PROD0139,22,84949.5,2026-10-05,2026-10-26,21,0
POITEM0000775,PO000222,PROD0075,28,103337.97,2026-10-05,2026-10-19,25,1
POITEM0000776,PO000223,PROD0062,58,98044.15,2026-10-09,2026-10-12,55,2
POITEM0000777,PO000224,PROD0108,33,91226.82,2026-10-16,2026-11-09,32,0
POITEM0000778,PO000224,PROD0020,90,96326.61,2026-10-16,2026-11-03,87,2
POITEM0000779,PO000224,PROD0024,17,17176.31,2026-10-16,2026-10-27,16,1
POITEM0000780,PO000225,PROD0011,44,48339.4,2026-10-02,2026-10-04,41,3
POITEM0000781,PO000225,PROD0213,51,3412.22,2026-10-02,2026-10-10,48,3
POITEM0000782,PO000225,PROD0094,96,111395.58,2026-10-02,2026-09-28,90,4
POITEM0000783,PO000225,PROD0162,89,129319.12,2026-10-02,2026-09-30,87,0
POITEM0000784,PO000225,PROD0006,96,34866.53,2026-10-02,2026-10-01,88,6
POITEM0000785,PO000225,PROD0200,100,11809.01,2026-10-02,2026-10-24,93,0
POITEM0000786,PO000226,PROD0242,25,81926.37,2026-09-30,2026-10-22,23,0
POITEM0000787,PO000227,PROD0227,78,77536.28,2026-09-28,2026-09-25,77,0
POITEM0000788,PO000227,PROD0053,50,26223.68,2026-09-28,2026-09-27,49,1
POITEM0000789,PO000227,PROD0093,10,127713.71,2026-09-28,2026-10-03,9,0
POITEM0000790,PO000227,PROD0100,13,145551.67,2026-09-28,2026-10-23,12,0
POITEM0000791,PO000227,PROD0102,99,10943.84,2026-09-28,2026-09-29,89,4
POITEM0000792,PO000228,PROD0092,56,139380.44,2026-10-12,2026-10-23,55,0
POITEM0000793,PO000228,PROD0014,56,129175.94,2026-10-12,2026-10-25,53,0
POITEM0000794,PO000228,PROD0210,63,36310.1,2026-10-12,2026-10-27,60,3
POITEM0000795,PO000229,PROD0196,19,92402.6,2026-10-04,2026-10-18,17,0
POITEM0000796,PO000229,PROD0144,68,64494.28,2026-10-04,2026-10-25,67,1
POITEM0000797,PO000229,PROD0165,38,122603.24,2026-10-04,2026-10-22,36,0
POITEM0000798,PO000229,PROD0232,15,109705.12,2026-10-04,2026-10-06,14,1
POITEM0000799,PO000230,PROD0002,25,103236.82,2026-10-04,2026-10-09,24,1
POITEM0000800,PO000230,PROD0204,31,111831.56,2026-10-04,2026-10-14,29,2
POITEM0000801,PO000230,PROD0136,71,131812.92,2026-10-04,2026-10-22,67,4
POITEM0000802,PO000230,PROD0115,18,97578.67,2026-10-04,2026-10-12,17,0
POITEM0000803,PO000230,PROD0200,28,15050.75,2026-10-04,2026-10-06,26,2
POITEM0000804,PO000231,PROD0158,7,124577.4,2026-09-25,2026-09-23,6,1
POITEM0000805,PO000231,PROD0186,58,5272.42,2026-09-25,2026-10-12,57,0
POITEM0000806,PO000231,PROD0032,78,30264.43,2026-09-25,2026-10-16,71,0
POITEM0000807,PO000232,PROD0095,38,47034.82,2026-10-14,2026-10-18,37,0
POITEM0000808,PO000232,PROD0145,3,2686.96,2026-10-14,2026-10-31,2,1
POITEM0000809,PO000232,PROD0149,33,148323.54,2026-10-14,2026-10-27,31,0
POITEM0000810,PO000232,PROD0182,52,44845.49,2026-10-14,2026-11-02,51,1
POITEM0000811,PO000232,PROD0017,99,141241.21,2026-10-14,2026-10-28,94,4
POITEM0000812,PO000233,PROD0223,71,122526.87,2026-09-30,2026-10-15,66,4
POITEM0000813,PO000233,PROD0200,98,16035.04,2026-09-30,2026-10-14,94,3
POITEM0000814,PO000233,PROD0169,12,59595.34,2026-09-30,2026-10-23,10,2
POITEM0000815,PO000233,PROD0076,38,31557.74,2026-09-30,2026-09-29,35,2
POITEM0000816,PO000234,PROD0099,19,121748.75,2026-10-19,2026-10-24,17,2
POITEM0000817,PO000234,PROD0164,14,83547.03,2026-10-19,2026-10-23,13,0
POITEM0000818,PO000234,PROD0244,99,74106.06,2026-10-19,2026-10-30,97,1
POITEM0000819,PO000234,PROD0146,73,122789.81,2026-10-19,2026-11-02,71,0
POITEM0000820,PO000234,PROD0064,23,74378.85,2026-10-19,2026-11-11,22,0
POITEM0000821,PO000235,PROD0048,100,88853.71,2026-10-12,2026-11-01,95,1
POITEM0000822,PO000236,PROD0200,56,14622.58,2026-09-17,2026-09-24,52,4
POITEM0000823,PO000236,PROD0037,72,80862.02,2026-09-17,2026-10-12,70,0
POITEM0000824,PO000236,PROD0199,53,96621.83,2026-09-17,2026-10-01,49,0
POITEM0000825,PO000237,PROD0122,59,89356.49,2026-10-02,2026-10-21,57,1
POITEM0000826,PO000237,PROD0040,4,143449.94,2026-10-02,2026-10-17,3,1
POITEM0000827,PO000237,PROD0102,23,14426.31,2026-10-02,2026-10-20,22,0
POITEM0000828,PO000237,PROD0164,40,69259.71,2026-10-02,2026-10-14,36,1
POITEM0000829,PO000237,PROD0031,67,56828.37,2026-10-02,2026-10-16,62,1
POITEM0000830,PO000238,PROD0172,47,125199.14,2026-10-11,2026-10-26,45,0
POITEM0000831,PO000238,PROD0170,67,48981.7,2026-10-11,2026-10-10,64,0
POITEM0000832,PO000238,PROD0155,37,25276.12,2026-10-11,2026-11-01,36,0
POITEM0000833,PO000239,PROD0246,85,95975.32,2026-10-17,2026-10-15,84,0
POITEM0000834,PO000239,PROD0105,89,100436.88,2026-10-17,2026-10-30,81,6
POITEM0000835,PO000239,PROD0228,44,102855.81,2026-10-17,2026-10-12,41,1
POITEM0000836,PO000240,PROD0152,87,65027.29,2026-10-17,2026-10-16,78,6
POITEM0000837,PO000240,PROD0196,85,72109.8,2026-10-17,2026-10-20,83,0
POITEM0000838,PO000240,PROD0092,71,126634.42,2026-10-17,2026-10-24,69,2
POITEM0000839,PO000240,PROD0140,49,25628.52,2026-10-17,2026-10-23,47,1
POITEM0000840,PO000241,PROD0019,62,150987.6,2026-09-28,2026-10-18,58,3
POITEM0000841,PO000241,PROD0237,13,124756.15,2026-09-28,2026-10-14,11,2
POITEM0000842,PO000241,PROD0213,19,3366.84,2026-09-28,2026-10-17,17,0
POITEM0000843,PO000241,PROD0056,68,40432.37,2026-09-28,2026-10-03,67,1
POITEM0000844,PO000241,PROD0004,97,91485.81,2026-09-28,2026-09-26,94,2
POITEM0000845,PO000241,PROD0144,25,64779.67,2026-09-28,2026-10-17,24,1
POITEM0000846,PO000242,PROD0139,99,92412.02,2026-10-19,2026-10-23,98,1
POITEM0000847,PO000242,PROD0039,81,61067.83,2026-10-19,2026-11-11,77,0
POITEM0000848,PO000242,PROD0062,4,84862.63,2026-10-19,2026-11-09,3,0
POITEM0000849,PO000242,PROD0151,62,45748.32,2026-10-19,2026-11-07,61,0
POITEM0000850,PO000243,PROD0002,86,102054.74,2026-09-19,2026-10-11,80,4
POITEM0000851,PO000244,PROD0154,50,59066.48,2026-10-16,2026-10-13,45,0
POITEM0000852,PO000244,PROD0101,15,98172.88,2026-10-16,2026-11-06,13,1
POITEM0000853,PO000244,PROD0233,65,2587.1,2026-10-16,2026-10-17,64,0
POITEM0000854,PO000244,PROD0227,11,80037.4,2026-10-16,2026-11-01,10,0
POITEM0000855,PO000245,PROD0086,7,95752.41,2026-10-06,2026-10-31,6,0
POITEM0000856,PO000245,PROD0211,49,75891.53,2026-10-06,2026-10-17,48,0
POITEM0000857,PO000245,PROD0249,79,48221.44,2026-10-06,2026-10-21,78,1
POITEM0000858,PO000245,PROD0219,11,26862.64,2026-10-06,2026-10-10,10,0
POITEM0000859,PO000245,PROD0007,95,72815.67,2026-10-06,2026-10-11,88,0
POITEM0000860,PO000246,PROD0105,81,109122.7,2026-10-05,2026-10-16,73,3
POITEM0000861,PO000246,PROD0199,75,105760.36,2026-10-05,2026-10-30,71,3
POITEM0000862,PO000246,PROD0046,83,5002.32,2026-10-05,2026-10-13,76,2
POITEM0000863,PO000246,PROD0221,7,70473.7,2026-10-05,2026-10-23,6,1
POITEM0000864,PO000247,PROD0164,35,75503.06,2026-10-09,2026-10-04,33,1
POITEM0000865,PO000247,PROD0072,57,2506.07,2026-10-09,2026-10-18,53,4
POITEM0000866,PO000248,PROD0101,92,110529.31,2026-09-22,2026-10-17,83,7
POITEM0000867,PO000248,PROD0042,18,45832.85,2026-09-22,2026-10-10,17,1
POITEM0000868,PO000248,PROD0015,98,106179.33,2026-09-22,2026-10-14,94,3
POITEM0000869,PO000249,PROD0034,12,61201.17,2026-10-16,2026-11-03,11,1
POITEM0000870,PO000249,PROD0153,93,112565.86,2026-10-16,2026-10-31,85,7
POITEM0000871,PO000249,PROD0036,50,56696.01,2026-10-16,2026-11-09,45,0
POITEM0000872,PO000249,PROD0089,21,86102.43,2026-10-16,2026-10-29,20,0
POITEM0000873,PO000249,PROD0005,99,162321.81,2026-10-16,2026-11-04,94,2
POITEM0000874,PO000249,PROD0143,3,120146.03,2026-10-16,2026-10-23,2,1
POITEM0000875,PO000250,PROD0249,25,61294.34,2026-10-11,2026-10-12,22,1
POITEM0000876,PO000251,PROD0060,41,96972.61,2026-09-20,2026-09-26,40,0
POITEM0000877,PO000251,PROD0023,26,53390.15,2026-09-20,2026-09-26,25,1
POITEM0000878,PO000251,PROD0240,14,17741.91,2026-09-20,2026-09-29,13,0
POITEM0000879,PO000251,PROD0034,60,53597.81,2026-09-20,2026-09-15,56,1
POITEM0000880,PO000252,PROD0174,11,133813.55,2026-09-28,2026-10-12,10,0
POITEM0000881,PO000252,PROD0027,1,142300.68,2026-09-28,2026-10-05,0,0
POITEM0000882,PO000253,PROD0193,31,148954.39,2026-10-10,2026-10-31,29,2
POITEM0000883,PO000253,PROD0109,86,938.45,2026-10-10,2026-10-15,82,1
POITEM0000884,PO000254,PROD0127,45,158605.43,2026-09-24,2026-10-01,43,0
POITEM0000885,PO000254,PROD0140,25,25182.49,2026-09-24,2026-09-25,23,1
POITEM0000886,PO000254,PROD0147,10,57322.11,2026-09-24,2026-10-17,9,1
POITEM0000887,PO000254,PROD0250,40,98148.91,2026-09-24,2026-09-27,38,2
POITEM0000888,PO000255,PROD0186,22,6751.1,2026-09-25,2026-10-17,21,1
POITEM0000889,PO000256,PROD0037,51,89347.19,2026-09-26,2026-09-30,48,0
POITEM0000890,PO000257,PROD0111,36,90890.63,2026-09-24,2026-09-28,32,0
POITEM0000891,PO000258,PROD0116,88,33943.11,2026-10-14,2026-10-17,82,6
POITEM0000892,PO000258,PROD0053,14,22670.65,2026-10-14,2026-10-21,12,1
POITEM0000893,PO000259,PROD0028,95,116987.14,2026-10-08,2026-10-28,88,7
POITEM0000894,PO000259,PROD0238,86,130770.68,2026-10-08,2026-10-19,80,1
POITEM0000895,PO000259,PROD0037,24,81200.68,2026-10-08,2026-10-05,22,0
POITEM0000896,PO000259,PROD0232,21,124424.51,2026-10-08,2026-10-23,19,0
POITEM0000897,PO000259,PROD0119,63,90929.03,2026-10-08,2026-10-31,59,4
POITEM0000898,PO000260,PROD0212,34,10107.64,2026-09-24,2026-10-05,30,3
POITEM0000899,PO000260,PROD0047,22,85768.25,2026-09-24,2026-10-07,19,2
POITEM0000900,PO000260,PROD0027,95,109615.13,2026-09-24,2026-10-15,88,7
POITEM0000901,PO000260,PROD0161,94,108074.26,2026-09-24,2026-10-10,89,4
POITEM0000902,PO000260,PROD0050,57,44174.71,2026-09-24,2026-09-26,52,3
POITEM0000903,PO000261,PROD0224,70,51429.38,2026-09-18,2026-09-20,65,0
POITEM0000904,PO000261,PROD0211,66,58312.38,2026-09-18,2026-09-18,63,2
POITEM0000905,PO000262,PROD0008,97,101515.31,2026-09-20,2026-09-29,90,0
POITEM0000906,PO000262,PROD0087,64,129095.18,2026-09-20,2026-10-10,63,1
POITEM0000907,PO000262,PROD0059,52,37415.75,2026-09-20,2026-10-06,50,0
POITEM0000908,PO000262,PROD0147,59,80171.29,2026-09-20,2026-09-30,53,5
POITEM0000909,PO000263,PROD0104,64,129387.06,2026-10-21,2026-10-23,60,3
POITEM0000910,PO000264,PROD0200,2,13135.1,2026-10-17,2026-10-23,1,0
POITEM0000911,PO000264,PROD0207,49,94002.96,2026-10-17,2026-10-29,47,0
POITEM0000912,PO000264,PROD0038,11,115309.51,2026-10-17,2026-11-02,10,0
POITEM0000913,PO000264,PROD0221,24,97226.43,2026-10-17,2026-10-19,23,1
POITEM0000914,PO000264,PROD0203,42,95623.23,2026-10-17,2026-11-02,37,1
POITEM0000915,PO000265,PROD0101,87,106413.96,2026-10-01,2026-10-23,78,5
POITEM0000916,PO000266,PROD0199,43,89082.14,2026-10-05,2026-10-17,38,3
POITEM0000917,PO000267,PROD0176,34,82166.53,2026-10-07,2026-10-14,32,2
POITEM0000918,PO000268,PROD0188,67,72955.73,2026-10-14,2026-10-29,62,1
POITEM0000919,PO000268,PROD0019,10,138245.44,2026-10-14,2026-10-27,9,0
POITEM0000920,PO000269,PROD0146,59,125108.04,2026-10-19,2026-11-07,55,4
POITEM0000921,PO000269,PROD0102,6,14625.46,2026-10-19,2026-10-31,5,1
POITEM0000922,PO000269,PROD0249,31,49620.46,2026-10-19,2026-10-27,28,2
POITEM0000923,PO000270,PROD0223,5,121520.34,2026-09-27,2026-10-19,4,1
POITEM0000924,PO000270,PROD0005,5,152681.37,2026-09-27,2026-10-22,4,0
POITEM0000925,PO000270,PROD0244,85,70831.29,2026-09-27,2026-10-18,76,8
POITEM0000926,PO000270,PROD0041,56,159448.71,2026-09-27,2026-10-15,55,1
POITEM0000927,PO000270,PROD0033,65,19784.79,2026-09-27,2026-10-01,64,0
POITEM0000928,PO000271,PROD0226,95,126164.78,2026-10-14,2026-10-28,86,8
POITEM0000929,PO000271,PROD0156,71,101195.06,2026-10-14,2026-10-29,64,1
POITEM0000930,PO000271,PROD0087,83,130397.48,2026-10-14,2026-10-11,75,4
POITEM0000931,PO000272,PROD0116,65,30481.09,2026-10-17,2026-10-26,61,0
POITEM0000932,PO000272,PROD0161,89,89337.82,2026-10-17,2026-11-01,84,3
POITEM0000933,PO000272,PROD0140,12,28804.25,2026-10-17,2026-10-23,10,0
POITEM0000934,PO000273,PROD0230,52,33481.65,2026-09-15,2026-09-24,49,3
POITEM0000935,PO000273,PROD0140,62,26309.57,2026-09-15,2026-09-16,60,2
POITEM0000936,PO000274,PROD0048,49,83820.43,2026-10-10,2026-10-29,48,0
POITEM0000937,PO000274,PROD0007,79,69441.51,2026-10-10,2026-10-07,74,5
POITEM0000938,PO000274,PROD0240,81,16525.17,2026-10-10,2026-10-26,75,3
POITEM0000939,PO000274,PROD0158,64,101565.56,2026-10-10,2026-10-24,62,2
POITEM0000940,PO000274,PROD0116,64,36682.47,2026-10-10,2026-10-17,62,2
POITEM0000941,PO000274,PROD0071,20,119862.12,2026-10-10,2026-11-01,19,1
POITEM0000942,PO000275,PROD0128,17,71813.43,2026-09-29,2026-10-04,16,0
POITEM0000943,PO000275,PROD0184,64,13869.33,2026-09-29,2026-10-17,61,0
POITEM0000944,PO000275,PROD0217,83,61308.04,2026-09-29,2026-10-11,79,2
POITEM0000945,PO000275,PROD0040,88,165045.95,2026-09-29,2026-10-10,85,0
POITEM0000946,PO000275,PROD0215,52,125390.99,2026-09-29,2026-10-14,47,1
POITEM0000947,PO000276,PROD0161,35,94339.49,2026-09-28,2026-10-21,31,0
POITEM0000948,PO000276,PROD0203,85,97859.44,2026-09-28,2026-10-21,79,6
POITEM0000949,PO000276,PROD0061,47,50358.45,2026-09-28,2026-10-17,42,3
POITEM0000950,PO000276,PROD0095,49,56436.74,2026-09-28,2026-10-16,47,2
POITEM0000951,PO000276,PROD0014,43,119569.22,2026-09-28,2026-10-14,39,3
POITEM0000952,PO000276,PROD0179,73,106783.74,2026-09-28,2026-09-24,67,0
POITEM0000953,PO000277,PROD0032,100,37429.56,2026-09-21,2026-10-09,96,2
POITEM0000954,PO000277,PROD0043,48,74326.87,2026-09-21,2026-09-24,44,2
POITEM0000955,PO000277,PROD0072,24,3220.77,2026-09-21,2026-10-15,22,2
POITEM0000956,PO000277,PROD0231,51,60159.39,2026-09-21,2026-09-30,46,4
POITEM0000957,PO000277,PROD0139,51,101140.82,2026-09-21,2026-09-22,46,1
POITEM0000958,PO000277,PROD0046,46,5923.1,2026-09-21,2026-10-12,45,1
POITEM0000959,PO000278,PROD0164,82,78084.11,2026-10-05,2026-10-30,74,2
POITEM0000960,PO000278,PROD0064,88,69346.43,2026-10-05,2026-10-17,82,5
POITEM0000961,PO000279,PROD0217,29,56122.09,2026-10-19,2026-11-10,26,1
POITEM0000962,PO000279,PROD0069,70,7159.46,2026-10-19,2026-11-13,66,4
POITEM0000963,PO000279,PROD0203,14,78357.89,2026-10-19,2026-10-24,13,1
POITEM0000964,PO000279,PROD0101,22,86365.02,2026-10-19,2026-10-22,21,0
POITEM0000965,PO000279,PROD0213,88,3804.87,2026-10-19,2026-11-04,87,1
POITEM0000966,PO000280,PROD0137,44,46034.34,2026-09-30,2026-10-18,43,1
POITEM0000967,PO000280,PROD0195,23,23810.53,2026-09-30,2026-10-24,21,1
POITEM0000968,PO000281,PROD0043,52,92136.64,2026-09-22,2026-10-17,48,4
POITEM0000969,PO000281,PROD0248,29,6920.05,2026-09-22,2026-10-14,27,2
POITEM0000970,PO000281,PROD0148,29,154653.31,2026-09-22,2026-09-27,26,2
POITEM0000971,PO000281,PROD0044,14,48432.88,2026-09-22,2026-09-24,13,0
POITEM0000972,PO000282,PROD0182,83,58621.97,2026-10-19,2026-10-29,81,2
POITEM0000973,PO000282,PROD0101,34,98862.4,2026-10-19,2026-11-13,31,3
POITEM0000974,PO000282,PROD0095,72,48564.68,2026-10-19,2026-10-24,66,0
POITEM0000975,PO000282,PROD0094,79,82942.28,2026-10-19,2026-10-24,73,6
POITEM0000976,PO000282,PROD0007,63,59034.62,2026-10-19,2026-11-07,62,1
POITEM0000977,PO000283,PROD0058,40,122617.8,2026-09-17,2026-10-02,37,0
POITEM0000978,PO000283,PROD0002,87,103346.61,2026-09-17,2026-10-10,79,8
POITEM0000979,PO000283,PROD0050,74,43025.42,2026-09-17,2026-09-14,71,0
POITEM0000980,PO000284,PROD0154,26,49775.53,2026-09-30,2026-10-11,24,2
POITEM0000981,PO000284,PROD0124,43,68889.87,2026-09-30,2026-10-13,42,0
POITEM0000982,PO000284,PROD0043,35,82053.71,2026-09-30,2026-10-20,33,0
POITEM0000983,PO000284,PROD0013,12,153165.77,2026-09-30,2026-10-21,11,1
POITEM0000984,PO000285,PROD0101,12,97116.57,2026-10-03,2026-10-08,10,1
POITEM0000985,PO000285,PROD0079,59,146167.15,2026-10-03,2026-10-01,56,2
POITEM0000986,PO000286,PROD0052,94,33889.32,2026-10-17,2026-10-17,93,1
POITEM0000987,PO000286,PROD0028,80,156727.77,2026-10-17,2026-11-09,77,1
POITEM0000988,PO000286,PROD0056,54,38689.19,2026-10-17,2026-10-27,53,0
POITEM0000989,PO000287,PROD0205,58,98293.29,2026-09-30,2026-10-22,56,1
POITEM0000990,PO000287,PROD0110,6,21782.88,2026-09-30,2026-09-25,5,1
POITEM0000991,PO000288,PROD0179,83,101144.17,2026-10-19,2026-11-08,81,0
POITEM0000992,PO000288,PROD0222,37,131622.54,2026-10-19,2026-11-13,33,0
POITEM0000993,PO000289,PROD0199,46,96749.34,2026-09-16,2026-09-16,45,1
POITEM0000994,PO000290,PROD0158,90,108963.48,2026-10-11,2026-10-24,88,2
POITEM0000995,PO000290,PROD0136,61,117662.59,2026-10-11,2026-10-23,57,0
POITEM0000996,PO000290,PROD0243,78,25132.86,2026-10-11,2026-10-29,71,2
POITEM0000997,PO000290,PROD0032,97,38560.65,2026-10-11,2026-10-21,91,0
POITEM0000998,PO000291,PROD0093,66,142435.51,2026-09-21,2026-10-02,62,4
POITEM0000999,PO000291,PROD0034,99,54811.42,2026-09-21,2026-09-27,97,1
POITEM0001000,PO000291,PROD0061,21,68612.85,2026-09-21,2026-10-14,19,0
POITEM0001001,PO000292,PROD0143,100,162079.32,2026-09-18,2026-09-26,97,3
POITEM0001002,PO000292,PROD0208,8,52363.53,2026-09-18,2026-10-13,7,1
POITEM0001003,PO000292,PROD0234,99,16277.66,2026-09-18,2026-10-01,90,8
POITEM0001004,PO000293,PROD0203,57,96686.62,2026-09-23,2026-09-26,53,2
POITEM0001005,PO000293,PROD0194,22,64304.59,2026-09-23,2026-09-22,21,1
POITEM0001006,PO000293,PROD0116,91,31205.08,2026-09-23,2026-09-28,89,2
POITEM0001007,PO000293,PROD0138,44,3854.79,2026-09-23,2026-10-11,41,2
POITEM0001008,PO000294,PROD0162,47,163454.58,2026-09-18,2026-10-08,46,1
POITEM0001009,PO000294,PROD0087,92,105148.83,2026-09-18,2026-10-09,87,4
POITEM0001010,PO000294,PROD0188,37,91629.97,2026-09-18,2026-09-18,35,2
POITEM0001011,PO000294,PROD0151,17,49856.68,2026-09-18,2026-09-22,15,2
POITEM0001012,PO000294,PROD0109,16,832.76,2026-09-18,2026-10-13,14,0
POITEM0001013,PO000295,PROD0110,1,28362.96,2026-09-21,2026-10-14,0,0
POITEM0001014,PO000295,PROD0086,6,92523.45,2026-09-21,2026-09-20,5,1
POITEM0001015,PO000295,PROD0007,48,52592.39,2026-09-21,2026-10-06,47,0
POITEM0001016,PO000295,PROD0035,76,158518.26,2026-09-21,2026-10-06,74,0
POITEM0001017,PO000295,PROD0239,10,68890.11,2026-09-21,2026-10-16,9,0
POITEM0001018,PO000295,PROD0218,17,29861.81,2026-09-21,2026-10-06,16,0
POITEM0001019,PO000296,PROD0223,27,113545.74,2026-09-13,2026-09-08,24,2
POITEM0001020,PO000296,PROD0082,44,19699.59,2026-09-13,2026-09-23,42,0
POITEM0001021,PO000296,PROD0018,67,31250.09,2026-09-13,2026-09-14,65,2
POITEM0001022,PO000297,PROD0109,37,1020.49,2026-09-17,2026-09-21,35,1
POITEM0001023,PO000297,PROD0143,67,121516.42,2026-09-17,2026-09-28,63,4
POITEM0001024,PO000297,PROD0189,50,37931.85,2026-09-17,2026-09-24,47,3
POITEM0001025,PO000297,PROD0047,19,92648.45,2026-09-17,2026-09-27,17,2
POITEM0001026,PO000297,PROD0175,29,75946.52,2026-09-17,2026-09-25,26,3
POITEM0001027,PO000297,PROD0026,82,75235.68,2026-09-17,2026-10-07,81,1
POITEM0001028,PO000298,PROD0244,1,57248.32,2026-10-06,2026-10-05,0,1
POITEM0001029,PO000298,PROD0075,66,102526.24,2026-10-06,2026-10-24,61,5
POITEM0001030,PO000298,PROD0165,22,115922.07,2026-10-06,2026-10-30,20,1
POITEM0001031,PO000298,PROD0106,37,1726.76,2026-10-06,2026-10-07,35,0
POITEM0001032,PO000298,PROD0039,68,47513.97,2026-10-06,2026-10-07,61,2
POITEM0001033,PO000298,PROD0192,91,5762.02,2026-10-06,2026-10-18,84,1
POITEM0001034,PO000299,PROD0035,78,133373.41,2026-09-21,2026-09-20,72,6
POITEM0001035,PO000299,PROD0049,83,9156.38,2026-09-21,2026-09-16,82,1
POITEM0001036,PO000299,PROD0215,80,126923.53,2026-09-21,2026-09-18,79,0
POITEM0001037,PO000299,PROD0017,49,117990.03,2026-09-21,2026-10-09,46,0
POITEM0001038,PO000299,PROD0033,12,16991.19,2026-09-21,2026-10-02,11,0
POITEM0001039,PO000299,PROD0052,54,44710.15,2026-09-21,2026-09-24,51,3
POITEM0001040,PO000300,PROD0053,71,21669.74,2026-09-13,2026-09-22,68,2
POITEM0001041,PO000300,PROD0184,4,12757.3,2026-09-13,2026-09-25,3,0
POITEM0001042,PO000301,PROD0104,86,141699.21,2026-09-26,2026-10-05,81,1
POITEM0001043,PO000301,PROD0133,24,93880.38,2026-09-26,2026-10-19,23,1
POITEM0001044,PO000301,PROD0181,62,117318.2,2026-09-26,2026-10-05,60,1
POITEM0001045,PO000301,PROD0023,34,45226.12,2026-09-26,2026-10-14,33,1
POITEM0001046,PO000302,PROD0161,20,108810.7,2026-10-11,,19,0
POITEM0001047,PO000302,PROD0069,42,6653.26,2026-10-11,2026-10-10,39,0
POITEM0001048,PO000302,PROD0124,66,50093.39,2026-10-11,2026-11-01,64,2
POITEM0001049,PO000302,PROD0035,95,135581.33,2026-10-11,2026-10-20,90,3
POITEM0001050,PO000302,PROD0098,85,129692.99,2026-10-11,2026-10-23,77,3
POITEM0001051,PO000303,PROD0027,92,135216.18,2026-09-20,2026-09-29,83,1
POITEM0001052,PO000303,PROD0101,83,110739.41,2026-09-20,2026-09-30,77,1
POITEM0001053,PO000303,PROD0014,9,103058.19,2026-09-20,2026-09-29,8,0
POITEM0001054,PO000303,PROD0141,26,122557.38,2026-09-20,2026-09-29,24,2
POITEM0001055,PO000303,PROD0223,94,112218.3,2026-09-20,2026-09-21,85,9
POITEM0001056,PO000303,PROD0047,84,108463.59,2026-09-20,2026-10-03,75,2
POITEM0001057,PO000304,PROD0084,24,124865.3,2026-09-21,2026-09-21,23,0
POITEM0001058,PO000305,PROD0245,95,58430.2,2026-10-21,2026-10-29,86,2
POITEM0001059,PO000305,PROD0146,13,138432.45,2026-10-21,2026-11-08,12,1
POITEM0001060,PO000305,PROD0233,42,2679.94,2026-10-21,2026-11-06,39,0
POITEM0001061,PO000305,PROD0158,82,121726.46,2026-10-21,2026-10-25,81,0
POITEM0001062,PO000305,PROD0055,71,151327.44,2026-10-21,2026-11-02,70,0
POITEM0001063,PO000306,PROD0230,42,37269.4,2026-10-16,2026-10-31,41,1
POITEM0001064,PO000306,PROD0043,90,66107.66,2026-10-16,2026-11-10,87,1
POITEM0001065,PO000307,PROD0220,72,39398.92,2026-09-16,2026-10-11,67,2
POITEM0001066,PO000307,PROD0229,35,69492.19,2026-09-16,2026-09-24,33,0
POITEM0001067,PO000307,PROD0139,63,82496.9,2026-09-16,2026-10-04,57,5
POITEM0001068,PO000307,PROD0053,60,24770.17,2026-09-16,2026-10-04,57,3
POITEM0001069,PO000307,PROD0082,29,21154.73,2026-09-16,2026-09-16,28,1
POITEM0001070,PO000308,PROD0064,74,98932.39,2026-09-20,2026-09-25,71,2
POITEM0001071,PO000308,PROD0242,33,68885.84,2026-09-20,2026-10-03,30,3
POITEM0001072,PO000308,PROD0006,79,43566.21,2026-09-20,2026-10-07,76,0
POITEM0001073,PO000309,PROD0229,78,54762.59,2026-10-03,2026-10-24,73,4
POITEM0001074,PO000309,PROD0115,57,131723.11,2026-10-03,2026-09-28,54,1
POITEM0001075,PO000310,PROD0045,43,43785.86,2026-10-17,2026-10-19,40,3
POITEM0001076,PO000310,PROD0113,98,91328.56,2026-10-17,2026-10-28,91,7
POITEM0001077,PO000310,PROD0018,93,28008.62,2026-10-17,2026-10-15,84,3
POITEM0001078,PO000310,PROD0042,63,43784.41,2026-10-17,2026-11-03,59,2
POITEM0001079,PO000310,PROD0015,18,112048.5,2026-10-17,2026-10-30,17,0
POITEM0001080,PO000311,PROD0039,87,51047.5,2026-10-20,2026-11-08,84,0
POITEM0001081,PO000311,PROD0008,18,117768.15,2026-10-20,2026-11-09,17,1
POITEM0001082,PO000312,PROD0187,7,65440.69,2026-09-16,2026-09-28,6,0
POITEM0001083,PO000312,PROD0203,23,88695.51,2026-09-16,2026-09-12,21,0
POITEM0001084,PO000312,PROD0186,34,4964.44,2026-09-16,2026-10-05,32,2
POITEM0001085,PO000312,PROD0221,63,94417.48,2026-09-16,2026-09-30,58,5
POITEM0001086,PO000313,PROD0133,73,95922.51,2026-10-15,2026-10-24,68,2
POITEM0001087,PO000313,PROD0129,88,151921.02,2026-10-15,2026-10-16,80,5
POITEM0001088,PO000313,PROD0130,86,114225.61,2026-10-15,2026-10-26,79,5
POITEM0001089,PO000313,PROD0222,24,106908.54,2026-10-15,2026-10-17,21,3
POITEM0001090,PO000314,PROD0205,97,97459.23,2026-10-17,2026-11-06,92,0
POITEM0001091,PO000315,PROD0005,39,130295.06,2026-09-18,2026-09-20,38,1
POITEM0001092,PO000315,PROD0072,83,2213.74,2026-09-18,2026-09-15,77,6
POITEM0001093,PO000316,PROD0219,59,23195.21,2026-10-08,2026-10-05,53,2
POITEM0001094,PO000316,PROD0204,21,86061.5,2026-10-08,2026-11-02,19,0
POITEM0001095,PO000316,PROD0147,94,67315.56,2026-10-08,2026-10-21,88,6
POITEM0001096,PO000316,PROD0083,12,147363.71,2026-10-08,2026-10-03,11,0
POITEM0001097,PO000316,PROD0029,83,975.34,2026-10-08,2026-10-21,78,1
POITEM0001098,PO000317,PROD0242,12,87804.08,2026-10-10,2026-10-14,11,0
POITEM0001099,PO000317,PROD0151,62,49591.42,2026-10-10,2026-10-13,57,5
POITEM0001100,PO000317,PROD0192,95,6607.95,2026-10-10,2026-10-21,92,1
POITEM0001101,PO000317,PROD0090,8,38481.02,2026-10-10,2026-10-24,7,0
POITEM0001102,PO000317,PROD0170,1,39708.19,2026-10-10,2026-10-23,0,1
POITEM0001103,PO000317,PROD0007,61,71355.69,2026-10-10,2026-10-07,59,0
POITEM0001104,PO000318,PROD0152,19,51932.68,2026-10-10,2026-10-17,17,0
POITEM0001105,PO000318,PROD0128,82,50585.96,2026-10-10,2026-10-09,76,5
POITEM0001106,PO000318,PROD0024,20,19239.93,2026-10-10,2026-10-08,19,0
POITEM0001107,PO000318,PROD0156,21,82665.21,2026-10-10,2026-10-08,19,2
POITEM0001108,PO000318,PROD0248,90,5861.14,2026-10-10,2026-11-04,83,7
POITEM0001109,PO000318,PROD0030,53,84985.14,2026-10-10,2026-10-19,52,0
POITEM0001110,PO000319,PROD0030,78,91136.49,2026-09-13,2026-10-02,70,1
POITEM0001111,PO000320,PROD0029,49,1381.31,2026-10-16,2026-10-23,47,0
POITEM0001112,PO000321,PROD0234,6,20336.81,2026-09-30,2026-09-28,5,0
POITEM0001113,PO000321,PROD0047,58,92315.44,2026-09-30,2026-09-29,53,5
POITEM0001114,PO000322,PROD0170,68,38652.11,2026-09-30,2026-10-19,62,3
POITEM0001115,PO000322,PROD0191,32,4432.04,2026-09-30,2026-10-01,30,2
POITEM0001116,PO000322,PROD0237,96,147452.38,2026-09-30,2026-10-18,90,1
POITEM0001117,PO000323,PROD0076,74,22908.98,2026-10-12,2026-10-13,73,1
POITEM0001118,PO000324,PROD0087,85,150443.18,2026-09-23,2026-09-23,83,1
POITEM0001119,PO000324,PROD0054,84,91581.36,2026-09-23,2026-10-16,80,2
POITEM0001120,PO000324,PROD0138,100,4625.43,2026-09-23,2026-10-04,90,1
POITEM0001121,PO000324,PROD0004,20,76050.2,2026-09-23,2026-10-12,18,1
POITEM0001122,PO000325,PROD0026,37,59527.94,2026-09-20,2026-09-15,33,4
POITEM0001123,PO000325,PROD0024,88,18239.29,2026-09-20,2026-09-27,86,2
POITEM0001124,PO000326,PROD0036,74,52496.02,2026-09-15,2026-10-01,67,5
POITEM0001125,PO000326,PROD0237,18,150721.26,2026-09-15,2026-09-14,17,1
POITEM0001126,PO000326,PROD0087,49,123247.26,2026-09-15,2026-09-14,47,0
POITEM0001127,PO000326,PROD0221,76,78634.21,2026-09-15,2026-09-16,71,5
POITEM0001128,PO000326,PROD0003,47,57468.86,2026-09-15,2026-10-10,43,2
POITEM0001129,PO000327,PROD0098,95,139690.12,2026-10-18,2026-11-02,93,0
POITEM0001130,PO000327,PROD0215,28,142104.51,2026-10-18,2026-11-04,25,2
POITEM0001131,PO000327,PROD0203,17,73750.96,2026-10-18,2026-11-06,15,2
POITEM0001132,PO000327,PROD0017,75,132913.08,2026-10-18,2026-10-28,70,0
POITEM0001133,PO000327,PROD0208,100,43840.04,2026-10-18,2026-10-16,99,0
POITEM0001134,PO000327,PROD0190,59,94151.13,2026-10-18,2026-10-16,54,1
POITEM0001135,PO000328,PROD0049,46,8209.38,2026-09-28,2026-10-10,44,1
POITEM0001136,PO000328,PROD0109,70,756.11,2026-09-28,2026-10-04,64,3
POITEM0001137,PO000328,PROD0240,40,17316.59,2026-09-28,2026-10-17,37,1
POITEM0001138,PO000329,PROD0217,34,65616.13,2026-10-19,2026-11-13,32,0
POITEM0001139,PO000329,PROD0007,96,53455.92,2026-10-19,2026-11-07,87,2
POITEM0001140,PO000330,PROD0037,62,80063.85,2026-09-27,2026-10-21,57,0
POITEM0001141,PO000331,PROD0032,62,29052.47,2026-10-12,2026-10-14,61,1
POITEM0001142,PO000331,PROD0093,36,167824.69,2026-10-12,2026-10-08,35,0
POITEM0001143,PO000331,PROD0158,77,124435.61,2026-10-12,2026-10-26,71,0
POITEM0001144,PO000331,PROD0042,57,46706.73,2026-10-12,2026-10-30,52,5
POITEM0001145,PO000332,PROD0111,55,101344.0,2026-10-18,2026-11-09,54,0
POITEM0001146,PO000333,PROD0059,37,40533.22,2026-10-02,2026-10-13,36,0
POITEM0001147,PO000333,PROD0034,44,54654.44,2026-10-02,2026-10-07,40,2
POITEM0001148,PO000333,PROD0033,21,18515.87,2026-10-02,2026-10-23,20,0
POITEM0001149,PO000333,PROD0221,29,72474.34,2026-10-02,2026-10-19,27,2
POITEM0001150,PO000334,PROD0009,16,42737.09,2026-10-14,2026-10-09,14,2
POITEM0001151,PO000334,PROD0064,47,93844.6,2026-10-14,2026-11-07,46,1
POITEM0001152,PO000334,PROD0016,64,160470.93,2026-10-14,2026-10-27,63,1
POITEM0001153,PO000335,PROD0109,40,909.04,2026-09-28,2026-10-12,39,0
POITEM0001154,PO000335,PROD0229,48,72631.97,2026-09-28,2026-10-07,43,4
POITEM0001155,PO000335,PROD0202,87,83000.68,2026-09-28,2026-10-17,84,2
POITEM0001156,PO000336,PROD0073,23,72937.84,2026-10-05,2026-10-30,22,0
POITEM0001157,PO000336,PROD0109,33,958.89,2026-10-05,2026-10-15,30,0
POITEM0001158,PO000336,PROD0216,18,112366.51,2026-10-05,2026-10-26,17,1
POITEM0001159,PO000337,PROD0112,72,108959.99,2026-10-07,2026-10-03,64,1
POITEM0001160,PO000337,PROD0001,66,4106.94,2026-10-07,2026-10-05,61,0
POITEM0001161,PO000337,PROD0029,27,1393.93,2026-10-07,2026-10-02,24,3
POITEM0001162,PO000337,PROD0012,71,26784.67,2026-10-07,2026-10-09,65,0
POITEM0001163,PO000338,PROD0103,12,23809.17,2026-10-16,2026-10-26,11,0
POITEM0001164,PO000338,PROD0071,55,116057.3,2026-10-16,2026-10-27,50,0
POITEM0001165,PO000338,PROD0196,70,80068.02,2026-10-16,2026-10-11,63,1
POITEM0001166,PO000338,PROD0242,94,74083.81,2026-10-16,2026-11-01,90,2
POITEM0001167,PO000339,PROD0028,93,115875.57,2026-09-22,2026-09-20,86,5
POITEM0001168,PO000339,PROD0038,91,106446.09,2026-09-22,2026-09-18,90,1
POITEM0001169,PO000339,PROD0152,11,72126.67,2026-09-22,2026-09-23,9,2
POITEM0001170,PO000339,PROD0008,6,130859.82,2026-09-22,2026-09-30,5,1
POITEM0001171,PO000340,PROD0064,7,80974.17,2026-10-09,2026-10-18,6,0
POITEM0001172,PO000341,PROD0021,37,147466.53,2026-09-18,2026-09-24,36,1
POITEM0001173,PO000341,PROD0249,63,60802.55,2026-09-18,2026-09-22,58,1
POITEM0001174,PO000341,PROD0013,52,162475.6,2026-09-18,2026-09-18,48,0
POITEM0001175,PO000342,PROD0051,45,146553.52,2026-10-20,2026-11-01,42,2
POITEM0001176,PO000342,PROD0007,58,68557.64,2026-10-20,2026-10-28,53,5
POITEM0001177,PO000342,PROD0005,55,126156.29,2026-10-20,2026-11-03,54,1
POITEM0001178,PO000342,PROD0145,64,2152.83,2026-10-20,2026-10-15,60,1
POITEM0001179,PO000342,PROD0112,16,97413.97,2026-10-20,2026-11-01,14,0
POITEM0001180,PO000342,PROD0047,43,79070.55,2026-10-20,2026-10-21,39,1
POITEM0001181,PO000343,PROD0104,57,161308.2,2026-10-01,2026-10-25,52,2
POITEM0001182,PO000343,PROD0041,56,177602.66,2026-10-01,2026-10-24,53,3
POITEM0001183,PO000343,PROD0211,56,67526.01,2026-10-01,2026-10-22,53,1
POITEM0001184,PO000343,PROD0208,11,51260.76,2026-10-01,2026-10-07,10,0
POITEM0001185,PO000343,PROD0236,68,5975.65,2026-10-01,2026-10-03,63,1
POITEM0001186,PO000344,PROD0219,52,28439.76,2026-10-11,2026-10-19,51,1
POITEM0001187,PO000344,PROD0122,13,102946.36,2026-10-11,2026-10-15,12,1
POITEM0001188,PO000344,PROD0005,81,158219.48,2026-10-11,2026-10-24,76,0
POITEM0001189,PO000344,PROD0009,97,36082.84,2026-10-11,2026-10-08,89,1
POITEM0001190,PO000344,PROD0015,7,103264.25,2026-10-11,2026-10-20,6,1
POITEM0001191,PO000344,PROD0069,86,6104.26,2026-10-11,2026-10-20,84,0
POITEM0001192,PO000345,PROD0010,84,10857.48,2026-10-20,2026-10-23,76,3
POITEM0001193,PO000345,PROD0006,70,32882.83,2026-10-20,2026-11-08,69,0
POITEM0001194,PO000345,PROD0192,92,5999.19,2026-10-20,2026-11-02,86,6
POITEM0001195,PO000346,PROD0220,1,44169.01,2026-10-03,2026-10-08,0,0
POITEM0001196,PO000346,PROD0182,86,49896.18,2026-10-03,2026-10-20,83,0
POITEM0001197,PO000346,PROD0162,41,172040.2,2026-10-03,2026-10-23,39,0
POITEM0001198,PO000346,PROD0179,6,95912.8,2026-10-03,2026-10-06,5,0
POITEM0001199,PO000346,PROD0070,76,94495.27,2026-10-03,2026-10-07,70,5
POITEM0001200,PO000346,PROD0147,77,65576.36,2026-10-03,2026-10-24,69,7
POITEM0001201,PO000347,PROD0201,82,7071.38,2026-10-12,2026-10-14,80,2
POITEM0001202,PO000347,PROD0156,9,71030.22,2026-10-12,2026-10-13,8,1
POITEM0001203,PO000347,PROD0136,76,114791.35,2026-10-12,2026-10-21,68,1
POITEM0001204,PO000347,PROD0127,54,180871.11,2026-10-12,2026-10-19,49,4
POITEM0001205,PO000348,PROD0192,49,5537.11,2026-10-02,2026-10-27,45,0
POITEM0001206,PO000348,PROD0075,20,91212.47,2026-10-02,2026-10-03,18,1
POITEM0001207,PO000348,PROD0027,37,140114.55,2026-10-02,2026-10-27,36,0
POITEM0001208,PO000348,PROD0106,63,1389.5,2026-10-02,2026-10-12,60,2
POITEM0001209,PO000348,PROD0233,32,2588.9,2026-10-02,2026-10-04,31,0
POITEM0001210,PO000349,PROD0112,95,105792.94,2026-10-03,2026-10-20,88,4
POITEM0001211,PO000349,PROD0047,75,89655.01,2026-10-03,2026-10-16,72,0
POITEM0001212,PO000349,PROD0054,79,86451.8,2026-10-03,2026-10-12,72,0
POITEM0001213,PO000350,PROD0183,34,56308.31,2026-09-16,2026-09-16,33,1
POITEM0001214,PO000351,PROD0036,59,56931.28,2026-10-08,2026-10-29,58,0
POITEM0001215,PO000351,PROD0007,14,70963.56,2026-10-08,2026-10-05,13,1
POITEM0001216,PO000351,PROD0055,8,160601.74,2026-10-08,2026-10-29,7,0
POITEM0001217,PO000351,PROD0120,85,112286.87,2026-10-08,2026-10-24,81,0
POITEM0001218,PO000351,PROD0014,81,137450.09,2026-10-08,2026-10-28,74,4
POITEM0001219,PO000351,PROD0132,13,87686.5,2026-10-08,2026-10-30,12,0
POITEM0001220,PO000352,PROD0095,90,62677.55,2026-09-19,2026-10-08,81,9
POITEM0001221,PO000352,PROD0176,74,71974.91,2026-09-19,2026-09-30,71,3
POITEM0001222,PO000353,PROD0230,11,36066.6,2026-09-27,2026-10-06,10,0
POITEM0001223,PO000353,PROD0029,94,1317.55,2026-09-27,2026-10-18,85,8
POITEM0001224,PO000354,PROD0161,85,97415.51,2026-10-20,2026-10-31,80,0
POITEM0001225,PO000354,PROD0151,10,44136.69,2026-10-20,2026-11-01,9,1
POITEM0001226,PO000354,PROD0247,34,112550.18,2026-10-20,2026-10-24,32,2
POITEM0001227,PO000354,PROD0075,18,109951.67,2026-10-20,2026-10-20,17,0
POITEM0001228,PO000354,PROD0238,58,128636.38,2026-10-20,2026-11-14,56,1
POITEM0001229,PO000355,PROD0132,57,86127.78,2026-10-11,2026-10-22,56,1
POITEM0001230,PO000355,PROD0189,57,41314.44,2026-10-11,2026-11-04,55,0
POITEM0001231,PO000355,PROD0238,70,97986.83,2026-10-11,2026-10-11,65,0
POITEM0001232,PO000355,PROD0060,4,107538.16,2026-10-11,2026-10-14,3,0
POITEM0001233,PO000355,PROD0147,54,76667.01,2026-10-11,2026-10-21,52,1
POITEM0001234,PO000356,PROD0171,24,138522.39,2026-09-15,2026-10-06,22,0
POITEM0001235,PO000356,PROD0024,49,20394.73,2026-09-15,2026-09-28,46,0
POITEM0001236,PO000356,PROD0213,39,3908.69,2026-09-15,2026-09-29,35,3
POITEM0001237,PO000356,PROD0216,12,121602.84,2026-09-15,2026-10-04,11,0
POITEM0001238,PO000357,PROD0131,64,119688.42,2026-10-10,2026-10-26,57,4
POITEM0001239,PO000357,PROD0229,22,74690.42,2026-10-10,2026-10-24,19,3
POITEM0001240,PO000358,PROD0232,97,128650.54,2026-10-07,2026-10-14,96,1
POITEM0001241,PO000358,PROD0130,86,97081.48,2026-10-07,2026-10-22,79,0
POITEM0001242,PO000358,PROD0039,35,61813.53,2026-10-07,2026-10-03,34,1
POITEM0001243,PO000358,PROD0119,30,104164.38,2026-10-07,2026-10-24,29,0
POITEM0001244,PO000358,PROD0186,34,4778.01,2026-10-07,2026-10-30,32,0
POITEM0001245,PO000359,PROD0109,64,976.7,2026-09-30,2026-10-23,63,0
POITEM0001246,PO000359,PROD0029,23,1052.69,2026-09-30,2026-10-10,22,1
POITEM0001247,PO000359,PROD0091,87,15055.25,2026-09-30,2026-10-23,81,6
POITEM0001248,PO000359,PROD0110,89,21849.63,2026-09-30,2026-10-12,87,2
POITEM0001249,PO000359,PROD0012,29,22153.63,2026-09-30,2026-10-05,26,3
POITEM0001250,PO000360,PROD0028,59,124735.66,2026-09-28,2026-10-11,58,1
POITEM0001251,PO000360,PROD0200,24,14428.97,2026-09-28,2026-10-02,23,0
POITEM0001252,PO000360,PROD0239,78,67633.05,2026-09-28,2026-10-22,75,3
POITEM0001253,PO000361,PROD0164,70,83920.16,2026-09-16,2026-09-18,68,2
POITEM0001254,PO000361,PROD0073,34,93191.07,2026-09-16,2026-10-10,30,4
POITEM0001255,PO000361,PROD0214,55,161672.51,2026-09-16,2026-09-11,49,2
POITEM0001256,PO000361,PROD0157,58,150195.56,2026-09-16,2026-09-27,53,2
POITEM0001257,PO000361,PROD0097,20,105948.38,2026-09-16,2026-09-13,18,1
POITEM0001258,PO000361,PROD0099,2,146184.32,2026-09-16,2026-09-15,1,1
POITEM0001259,PO000362,PROD0099,19,152114.46,2026-10-16,2026-10-16,17,1
POITEM0001260,PO000363,PROD0195,36,16797.9,2026-10-05,2026-10-17,35,0
POITEM0001261,PO000363,PROD0063,1,91672.56,2026-10-05,2026-10-16,0,0
POITEM0001262,PO000363,PROD0212,35,13333.43,2026-10-05,2026-10-17,32,3
POITEM0001263,PO000363,PROD0162,69,129594.1,2026-10-05,2026-10-22,64,4
POITEM0001264,PO000363,PROD0105,30,111732.5,2026-10-05,2026-10-19,28,0
POITEM0001265,PO000364,PROD0036,20,54305.52,2026-10-15,2026-11-03,19,1
POITEM0001266,PO000364,PROD0067,78,44792.56,2026-10-15,2026-10-28,73,0
POITEM0001267,PO000364,PROD0102,55,14624.25,2026-10-15,2026-10-10,50,4
POITEM0001268,PO000364,PROD0123,9,13592.31,2026-10-15,2026-10-12,8,1
POITEM0001269,PO000365,PROD0055,15,151221.08,2026-10-21,2026-11-03,14,0
POITEM0001270,PO000366,PROD0170,82,38684.01,2026-10-05,2026-10-26,78,1
POITEM0001271,PO000366,PROD0194,27,49859.61,2026-10-05,2026-10-22,26,1
POITEM0001272,PO000366,PROD0154,14,42623.22,2026-10-05,2026-10-07,13,0
POITEM0001273,PO000367,PROD0185,44,99381.26,2026-09-28,2026-09-28,42,0
POITEM0001274,PO000367,PROD0105,6,92741.11,2026-09-28,2026-10-22,5,1
POITEM0001275,PO000367,PROD0229,42,63567.86,2026-09-28,2026-10-10,38,4
POITEM0001276,PO000367,PROD0001,13,4484.71,2026-09-28,2026-10-05,12,1
POITEM0001277,PO000368,PROD0006,97,35873.24,2026-09-27,2026-10-01,90,7
POITEM0001278,PO000368,PROD0233,19,2512.01,2026-09-27,2026-09-30,18,0
POITEM0001279,PO000368,PROD0043,79,81463.52,2026-09-27,2026-09-25,71,6
POITEM0001280,PO000368,PROD0093,41,170752.26,2026-09-27,2026-10-12,40,0
POITEM0001281,PO000368,PROD0245,25,57975.94,2026-09-27,2026-10-14,22,2
POITEM0001282,PO000368,PROD0072,36,2818.32,2026-09-27,2026-09-22,34,2
POITEM0001283,PO000369,PROD0103,97,26989.69,2026-09-28,2026-10-16,89,7
POITEM0001284,PO000369,PROD0217,96,52562.87,2026-09-28,2026-09-25,95,0
POITEM0001285,PO000369,PROD0017,90,114584.99,2026-09-28,2026-10-01,87,0
POITEM0001286,PO000369,PROD0121,70,111765.76,2026-09-28,2026-10-10,67,0
POITEM0001287,PO000370,PROD0119,13,95058.86,2026-10-05,2026-10-08,12,0
POITEM0001288,PO000370,PROD0214,57,157262.41,2026-10-05,2026-10-08,56,1
POITEM0001289,PO000370,PROD0142,67,175818.53,2026-10-05,2026-10-27,61,0
POITEM0001290,PO000370,PROD0038,29,96192.85,2026-10-05,2026-10-26,28,1
POITEM0001291,PO000371,PROD0048,34,86362.95,2026-09-25,2026-10-07,33,1
POITEM0001292,PO000371,PROD0236,79,5777.42,2026-09-25,2026-10-11,75,4
POITEM0001293,PO000371,PROD0101,80,108908.73,2026-09-25,2026-10-15,77,1
POITEM0001294,PO000371,PROD0161,90,93513.4,2026-09-25,2026-10-08,81,6
POITEM0001295,PO000371,PROD0097,90,117979.75,2026-09-25,2026-10-09,83,7
POITEM0001296,PO000372,PROD0239,73,73321.26,2026-09-24,2026-09-28,72,0
POITEM0001297,PO000372,PROD0130,42,95618.21,2026-09-24,2026-09-29,41,1
POITEM0001298,PO000372,PROD0098,41,124539.58,2026-09-24,2026-10-14,39,2
POITEM0001299,PO000373,PROD0029,16,1417.15,2026-09-27,2026-10-11,14,0
POITEM0001300,PO000374,PROD0154,100,40624.05,2026-09-25,2026-10-05,94,2
POITEM0001301,PO000374,PROD0174,32,121521.23,2026-09-25,2026-10-12,31,1
POITEM0001302,PO000374,PROD0047,89,111215.49,2026-09-25,2026-09-21,83,2
POITEM0001303,PO000374,PROD0015,15,90626.07,2026-09-25,2026-09-22,14,1
POITEM0001304,PO000374,PROD0217,11,69960.21,2026-09-25,2026-10-03,9,2
POITEM0001305,PO000374,PROD0176,94,81734.7,2026-09-25,2026-09-21,90,1
POITEM0001306,PO000375,PROD0138,51,4138.46,2026-09-16,2026-09-17,47,3
POITEM0001307,PO000375,PROD0193,41,140144.52,2026-09-16,2026-09-18,37,3
POITEM0001308,PO000375,PROD0198,91,30170.49,2026-09-16,2026-10-01,89,0
POITEM0001309,PO000375,PROD0143,13,157204.85,2026-09-16,2026-09-27,11,2
POITEM0001310,PO000375,PROD0207,34,73568.42,2026-09-16,2026-09-21,31,2
POITEM0001311,PO000376,PROD0015,4,91085.89,2026-10-06,2026-10-20,3,1
POITEM0001312,PO000376,PROD0098,18,117756.14,2026-10-06,2026-10-10,17,1
POITEM0001313,PO000376,PROD0125,23,45556.65,2026-10-06,2026-10-02,22,1
POITEM0001314,PO000376,PROD0002,49,106876.37,2026-10-06,2026-10-13,44,5
POITEM0001315,PO000376,PROD0013,36,171621.03,2026-10-06,2026-10-26,35,1
POITEM0001316,PO000377,PROD0128,56,69179.84,2026-09-19,2026-09-22,55,0
POITEM0001317,PO000377,PROD0106,2,1808.5,2026-09-19,2026-10-10,1,1
POITEM0001318,PO000377,PROD0013,41,129715.09,2026-09-19,2026-09-27,39,1
POITEM0001319,PO000377,PROD0084,63,150980.39,2026-09-19,2026-10-08,61,1
POITEM0001320,PO000378,PROD0138,74,3964.34,2026-10-10,2026-10-19,67,4
POITEM0001321,PO000378,PROD0229,99,62900.1,2026-10-10,2026-10-15,98,0
POITEM0001322,PO000378,PROD0008,25,122854.13,2026-10-10,2026-10-30,23,2
POITEM0001323,PO000379,PROD0008,48,108544.14,2026-10-18,2026-10-21,44,3
POITEM0001324,PO000379,PROD0109,49,1037.46,2026-10-18,2026-11-07,47,0
POITEM0001325,PO000379,PROD0034,82,59073.12,2026-10-18,2026-10-18,77,3
POITEM0001326,PO000379,PROD0063,44,104772.24,2026-10-18,2026-11-04,40,2
POITEM0001327,PO000379,PROD0220,7,42583.05,2026-10-18,2026-10-16,6,1
POITEM0001328,PO000380,PROD0086,7,101707.27,2026-10-07,2026-10-02,6,1
POITEM0001329,PO000380,PROD0155,21,31233.58,2026-10-07,2026-10-29,19,0
POITEM0001330,PO000380,PROD0156,16,98597.54,2026-10-07,2026-10-07,14,0
POITEM0001331,PO000380,PROD0089,38,81686.11,2026-10-07,2026-10-07,34,3
POITEM0001332,PO000380,PROD0059,55,34665.16,2026-10-07,2026-11-01,52,3
POITEM0001333,PO000380,PROD0237,89,111967.22,2026-10-07,2026-10-23,84,3
POITEM0001334,PO000381,PROD0103,41,29700.87,2026-09-13,2026-09-27,37,0
POITEM0001335,PO000381,PROD0035,50,163475.5,2026-09-13,2026-09-08,47,0
POITEM0001336,PO000381,PROD0196,11,87168.74,2026-09-13,2026-09-13,10,1
POITEM0001337,PO000382,PROD0026,65,58595.82,2026-10-19,2026-11-09,59,2
POITEM0001338,PO000382,PROD0024,69,14575.24,2026-10-19,2026-11-08,63,4
POITEM0001339,PO000382,PROD0096,82,58513.94,2026-10-19,2026-10-26,81,0
POITEM0001340,PO000382,PROD0234,1,20573.05,2026-10-19,2026-11-07,0,0
POITEM0001341,PO000382,PROD0249,14,50301.18,2026-10-19,2026-10-29,13,1
POITEM0001342,PO000382,PROD0219,62,22935.79,2026-10-19,2026-11-05,57,3
POITEM0001343,PO000383,PROD0033,74,19079.66,2026-10-19,2026-11-02,70,2
POITEM0001344,PO000383,PROD0051,57,135261.85,2026-10-19,2026-11-12,53,0
POITEM0001345,PO000383,PROD0224,35,49693.09,2026-10-19,2026-10-28,34,0
POITEM0001346,PO000383,PROD0021,92,117878.96,2026-10-19,2026-10-27,91,1
POITEM0001347,PO000383,PROD0045,22,52689.23,2026-10-19,2026-11-03,20,1
POITEM0001348,PO000384,PROD0038,94,104614.42,2026-09-17,2026-09-15,89,1
POITEM0001349,PO000385,PROD0053,68,26760.78,2026-10-04,2026-10-07,67,0
POITEM0001350,PO000386,PROD0195,45,17059.94,2026-09-17,2026-10-04,42,3
POITEM0001351,PO000386,PROD0227,97,89133.7,2026-09-17,2026-09-29,92,0
POITEM0001352,PO000386,PROD0123,60,13117.21,2026-09-17,2026-09-29,59,1
POITEM0001353,PO000386,PROD0088,82,93388.24,2026-09-17,2026-09-17,80,1
POITEM0001354,PO000386,PROD0059,34,42634.26,2026-09-17,2026-10-12,33,0
POITEM0001355,PO000386,PROD0111,40,84470.43,2026-09-17,2026-09-16,38,0
POITEM0001356,PO000387,PROD0143,33,125455.75,2026-10-11,2026-10-17,31,1
POITEM0001357,PO000387,PROD0178,7,89893.15,2026-10-11,2026-10-07,6,1
POITEM0001358,PO000387,PROD0193,33,116230.33,2026-10-11,2026-10-15,30,2
POITEM0001359,PO000387,PROD0060,37,100094.25,2026-10-11,2026-10-26,33,3
POITEM0001360,PO000387,PROD0129,44,152217.17,2026-10-11,2026-10-29,42,0
POITEM0001361,PO000387,PROD0084,26,138980.0,2026-10-11,2026-11-02,23,0
POITEM0001362,PO000388,PROD0036,25,42888.46,2026-10-05,2026-10-04,22,3
POITEM0001363,PO000389,PROD0198,98,29735.35,2026-09-27,2026-10-15,96,2
POITEM0001364,PO000389,PROD0138,63,3545.03,2026-09-27,2026-10-13,58,4
POITEM0001365,PO000389,PROD0158,94,93170.34,2026-09-27,2026-10-18,86,1
POITEM0001366,PO000390,PROD0113,98,103472.73,2026-10-03,2026-10-04,94,1
POITEM0001367,PO000390,PROD0231,86,50687.9,2026-10-03,2026-10-07,77,2
POITEM0001368,PO000390,PROD0199,63,94070.73,2026-10-03,2026-10-03,58,0
POITEM0001369,PO000390,PROD0102,25,11922.13,2026-10-03,2026-10-25,24,1
POITEM0001370,PO000391,PROD0044,92,49564.53,2026-09-23,2026-09-18,87,5
POITEM0001371,PO000391,PROD0210,70,41361.53,2026-09-23,2026-09-19,66,0
POITEM0001372,PO000391,PROD0019,78,142780.1,2026-09-23,2026-10-13,75,3
POITEM0001373,PO000391,PROD0230,32,42107.38,2026-09-23,2026-10-14,29,0
POITEM0001374,PO000391,PROD0122,33,89557.78,2026-09-23,2026-09-28,31,2
POITEM0001375,PO000391,PROD0091,82,16842.17,2026-09-23,2026-09-24,78,0
POITEM0001376,PO000392,PROD0156,93,88829.21,2026-09-18,2026-09-30,84,8
POITEM0001377,PO000392,PROD0203,19,88626.89,2026-09-18,2026-09-21,17,2
POITEM0001378,PO000392,PROD0059,30,35181.85,2026-09-18,2026-09-23,27,1
POITEM0001379,PO000392,PROD0084,40,148305.6,2026-09-18,2026-09-13,36,0
POITEM0001380,PO000393,PROD0202,92,80287.87,2026-09-14,2026-10-06,91,1
POITEM0001381,PO000393,PROD0163,57,19658.12,2026-09-14,2026-09-24,54,2
POITEM0001382,PO000393,PROD0190,66,90236.06,2026-09-14,2026-10-07,59,1
POITEM0001383,PO000393,PROD0027,55,143227.39,2026-09-14,2026-09-20,49,1
POITEM0001384,PO000393,PROD0132,36,78440.63,2026-09-14,2026-09-17,34,1
POITEM0001385,PO000393,PROD0018,86,30912.0,2026-09-14,2026-10-09,83,2
POITEM0001386,PO000394,PROD0068,69,26692.89,2026-09-16,2026-09-17,62,5
POITEM0001387,PO000394,PROD0110,89,27578.78,2026-09-16,2026-09-13,84,3
POITEM0001388,PO000394,PROD0014,78,143599.1,2026-09-16,2026-09-30,76,0
POITEM0001389,PO000395,PROD0181,2,158522.63,2026-10-18,2026-11-02,1,1
POITEM0001390,PO000395,PROD0201,31,7717.23,2026-10-18,2026-11-02,30,0
POITEM0001391,PO000395,PROD0142,19,147460.78,2026-10-18,2026-10-30,17,1
POITEM0001392,PO000395,PROD0028,65,153913.88,2026-10-18,2026-10-29,64,1
POITEM0001393,PO000396,PROD0189,75,44624.98,2026-09-19,2026-09-27,68,2
POITEM0001394,PO000396,PROD0099,98,133756.98,2026-09-19,2026-10-06,96,2
POITEM0001395,PO000396,PROD0206,8,177223.95,2026-09-19,2026-09-23,7,1
POITEM0001396,PO000396,PROD0160,62,12859.66,2026-09-19,2026-10-02,61,0
POITEM0001397,PO000396,PROD0146,62,140057.33,2026-09-19,2026-09-17,59,2
POITEM0001398,PO000397,PROD0175,30,94957.4,2026-09-13,2026-09-09,27,0
POITEM0001399,PO000397,PROD0036,94,53855.75,2026-09-13,2026-09-27,85,8
POITEM0001400,PO000397,PROD0065,96,13637.0,2026-09-13,2026-10-08,94,1
POITEM0001401,PO000397,PROD0097,91,111468.3,2026-09-13,2026-09-16,90,0
POITEM0001402,PO000398,PROD0034,72,54441.86,2026-09-25,2026-10-10,67,1
POITEM0001403,PO000398,PROD0232,76,106656.72,2026-09-25,2026-10-04,71,1
POITEM0001404,PO000398,PROD0053,67,21798.21,2026-09-25,2026-09-27,60,3
POITEM0001405,PO000399,PROD0203,83,80965.1,2026-10-13,2026-10-29,78,4
POITEM0001406,PO000399,PROD0027,64,139790.22,2026-10-13,2026-10-08,61,3
POITEM0001407,PO000399,PROD0039,21,61898.6,2026-10-13,2026-11-07,18,1
POITEM0001408,PO000399,PROD0250,23,88005.96,2026-10-13,2026-10-24,22,0
POITEM0001409,PO000399,PROD0029,92,1191.91,2026-10-13,2026-10-26,82,8
POITEM0001410,PO000400,PROD0043,16,87460.12,2026-10-14,2026-10-10,15,0
POITEM0001411,PO000400,PROD0038,2,112799.62,2026-10-14,2026-10-14,1,0
POITEM0001412,PO000401,PROD0228,3,106172.89,2026-10-17,2026-10-14,2,1
POITEM0001413,PO000401,PROD0001,60,5594.42,2026-10-17,2026-10-25,58,1
POITEM0001414,PO000402,PROD0012,4,28421.61,2026-10-11,2026-10-22,3,1
POITEM0001415,PO000403,PROD0099,38,120582.54,2026-09-30,2026-10-01,36,1
POITEM0001416,PO000403,PROD0032,50,36672.9,2026-09-30,2026-10-20,48,0
POITEM0001417,PO000403,PROD0003,37,43347.51,2026-09-30,2026-09-26,34,1
POITEM0001418,PO000403,PROD0141,71,170159.25,2026-09-30,2026-10-04,69,1
POITEM0001419,PO000403,PROD0022,84,163095.59,2026-09-30,2026-10-02,81,0
POITEM0001420,PO000403,PROD0210,76,44314.24,2026-09-30,2026-10-11,73,0
POITEM0001421,PO000404,PROD0071,99,122574.82,2026-10-05,2026-10-27,94,4
POITEM0001422,PO000404,PROD0108,83,109809.16,2026-10-05,2026-10-04,75,3
POITEM0001423,PO000404,PROD0201,41,8157.59,2026-10-05,2026-10-09,39,1
POITEM0001424,PO000404,PROD0193,76,118271.23,2026-10-05,2026-10-10,69,1
POITEM0001425,PO000405,PROD0001,26,4693.5,2026-10-18,2026-11-05,24,0
POITEM0001426,PO000406,PROD0214,24,135154.29,2026-10-13,2026-10-08,22,1
POITEM0001427,PO000406,PROD0193,36,149710.4,2026-10-13,2026-11-07,34,1
POITEM0001428,PO000406,PROD0104,96,124706.44,2026-10-13,2026-10-26,87,6
POITEM0001429,PO000406,PROD0235,57,7894.5,2026-10-13,2026-11-03,53,0
POITEM0001430,PO000407,PROD0006,6,44165.82,2026-10-08,2026-10-16,5,1
POITEM0001431,PO000407,PROD0232,86,132859.38,2026-10-08,2026-10-15,79,6
POITEM0001432,PO000407,PROD0177,35,134967.78,2026-10-08,2026-10-05,32,0
POITEM0001433,PO000408,PROD0232,83,139355.22,2026-10-16,2026-10-23,79,2
POITEM0001434,PO000409,PROD0223,12,97062.97,2026-10-11,2026-10-28,11,0
POITEM0001435,PO000409,PROD0023,37,44251.54,2026-10-11,2026-10-06,35,1
POITEM0001436,PO000409,PROD0182,70,47591.93,2026-10-11,2026-10-16,67,0
POITEM0001437,PO000410,PROD0158,76,99824.49,2026-09-15,2026-09-18,73,3
POITEM0001438,PO000410,PROD0210,6,47859.57,2026-09-15,2026-09-26,5,0
POITEM0001439,PO000410,PROD0237,48,148140.61,2026-09-15,2026-10-04,44,4
POITEM0001440,PO000410,PROD0235,98,6193.76,2026-09-15,2026-09-16,95,3
POITEM0001441,PO000411,PROD0141,19,140699.32,2026-09-29,2026-10-06,17,2
POITEM0001442,PO000411,PROD0052,93,31057.46,2026-09-29,2026-10-12,86,6
POITEM0001443,PO000411,PROD0076,21,22655.33,2026-09-29,2026-10-06,20,1
POITEM0001444,PO000411,PROD0142,2,135561.24,2026-09-29,2026-10-10,1,0
POITEM0001445,PO000412,PROD0111,73,71285.98,2026-10-08,2026-10-06,70,3
POITEM0001446,PO000412,PROD0143,68,134385.12,2026-10-08,2026-10-24,67,1
POITEM0001447,PO000412,PROD0134,79,89102.0,2026-10-08,2026-10-05,73,2
POITEM0001448,PO000412,PROD0230,4,45068.52,2026-10-08,2026-10-14,3,1
POITEM0001449,PO000412,PROD0163,24,24899.84,2026-10-08,2026-10-14,23,1
POITEM0001450,PO000413,PROD0146,59,132236.99,2026-10-20,2026-11-12,56,3
POITEM0001451,PO000414,PROD0178,77,85523.93,2026-09-22,2026-09-24,70,2
POITEM0001452,PO000415,PROD0242,12,88810.29,2026-10-19,2026-10-18,11,1
POITEM0001453,PO000416,PROD0196,67,90084.96,2026-10-09,2026-10-22,65,2
POITEM0001454,PO000416,PROD0092,24,160597.19,2026-10-09,2026-10-16,23,0
POITEM0001455,PO000416,PROD0117,39,46267.29,2026-10-09,2026-10-06,35,4
POITEM0001456,PO000416,PROD0218,1,26454.32,2026-10-09,2026-10-28,0,1
POITEM0001457,PO000416,PROD0247,18,81860.34,2026-10-09,2026-11-03,16,0
POITEM0001458,PO000416,PROD0162,60,172789.61,2026-10-09,2026-10-15,57,2
POITEM0001459,PO000417,PROD0081,63,49950.9,2026-09-15,2026-09-24,60,2
POITEM0001460,PO000417,PROD0249,91,53037.09,2026-09-15,2026-09-12,82,2
POITEM0001461,PO000417,PROD0246,63,106808.91,2026-09-15,2026-09-19,60,3
POITEM0001462,PO000417,PROD0031,78,72378.8,2026-09-15,2026-09-15,70,1
POITEM0001463,PO000417,PROD0118,13,132701.85,2026-09-15,2026-09-27,12,0
POITEM0001464,PO000418,PROD0024,76,17847.48,2026-10-21,2026-10-28,73,1
POITEM0001465,PO000418,PROD0156,56,99924.21,2026-10-21,2026-10-24,53,1
POITEM0001466,PO000418,PROD0183,21,61046.11,2026-10-21,2026-10-20,20,1
POITEM0001467,PO000419,PROD0132,58,86965.2,2026-09-28,2026-09-24,54,2
POITEM0001468,PO000419,PROD0151,93,50119.71,2026-09-28,2026-10-16,87,2
POITEM0001469,PO000419,PROD0020,35,76216.04,2026-09-28,2026-10-22,33,0
POITEM0001470,PO000420,PROD0211,71,80484.1,2026-10-04,2026-10-10,70,1
POITEM0001471,PO000421,PROD0125,41,39326.25,2026-10-14,2026-10-22,39,2
POITEM0001472,PO000421,PROD0214,17,134965.02,2026-10-14,2026-10-09,16,0
POITEM0001473,PO000421,PROD0012,17,30150.55,2026-10-14,2026-11-05,16,1
POITEM0001474,PO000422,PROD0213,3,4569.98,2026-10-02,2026-10-27,2,0
POITEM0001475,PO000422,PROD0001,9,5231.07,2026-10-02,2026-10-17,8,1
POITEM0001476,PO000422,PROD0182,29,52385.18,2026-10-02,2026-10-26,28,1
POITEM0001477,PO000422,PROD0148,53,162548.58,2026-10-02,2026-10-05,49,0
POITEM0001478,PO000423,PROD0044,36,55447.83,2026-10-09,2026-10-31,33,3
POITEM0001479,PO000423,PROD0055,23,155262.71,2026-10-09,2026-10-20,22,0
POITEM0001480,PO000423,PROD0212,72,13388.9,2026-10-09,2026-10-23,69,2
POITEM0001481,PO000423,PROD0035,93,135800.78,2026-10-09,2026-11-01,85,4
POITEM0001482,PO000424,PROD0015,12,104967.88,2026-10-09,2026-10-19,11,0
POITEM0001483,PO000425,PROD0177,92,110391.97,2026-09-17,2026-09-26,89,1
POITEM0001484,PO000425,PROD0068,12,28958.94,2026-09-17,2026-09-16,11,1
POITEM0001485,PO000426,PROD0100,70,138642.74,2026-10-16,2026-11-09,64,6
POITEM0001486,PO000427,PROD0002,8,81904.55,2026-09-25,2026-10-15,7,1
POITEM0001487,PO000427,PROD0124,72,60404.65,2026-09-25,2026-10-10,69,0
POITEM0001488,PO000427,PROD0017,12,142907.56,2026-09-25,2026-09-23,11,1
POITEM0001489,PO000428,PROD0157,23,173341.81,2026-09-16,2026-10-08,21,1
POITEM0001490,PO000429,PROD0209,85,124714.35,2026-10-12,2026-10-09,79,2
POITEM0001491,PO000430,PROD0110,96,22062.41,2026-10-14,2026-11-06,91,0
POITEM0001492,PO000430,PROD0021,96,116387.38,2026-10-14,2026-10-20,95,0
POITEM0001493,PO000431,PROD0014,26,131333.43,2026-10-05,2026-10-01,24,0
POITEM0001494,PO000431,PROD0211,60,65372.62,2026-10-05,2026-10-02,54,6
POITEM0001495,PO000431,PROD0146,56,120134.9,2026-10-05,2026-10-18,52,2
POITEM0001496,PO000431,PROD0035,88,125010.28,2026-10-05,2026-09-30,84,0
POITEM0001497,PO000432,PROD0066,84,150673.6,2026-09-14,2026-09-11,83,1
POITEM0001498,PO000432,PROD0232,72,126619.64,2026-09-14,2026-10-01,66,2
POITEM0001499,PO000432,PROD0180,90,142693.96,2026-09-14,2026-09-18,88,0
POITEM0001500,PO000432,PROD0213,83,3621.85,2026-09-14,2026-09-13,80,3
POITEM0001501,PO000433,PROD0152,53,55779.56,2026-09-27,2026-10-03,51,0
POITEM0001502,PO000433,PROD0143,77,171396.09,2026-09-27,2026-09-30,69,4
POITEM0001503,PO000433,PROD0147,61,77716.87,2026-09-27,2026-10-16,58,0
POITEM0001504,PO000433,PROD0055,53,183237.11,2026-09-27,2026-10-18,50,0
POITEM0001505,PO000434,PROD0204,61,113724.44,2026-09-14,2026-09-15,55,6
POITEM0001506,PO000434,PROD0185,40,85405.33,2026-09-14,2026-10-04,36,4
POITEM0001507,PO000434,PROD0132,11,93562.53,2026-09-14,2026-09-15,10,0
POITEM0001508,PO000434,PROD0237,5,152847.68,2026-09-14,2026-09-17,4,1
POITEM0001509,PO000434,PROD0037,6,68837.39,2026-09-14,2026-09-13,5,1
POITEM0001510,PO000435,PROD0170,24,38746.33,2026-09-24,2026-09-21,22,1
POITEM0001511,PO000435,PROD0157,38,132249.06,2026-09-24,2026-09-25,35,2
POITEM0001512,PO000435,PROD0104,57,129054.43,2026-09-24,2026-09-27,51,4
POITEM0001513,PO000435,PROD0057,98,92481.95,2026-09-24,2026-10-17,89,3
POITEM0001514,PO000435,PROD0176,44,93285.93,2026-09-24,2026-10-16,42,0
POITEM0001515,PO000436,PROD0136,35,134096.66,2026-10-02,2026-10-14,33,1
POITEM0001516,PO000436,PROD0016,5,125678.81,2026-10-02,2026-10-20,4,1
POITEM0001517,PO000436,PROD0104,58,132165.01,2026-10-02,2026-10-03,53,4
POITEM0001518,PO000436,PROD0221,71,77730.82,2026-10-02,2026-10-04,64,4
POITEM0001519,PO000437,PROD0239,25,67803.74,2026-10-12,2026-10-24,23,1
POITEM0001520,PO000437,PROD0139,23,108440.09,2026-10-12,2026-10-17,20,1
POITEM0001521,PO000437,PROD0129,49,125012.94,2026-10-12,2026-11-05,48,1
POITEM0001522,PO000438,PROD0235,43,6357.56,2026-10-08,2026-10-13,40,0
POITEM0001523,PO000438,PROD0036,58,58056.93,2026-10-08,2026-10-29,53,3
POITEM0001524,PO000438,PROD0139,36,85533.29,2026-10-08,2026-10-25,34,0
POITEM0001525,PO000438,PROD0013,51,135412.8,2026-10-08,2026-10-14,48,3
POITEM0001526,PO000439,PROD0086,51,116017.71,2026-10-21,2026-10-21,46,1
POITEM0001527,PO000439,PROD0091,73,15212.63,2026-10-21,2026-10-21,69,0
POITEM0001528,PO000439,PROD0021,77,109946.2,2026-10-21,2026-10-17,74,2
POITEM0001529,PO000439,PROD0094,99,91150.17,2026-10-21,2026-10-26,93,0
POITEM0001530,PO000439,PROD0246,6,81594.85,2026-10-21,2026-10-31,5,1
POITEM0001531,PO000440,PROD0008,13,110249.48,2026-10-04,2026-10-29,12,0
POITEM0001532,PO000440,PROD0171,13,105977.17,2026-10-04,2026-10-13,12,1
POITEM0001533,PO000440,PROD0154,13,49195.36,2026-10-04,2026-10-18,12,0
POITEM0001534,PO000440,PROD0027,19,132503.07,2026-10-04,2026-10-09,18,1
POITEM0001535,PO000440,PROD0228,91,106559.7,2026-10-04,2026-10-29,89,1
POITEM0001536,PO000440,PROD0060,88,106588.25,2026-10-04,2026-10-11,83,0
POITEM0001537,PO000441,PROD0180,92,141600.89,2026-10-02,2026-10-16,91,1
POITEM0001538,PO000441,PROD0046,30,6787.91,2026-10-02,2026-10-07,28,1
POITEM0001539,PO000441,PROD0044,90,41950.15,2026-10-02,2026-10-27,85,0
POITEM0001540,PO000441,PROD0163,88,24192.84,2026-10-02,2026-10-02,83,0
POITEM0001541,PO000441,PROD0007,11,64282.69,2026-10-02,2026-10-18,10,0
POITEM0001542,PO000441,PROD0104,24,134060.2,2026-10-02,2026-10-11,23,1
POITEM0001543,PO000442,PROD0092,21,136304.92,2026-10-03,2026-10-25,19,1
POITEM0001544,PO000442,PROD0224,98,43391.08,2026-10-03,2026-10-23,95,0
POITEM0001545,PO000442,PROD0247,11,85808.68,2026-10-03,2026-10-08,10,0
POITEM0001546,PO000442,PROD0016,44,160875.84,2026-10-03,2026-10-04,40,1
POITEM0001547,PO000442,PROD0003,45,50862.34,2026-10-03,2026-10-28,43,2
POITEM0001548,PO000443,PROD0176,80,78728.74,2026-10-09,2026-10-14,77,0
POITEM0001549,PO000443,PROD0151,57,41669.03,2026-10-09,2026-10-13,54,0
POITEM0001550,PO000443,PROD0067,64,48130.45,2026-10-09,2026-10-07,61,3
POITEM0001551,PO000443,PROD0113,91,88680.94,2026-10-09,2026-10-10,87,1
POITEM0001552,PO000443,PROD0163,60,19497.38,2026-10-09,2026-10-23,55,4
POITEM0001553,PO000443,PROD0228,7,86058.16,2026-10-09,2026-11-02,6,1
POITEM0001554,PO000444,PROD0191,30,5514.28,2026-10-04,2026-10-20,27,0
POITEM0001555,PO000444,PROD0152,7,70597.03,2026-10-04,2026-09-29,6,1
POITEM0001556,PO000444,PROD0173,37,140285.5,2026-10-04,2026-10-29,33,4
POITEM0001557,PO000444,PROD0094,28,94984.74,2026-10-04,2026-10-08,27,0
POITEM0001558,PO000444,PROD0165,27,131217.61,2026-10-04,2026-10-21,24,0
POITEM0001559,PO000444,PROD0008,1,121599.77,2026-10-04,2026-10-07,0,1
POITEM0001560,PO000445,PROD0241,28,86217.83,2026-10-05,2026-10-13,25,0
POITEM0001561,PO000445,PROD0009,65,38493.72,2026-10-05,2026-10-19,59,5
POITEM0001562,PO000446,PROD0017,39,113008.63,2026-09-19,2026-10-04,38,0
POITEM0001563,PO000446,PROD0019,29,127182.13,2026-09-19,2026-10-04,26,2
POITEM0001564,PO000446,PROD0139,79,82353.17,2026-09-19,2026-10-03,77,0
POITEM0001565,PO000447,PROD0092,48,157074.72,2026-10-04,2026-10-20,46,2
POITEM0001566,PO000447,PROD0089,44,91427.26,2026-10-04,2026-10-03,40,0
POITEM0001567,PO000447,PROD0195,47,19784.51,2026-10-04,2026-10-11,43,0
POITEM0001568,PO000447,PROD0193,5,109525.75,2026-10-04,2026-09-30,4,1
POITEM0001569,PO000447,PROD0063,63,115818.64,2026-10-04,2026-10-17,56,0
POITEM0001570,PO000448,PROD0005,71,131594.86,2026-10-02,2026-09-28,65,0
POITEM0001571,PO000448,PROD0102,70,12016.68,2026-10-02,2026-10-09,69,1
POITEM0001572,PO000448,PROD0147,62,66677.97,2026-10-02,2026-10-05,58,0
POITEM0001573,PO000448,PROD0110,100,27938.29,2026-10-02,2026-10-19,91,3
POITEM0001574,PO000448,PROD0242,62,74265.05,2026-10-02,2026-10-13,58,2
POITEM0001575,PO000448,PROD0234,89,19052.6,2026-10-02,2026-10-18,88,0
POITEM0001576,PO000449,PROD0228,37,106280.62,2026-10-01,2026-10-05,34,2
POITEM0001577,PO000449,PROD0245,29,70667.42,2026-10-01,2026-09-26,26,0
POITEM0001578,PO000449,PROD0056,51,31369.83,2026-10-01,2026-10-11,46,3
POITEM0001579,PO000449,PROD0170,49,43499.15,2026-10-01,2026-10-20,46,1
POITEM0001580,PO000449,PROD0050,43,45890.7,2026-10-01,2026-10-06,42,0
POITEM0001581,PO000449,PROD0146,28,146766.59,2026-10-01,2026-10-01,26,2
POITEM0001582,PO000450,PROD0213,64,3393.45,2026-10-20,2026-10-21,57,6
POITEM0001583,PO000450,PROD0003,41,50549.41,2026-10-20,2026-10-23,38,1
POITEM0001584,PO000450,PROD0019,51,158755.09,2026-10-20,2026-10-20,46,2
POITEM0001585,PO000451,PROD0118,69,96317.92,2026-10-15,2026-10-18,65,1
POITEM0001586,PO000452,PROD0016,74,123540.56,2026-09-16,2026-10-03,66,2
POITEM0001587,PO000452,PROD0161,29,105195.29,2026-09-16,2026-10-06,26,1
POITEM0001588,PO000452,PROD0048,40,82493.32,2026-09-16,2026-09-21,37,0
POITEM0001589,PO000452,PROD0170,9,40554.13,2026-09-16,2026-09-11,8,0
POITEM0001590,PO000452,PROD0243,74,30508.74,2026-09-16,2026-09-12,69,5
POITEM0001591,PO000453,PROD0215,32,144264.04,2026-10-04,2026-09-29,29,3
POITEM0001592,PO000453,PROD0174,66,158791.8,2026-10-04,2026-10-07,60,1
POITEM0001593,PO000453,PROD0012,2,27202.35,2026-10-04,2026-10-03,1,0
POITEM0001594,PO000453,PROD0092,12,164426.16,2026-10-04,2026-10-11,11,1
POITEM0001595,PO000454,PROD0057,1,88394.34,2026-10-03,2026-10-07,0,1
POITEM0001596,PO000454,PROD0204,59,112938.98,2026-10-03,2026-10-08,56,3
POITEM0001597,PO000454,PROD0035,42,164086.71,2026-10-03,2026-10-25,38,4
POITEM0001598,PO000454,PROD0158,24,103185.15,2026-10-03,2026-09-30,21,1
POITEM0001599,PO000455,PROD0189,22,53152.52,2026-10-04,2026-10-11,21,0
POITEM0001600,PO000455,PROD0152,30,70737.69,2026-10-04,2026-10-29,27,1
POITEM0001601,PO000455,PROD0198,54,35521.02,2026-10-04,2026-10-20,52,0
POITEM0001602,PO000455,PROD0109,2,839.0,2026-10-04,2026-10-27,1,0
POITEM0001603,PO000455,PROD0080,59,25455.18,2026-10-04,2026-10-10,58,1
POITEM0001604,PO000456,PROD0048,4,86439.36,2026-10-11,2026-10-28,3,0
POITEM0001605,PO000456,PROD0020,1,77923.72,2026-10-11,2026-11-04,0,1
POITEM0001606,PO000456,PROD0066,15,107030.57,2026-10-11,2026-10-08,14,1
POITEM0001607,PO000456,PROD0119,21,110395.92,2026-10-11,2026-10-13,20,0
POITEM0001608,PO000456,PROD0228,24,114382.98,2026-10-11,2026-10-12,22,1
POITEM0001609,PO000457,PROD0246,93,91121.07,2026-09-18,2026-10-04,84,2
POITEM0001610,PO000457,PROD0044,9,46427.5,2026-09-18,2026-09-24,8,0
POITEM0001611,PO000457,PROD0026,67,63312.6,2026-09-18,2026-10-01,65,1
POITEM0001612,PO000457,PROD0166,93,136058.39,2026-09-18,2026-09-13,85,5
POITEM0001613,PO000457,PROD0204,73,95555.43,2026-09-18,2026-09-16,72,1
POITEM0001614,PO000457,PROD0156,14,73095.83,2026-09-18,2026-10-07,12,0
POITEM0001615,PO000458,PROD0112,71,95002.89,2026-10-13,2026-10-25,68,0
POITEM0001616,PO000458,PROD0055,94,134570.52,2026-10-13,2026-10-26,93,1
POITEM0001617,PO000458,PROD0138,73,3852.39,2026-10-13,2026-10-31,69,3
POITEM0001618,PO000458,PROD0096,89,49754.1,2026-10-13,2026-10-23,84,1
POITEM0001619,PO000458,PROD0086,91,110397.02,2026-10-13,2026-10-30,88,0
POITEM0001620,PO000459,PROD0143,7,158036.23,2026-10-06,2026-10-25,6,1
POITEM0001621,PO000459,PROD0133,31,104910.23,2026-10-06,2026-10-16,30,0
POITEM0001622,PO000459,PROD0012,9,27975.55,2026-10-06,2026-10-18,8,1
POITEM0001623,PO000459,PROD0182,78,43290.31,2026-10-06,2026-10-31,71,2
POITEM0001624,PO000460,PROD0233,66,2518.13,2026-09-14,2026-09-17,62,2
POITEM0001625,PO000460,PROD0149,40,146131.22,2026-09-14,2026-10-06,39,0
POITEM0001626,PO000460,PROD0123,85,17086.54,2026-09-14,2026-09-12,84,0
POITEM0001627,PO000460,PROD0231,22,52153.26,2026-09-14,2026-10-02,21,1
POITEM0001628,PO000460,PROD0045,21,41028.05,2026-09-14,2026-09-09,19,0
POITEM0001629,PO000461,PROD0142,79,132197.72,2026-09-21,2026-09-25,73,4
POITEM0001630,PO000461,PROD0055,17,151099.17,2026-09-21,2026-10-06,16,0
POITEM0001631,PO000462,PROD0170,20,39608.34,2026-10-02,2026-09-28,19,1
POITEM0001632,PO000462,PROD0243,12,27694.03,2026-10-02,2026-10-05,11,1
POITEM0001633,PO000463,PROD0072,17,2708.42,2026-10-16,2026-11-09,15,2
POITEM0001634,PO000463,PROD0168,68,215073.43,2026-10-16,2026-11-03,64,0
POITEM0001635,PO000463,PROD0055,9,135394.53,2026-10-16,2026-10-24,8,1
POITEM0001636,PO000463,PROD0188,74,87035.76,2026-10-16,2026-10-30,73,0
POITEM0001637,PO000464,PROD0003,17,46635.61,2026-09-25,2026-09-21,16,0
POITEM0001638,PO000464,PROD0173,7,144832.94,2026-09-25,2026-09-28,6,0
POITEM0001639,PO000464,PROD0033,29,21290.98,2026-09-25,2026-10-17,27,0
POITEM0001640,PO000464,PROD0189,17,47909.38,2026-09-25,2026-10-12,16,1
POITEM0001641,PO000464,PROD0161,64,93194.71,2026-09-25,2026-10-01,59,1
POITEM0001642,PO000464,PROD0004,90,65214.64,2026-09-25,2026-10-18,88,0
POITEM0001643,PO000465,PROD0096,25,61383.0,2026-09-21,2026-09-17,22,1
POITEM0001644,PO000465,PROD0184,65,15333.46,2026-09-21,2026-09-18,61,3
POITEM0001645,PO000466,PROD0227,33,74668.55,2026-09-23,2026-09-30,32,0
POITEM0001646,PO000466,PROD0013,1,130519.17,2026-09-23,2026-10-09,0,0
POITEM0001647,PO000466,PROD0105,45,99006.49,2026-09-23,2026-10-10,43,2
POITEM0001648,PO000467,PROD0240,57,12742.15,2026-10-17,2026-10-26,55,1
POITEM0001649,PO000467,PROD0213,46,4145.46,2026-10-17,2026-10-24,41,4
POITEM0001650,PO000468,PROD0157,69,129056.14,2026-09-20,2026-09-22,66,1
POITEM0001651,PO000469,PROD0176,3,72909.3,2026-10-13,2026-10-28,2,0
POITEM0001652,PO000470,PROD0023,88,56247.48,2026-09-19,2026-10-07,87,0
POITEM0001653,PO000470,PROD0107,61,14604.28,2026-09-19,2026-09-23,60,1
POITEM0001654,PO000470,PROD0175,78,78476.61,2026-09-19,2026-09-15,72,6
POITEM0001655,PO000470,PROD0227,21,72393.6,2026-09-19,2026-10-02,19,2
POITEM0001656,PO000470,PROD0209,68,134425.99,2026-09-19,2026-09-20,64,0
POITEM0001657,PO000471,PROD0068,32,26392.65,2026-09-21,2026-10-12,30,2
POITEM0001658,PO000472,PROD0211,51,62682.07,2026-10-01,2026-10-01,48,1
POITEM0001659,PO000472,PROD0071,73,101024.72,2026-10-01,2026-09-28,71,0
POITEM0001660,PO000472,PROD0018,16,33070.56,2026-10-01,2026-10-09,15,1
POITEM0001661,PO000472,PROD0159,2,84724.68,2026-10-01,2026-10-12,1,0
POITEM0001662,PO000472,PROD0100,47,137161.36,2026-10-01,2026-10-08,43,4
POITEM0001663,PO000473,PROD0249,51,52520.47,2026-09-25,2026-10-04,46,0
POITEM0001664,PO000473,PROD0216,50,108256.61,2026-09-25,2026-09-27,47,3
POITEM0001665,PO000473,PROD0107,20,18163.91,2026-09-25,2026-09-22,18,2
POITEM0001666,PO000474,PROD0206,75,146731.03,2026-10-09,2026-10-13,73,1
POITEM0001667,PO000474,PROD0101,39,113628.8,2026-10-09,2026-10-24,36,0
POITEM0001668,PO000474,PROD0093,57,139617.81,2026-10-09,2026-11-03,53,3
POITEM0001669,PO000474,PROD0016,51,159888.03,2026-10-09,2026-10-10,46,5
POITEM0001670,PO000474,PROD0078,40,71050.63,2026-10-09,2026-10-23,38,0
POITEM0001671,PO000475,PROD0058,83,121423.18,2026-10-13,2026-10-27,74,6
POITEM0001672,PO000475,PROD0146,22,144858.36,2026-10-13,2026-10-22,20,0
POITEM0001673,PO000475,PROD0107,17,14001.33,2026-10-13,2026-11-04,16,0
POITEM0001674,PO000475,PROD0089,50,98450.94,2026-10-13,2026-10-12,47,3
POITEM0001675,PO000475,PROD0003,16,53639.49,2026-10-13,2026-10-10,14,1
POITEM0001676,PO000475,PROD0078,19,59062.73,2026-10-13,2026-10-16,17,0
POITEM0001677,PO000476,PROD0171,95,132972.82,2026-10-19,2026-10-24,94,1
POITEM0001678,PO000476,PROD0036,35,54117.13,2026-10-19,2026-11-04,31,1
POITEM0001679,PO000476,PROD0236,13,6154.78,2026-10-19,2026-11-04,12,0
POITEM0001680,PO000476,PROD0213,69,3944.09,2026-10-19,2026-11-06,67,1
POITEM0001681,PO000477,PROD0244,80,76589.44,2026-09-19,2026-10-13,76,3
POITEM0001682,PO000477,PROD0176,19,75230.86,2026-09-19,2026-10-04,17,0
POITEM0001683,PO000477,PROD0159,93,76342.46,2026-09-19,2026-09-23,87,6
POITEM0001684,PO000477,PROD0026,92,65102.56,2026-09-19,2026-09-16,89,3
POITEM0001685,PO000477,PROD0190,34,98708.56,2026-09-19,2026-09-21,30,1
POITEM0001686,PO000478,PROD0087,93,123595.14,2026-09-29,2026-10-24,85,4
POITEM0001687,PO000478,PROD0207,59,70730.19,2026-09-29,2026-10-24,57,0
POITEM0001688,PO000478,PROD0062,47,82241.05,2026-09-29,2026-10-15,44,0
POITEM0001689,PO000478,PROD0228,47,84203.63,2026-09-29,2026-10-11,46,0
POITEM0001690,PO000478,PROD0035,29,151741.44,2026-09-29,2026-10-01,26,2
POITEM0001691,PO000479,PROD0244,5,68454.32,2026-10-06,2026-10-26,4,0
POITEM0001692,PO000479,PROD0209,10,147124.43,2026-10-06,2026-10-03,9,1
POITEM0001693,PO000480,PROD0136,35,130559.51,2026-09-20,2026-09-26,34,1
POITEM0001694,PO000480,PROD0128,100,71808.36,2026-09-20,2026-10-08,96,3
POITEM0001695,PO000480,PROD0104,89,148532.51,2026-09-20,2026-10-03,83,5
POITEM0001696,PO000480,PROD0008,35,130469.41,2026-09-20,2026-09-30,33,1
POITEM0001697,PO000480,PROD0096,59,58791.25,2026-09-20,2026-09-27,55,4
POITEM0001698,PO000480,PROD0185,92,99159.49,2026-09-20,2026-10-13,90,2
POITEM0001699,PO000481,PROD0185,82,78849.9,2026-09-23,2026-09-28,80,0
POITEM0001700,PO000481,PROD0198,47,34597.22,2026-09-23,2026-10-18,46,0
POITEM0001701,PO000481,PROD0242,56,72674.04,2026-09-23,2026-09-29,52,4
POITEM0001702,PO000482,PROD0220,94,45736.39,2026-09-18,2026-10-02,86,8
POITEM0001703,PO000482,PROD0070,49,105317.78,2026-09-18,2026-10-13,46,0
POITEM0001704,PO000482,PROD0101,56,101700.75,2026-09-18,2026-09-19,52,2
POITEM0001705,PO000482,PROD0099,17,143615.98,2026-09-18,2026-09-15,15,0
POITEM0001706,PO000483,PROD0074,69,29478.84,2026-10-08,2026-10-25,63,0
POITEM0001707,PO000483,PROD0095,74,43412.41,2026-10-08,2026-10-13,73,1
POITEM0001708,PO000483,PROD0006,66,46322.77,2026-10-08,2026-10-05,62,2
POITEM0001709,PO000484,PROD0195,77,21852.68,2026-10-13,2026-10-12,71,2
POITEM0001710,PO000484,PROD0103,48,27209.5,2026-10-13,2026-10-26,47,1
POITEM0001711,PO000485,PROD0078,15,71352.76,2026-09-16,2026-10-08,14,0
POITEM0001712,PO000485,PROD0217,2,71430.18,2026-09-16,2026-09-25,1,1
POITEM0001713,PO000485,PROD0115,18,133156.37,2026-09-16,2026-09-18,16,1
POITEM0001714,PO000485,PROD0047,100,99835.44,2026-09-16,2026-10-03,96,4
POITEM0001715,PO000486,PROD0069,24,6990.07,2026-10-20,2026-10-27,21,0
POITEM0001716,PO000487,PROD0014,34,148565.56,2026-10-05,2026-10-20,31,1
POITEM0001717,PO000487,PROD0171,32,133456.45,2026-10-05,2026-10-25,29,1
POITEM0001718,PO000487,PROD0245,54,58213.5,2026-10-05,2026-10-26,51,0
POITEM0001719,PO000488,PROD0199,40,95048.83,2026-09-20,2026-09-21,36,0
POITEM0001720,PO000488,PROD0082,58,15713.09,2026-09-20,2026-10-03,54,3
POITEM0001721,PO000488,PROD0227,29,95919.69,2026-09-20,2026-10-06,28,1
POITEM0001722,PO000489,PROD0027,88,108442.02,2026-09-29,2026-10-22,82,0
POITEM0001723,PO000489,PROD0247,4,84826.84,2026-09-29,2026-10-11,3,0
POITEM0001724,PO000490,PROD0241,22,82256.38,2026-10-19,2026-10-18,21,0
POITEM0001725,PO000490,PROD0136,11,99204.45,2026-10-19,2026-10-25,10,1
POITEM0001726,PO000490,PROD0211,12,56641.5,2026-10-19,2026-11-12,11,1
POITEM0001727,PO000490,PROD0092,41,166878.22,2026-10-19,2026-10-19,37,1
POITEM0001728,PO000491,PROD0209,36,112449.5,2026-09-19,2026-10-07,35,0
POITEM0001729,PO000491,PROD0249,56,68663.34,2026-09-19,2026-10-12,52,4
POITEM0001730,PO000491,PROD0169,59,46982.76,2026-09-19,2026-09-22,53,2
POITEM0001731,PO000492,PROD0167,64,112905.34,2026-10-07,2026-10-08,60,1
POITEM0001732,PO000492,PROD0228,83,79079.48,2026-10-07,2026-10-31,79,0
POITEM0001733,PO000492,PROD0174,89,117064.9,2026-10-07,2026-10-18,87,1
POITEM0001734,PO000492,PROD0128,44,57406.47,2026-10-07,2026-10-30,39,5
POITEM0001735,PO000492,PROD0013,19,151363.46,2026-10-07,2026-10-09,17,1
POITEM0001736,PO000492,PROD0029,60,1415.68,2026-10-07,2026-10-16,57,1
POITEM0001737,PO000493,PROD0111,25,79068.87,2026-10-13,2026-10-14,24,1
POITEM0001738,PO000493,PROD0103,1,23320.88,2026-10-13,2026-10-11,0,1
POITEM0001739,PO000493,PROD0175,8,76741.69,2026-10-13,2026-10-28,7,0
POITEM0001740,PO000493,PROD0083,98,120710.86,2026-10-13,2026-10-28,92,5
POITEM0001741,PO000493,PROD0105,46,107652.43,2026-10-13,2026-11-03,45,0
POITEM0001742,PO000494,PROD0239,48,66888.54,2026-10-14,2026-10-19,44,4
POITEM0001743,PO000494,PROD0138,85,4407.53,2026-10-14,2026-10-10,84,0
POITEM0001744,PO000494,PROD0017,4,107083.96,2026-10-14,2026-11-07,3,0
POITEM0001745,PO000494,PROD0007,62,60691.03,2026-10-14,2026-11-05,61,0
POITEM0001746,PO000495,PROD0033,85,15961.29,2026-09-27,2026-10-19,78,3
POITEM0001747,PO000495,PROD0017,16,138775.05,2026-09-27,2026-10-05,14,0
POITEM0001748,PO000495,PROD0080,78,21688.26,2026-09-27,2026-10-01,73,1
POITEM0001749,PO000495,PROD0048,74,74226.29,2026-09-27,2026-10-14,69,0
POITEM0001750,PO000495,PROD0082,99,18170.07,2026-09-27,2026-10-21,90,3
POITEM0001751,PO000495,PROD0119,98,105161.23,2026-09-27,2026-10-04,96,2
POITEM0001752,PO000496,PROD0178,26,112555.43,2026-10-12,2026-10-10,23,1
POITEM0001753,PO000496,PROD0023,49,43455.19,2026-10-12,2026-10-26,45,2
POITEM0001754,PO000496,PROD0127,45,145141.3,2026-10-12,2026-10-29,42,1
POITEM0001755,PO000496,PROD0043,67,83734.29,2026-10-12,2026-10-31,60,6
POITEM0001756,PO000496,PROD0233,23,1950.25,2026-10-12,2026-11-05,21,2
POITEM0001757,PO000496,PROD0009,4,38829.42,2026-10-12,2026-10-26,3,0
POITEM0001758,PO000497,PROD0186,32,6072.75,2026-10-11,2026-10-17,29,1
POITEM0001759,PO000497,PROD0162,93,178869.44,2026-10-11,2026-10-17,92,1
POITEM0001760,PO000497,PROD0220,85,36442.25,2026-10-11,2026-10-27,78,3
POITEM0001761,PO000497,PROD0125,31,40432.57,2026-10-11,2026-10-10,28,1
POITEM0001762,PO000497,PROD0201,20,8780.53,2026-10-11,2026-10-26,19,1
POITEM0001763,PO000498,PROD0180,25,133624.93,2026-10-08,2026-10-31,24,0
POITEM0001764,PO000498,PROD0158,1,105353.57,2026-10-08,2026-10-12,0,1
POITEM0001765,PO000499,PROD0177,29,137151.9,2026-10-02,2026-10-22,27,1
POITEM0001766,PO000499,PROD0178,29,109087.66,2026-10-02,2026-10-01,26,1
POITEM0001767,PO000499,PROD0213,55,3441.79,2026-10-02,2026-10-10,54,0
POITEM0001768,PO000499,PROD0229,65,57484.5,2026-10-02,2026-10-08,64,0
POITEM0001769,PO000500,PROD0102,71,15775.19,2026-10-12,2026-10-21,69,0
POITEM0001770,PO000500,PROD0024,66,18484.98,2026-10-12,2026-10-12,63,3
POITEM0001771,PO000500,PROD0233,78,2701.06,2026-10-12,2026-10-22,72,6
POITEM0001772,PO000500,PROD0013,16,144631.87,2026-10-12,2026-10-31,15,0
POITEM0001773,PO000501,PROD0098,13,136524.99,2026-10-12,2026-10-07,12,1
POITEM0001774,PO000501,PROD0010,16,11431.11,2026-10-12,2026-10-11,15,1
POITEM0001775,PO000502,PROD0091,83,16729.99,2026-10-06,2026-10-28,76,3
POITEM0001776,PO000503,PROD0174,91,167650.52,2026-09-27,2026-09-24,88,3
POITEM0001777,PO000503,PROD0144,86,65554.02,2026-09-27,2026-10-17,82,3
POITEM0001778,PO000503,PROD0162,91,172538.83,2026-09-27,2026-10-16,82,4
POITEM0001779,PO000503,PROD0247,69,112202.3,2026-09-27,2026-10-19,62,4
POITEM0001780,PO000503,PROD0047,100,110314.1,2026-09-27,2026-10-04,99,1
POITEM0001781,PO000504,PROD0084,97,127352.45,2026-10-06,2026-10-09,89,2
POITEM0001782,PO000504,PROD0114,19,38982.87,2026-10-06,2026-10-07,17,0
POITEM0001783,PO000505,PROD0040,66,174373.87,2026-09-21,2026-09-16,60,5
POITEM0001784,PO000505,PROD0037,14,70109.79,2026-09-21,2026-10-10,13,1
POITEM0001785,PO000505,PROD0244,33,72920.23,2026-09-21,2026-09-20,32,1
POITEM0001786,PO000505,PROD0042,72,37075.18,2026-09-21,2026-10-07,69,1
POITEM0001787,PO000505,PROD0236,92,6749.43,2026-09-21,2026-10-12,88,1
POITEM0001788,PO000505,PROD0183,23,63337.8,2026-09-21,2026-10-09,22,1
POITEM0001789,PO000506,PROD0015,80,97102.61,2026-09-25,2026-09-30,74,1
POITEM0001790,PO000506,PROD0097,48,126068.43,2026-09-25,2026-10-10,44,0
POITEM0001791,PO000506,PROD0047,50,103085.52,2026-09-25,2026-09-27,46,3
POITEM0001792,PO000506,PROD0211,32,72500.71,2026-09-25,2026-09-22,31,0
POITEM0001793,PO000507,PROD0015,63,89105.4,2026-10-04,2026-10-07,57,0
POITEM0001794,PO000507,PROD0070,31,80019.25,2026-10-04,2026-09-29,29,1
POITEM0001795,PO000507,PROD0102,86,15125.16,2026-10-04,2026-10-09,77,3
POITEM0001796,PO000507,PROD0176,72,86091.66,2026-10-04,2026-10-29,67,2
POITEM0001797,PO000507,PROD0204,99,99611.77,2026-10-04,2026-10-02,98,1
POITEM0001798,PO000508,PROD0004,85,75020.92,2026-10-11,2026-10-08,80,1
POITEM0001799,PO000508,PROD0228,100,78529.8,2026-10-11,2026-10-18,90,2
POITEM0001800,PO000509,PROD0170,37,42055.54,2026-09-16,2026-10-02,33,3
POITEM0001801,PO000509,PROD0015,30,104794.32,2026-09-16,2026-09-29,28,2
POITEM0001802,PO000509,PROD0131,61,127500.7,2026-09-16,2026-10-02,55,2
POITEM0001803,PO000509,PROD0201,50,7598.91,2026-09-16,2026-09-13,48,1
POITEM0001804,PO000510,PROD0071,33,125672.6,2026-09-24,2026-10-07,29,0
POITEM0001805,PO000510,PROD0203,23,97868.76,2026-09-24,2026-10-18,22,0
POITEM0001806,PO000510,PROD0122,48,91734.6,2026-09-24,2026-09-21,45,3
POITEM0001807,PO000510,PROD0012,93,21300.61,2026-09-24,2026-09-27,84,1
POITEM0001808,PO000510,PROD0093,10,147278.49,2026-09-24,2026-10-07,9,1
POITEM0001809,PO000510,PROD0082,43,20820.89,2026-09-24,2026-10-02,40,2
POITEM0001810,PO000511,PROD0146,86,126347.77,2026-10-07,2026-10-04,83,3
POITEM0001811,PO000512,PROD0055,64,143020.45,2026-10-21,2026-10-27,60,1
POITEM0001812,PO000512,PROD0152,8,65293.42,2026-10-21,2026-10-31,7,0
POITEM0001813,PO000512,PROD0083,18,161859.27,2026-10-21,2026-10-16,17,1
POITEM0001814,PO000512,PROD0116,22,40009.37,2026-10-21,2026-10-29,21,0
POITEM0001815,PO000512,PROD0141,86,136606.85,2026-10-21,2026-10-16,77,1
POITEM0001816,PO000513,PROD0222,94,102798.6,2026-10-04,2026-10-20,86,1
POITEM0001817,PO000513,PROD0167,20,116581.83,2026-10-04,2026-10-08,19,0
POITEM0001818,PO000513,PROD0128,26,64183.25,2026-10-04,2026-10-17,23,1
POITEM0001819,PO000513,PROD0025,97,39116.71,2026-10-04,2026-10-21,90,6
POITEM0001820,PO000513,PROD0035,80,157852.62,2026-10-04,2026-10-11,76,3
POITEM0001821,PO000514,PROD0146,73,137457.5,2026-10-09,2026-11-03,66,7
POITEM0001822,PO000514,PROD0166,28,98667.57,2026-10-09,2026-10-06,27,0
POITEM0001823,PO000514,PROD0117,55,59501.36,2026-10-09,2026-10-19,53,1
POITEM0001824,PO000514,PROD0104,30,120151.17,2026-10-09,2026-10-06,28,2
POITEM0001825,PO000514,PROD0010,99,13287.13,2026-10-09,2026-10-09,96,1
POITEM0001826,PO000515,PROD0167,4,93840.71,2026-10-18,2026-10-27,3,1
POITEM0001827,PO000515,PROD0100,90,132781.8,2026-10-18,2026-10-31,84,4
POITEM0001828,PO000515,PROD0173,69,123803.6,2026-10-18,2026-11-01,62,7
POITEM0001829,PO000515,PROD0196,84,83567.01,2026-10-18,2026-10-30,82,1
POITEM0001830,PO000516,PROD0061,27,68102.35,2026-10-01,2026-10-26,25,2
POITEM0001831,PO000516,PROD0216,88,110251.92,2026-10-01,2026-10-14,79,4
POITEM0001832,PO000516,PROD0164,26,83208.37,2026-10-01,2026-09-29,24,2
POITEM0001833,PO000517,PROD0162,99,162298.75,2026-10-17,2026-10-24,92,5
POITEM0001834,PO000518,PROD0049,66,7395.5,2026-10-13,2026-10-29,60,5
POITEM0001835,PO000518,PROD0008,75,110632.85,2026-10-13,2026-10-28,68,5
POITEM0001836,PO000518,PROD0245,24,55094.39,2026-10-13,2026-10-15,23,0
POITEM0001837,PO000519,PROD0012,16,24937.85,2026-09-13,2026-09-26,15,0
POITEM0001838,PO000519,PROD0041,46,173165.24,2026-09-13,2026-10-04,45,0
POITEM0001839,PO000520,PROD0125,35,43165.12,2026-09-16,2026-09-20,34,1
POITEM0001840,PO000520,PROD0207,37,76003.72,2026-09-16,2026-09-26,34,0
POITEM0001841,PO000520,PROD0097,92,110127.76,2026-09-16,2026-09-12,88,0
POITEM0001842,PO000521,PROD0108,72,111792.39,2026-09-16,2026-09-25,67,3
POITEM0001843,PO000521,PROD0248,40,6224.59,2026-09-16,2026-09-20,38,2
POITEM0001844,PO000522,PROD0196,58,70650.11,2026-10-17,2026-10-30,55,3
POITEM0001845,PO000522,PROD0112,40,117037.9,2026-10-17,2026-11-09,38,0
POITEM0001846,PO000522,PROD0128,54,67961.13,2026-10-17,2026-11-07,53,0
POITEM0001847,PO000522,PROD0103,50,25544.15,2026-10-17,2026-11-09,48,1
POITEM0001848,PO000522,PROD0077,55,113797.08,2026-10-17,2026-11-03,50,0
POITEM0001849,PO000522,PROD0147,33,55302.66,2026-10-17,2026-11-08,30,2
POITEM0001850,PO000523,PROD0006,53,38488.57,2026-10-18,2026-10-20,50,2
POITEM0001851,PO000524,PROD0179,26,125334.83,2026-10-15,2026-10-11,23,3
POITEM0001852,PO000524,PROD0057,35,90789.99,2026-10-15,2026-10-28,34,1
POITEM0001853,PO000524,PROD0121,79,88139.31,2026-10-15,2026-10-15,74,3
POITEM0001854,PO000525,PROD0021,73,131337.96,2026-10-07,2026-10-22,69,2
POITEM0001855,PO000525,PROD0029,18,1010.11,2026-10-07,2026-10-20,16,2
POITEM0001856,PO000525,PROD0226,49,98775.4,2026-10-07,2026-10-09,46,2
POITEM0001857,PO000525,PROD0163,27,22527.77,2026-10-07,2026-10-03,24,2
POITEM0001858,PO000526,PROD0120,45,140789.41,2026-09-13,2026-09-11,44,0
POITEM0001859,PO000526,PROD0185,68,75209.92,2026-09-13,2026-09-13,64,3
POITEM0001860,PO000526,PROD0003,53,53158.9,2026-09-13,2026-09-29,49,1
POITEM0001861,PO000526,PROD0046,55,5477.97,2026-09-13,2026-09-17,52,1
POITEM0001862,PO000526,PROD0095,11,61571.84,2026-09-13,2026-10-05,10,1
POITEM0001863,PO000527,PROD0075,72,104871.15,2026-10-06,2026-10-27,70,2
POITEM0001864,PO000527,PROD0235,98,6967.32,2026-10-06,2026-10-11,94,4
POITEM0001865,PO000527,PROD0135,51,30438.01,2026-10-06,2026-10-12,46,2
POITEM0001866,PO000527,PROD0159,53,96733.44,2026-10-06,2026-10-22,50,3
POITEM0001867,PO000527,PROD0218,32,25905.98,2026-10-06,2026-10-10,31,1
POITEM0001868,PO000528,PROD0224,38,36104.99,2026-09-25,2026-10-13,35,1
POITEM0001869,PO000528,PROD0231,40,46657.61,2026-09-25,2026-10-12,39,1
POITEM0001870,PO000528,PROD0242,10,80372.88,2026-09-25,2026-10-15,9,1
POITEM0001871,PO000529,PROD0032,76,37410.09,2026-09-24,2026-09-26,71,4
POITEM0001872,PO000529,PROD0102,32,14651.27,2026-09-24,2026-10-15,30,2
POITEM0001873,PO000529,PROD0146,34,141331.5,2026-09-24,2026-09-27,33,1
POITEM0001874,PO000529,PROD0238,37,100336.52,2026-09-24,2026-09-26,33,4
POITEM0001875,PO000529,PROD0155,35,27644.88,2026-09-24,2026-10-17,34,1
POITEM0001876,PO000530,PROD0005,87,136298.83,2026-09-30,2026-10-21,78,8
POITEM0001877,PO000530,PROD0135,22,28947.62,2026-09-30,2026-09-29,20,0
POITEM0001878,PO000530,PROD0195,7,17514.51,2026-09-30,2026-10-13,6,1
POITEM0001879,PO000531,PROD0108,93,124359.02,2026-09-13,2026-10-07,87,1
POITEM0001880,PO000531,PROD0033,74,17921.32,2026-09-13,2026-09-29,69,4
POITEM0001881,PO000531,PROD0155,83,22855.73,2026-09-13,2026-10-02,82,1
POITEM0001882,PO000531,PROD0186,13,5575.17,2026-09-13,2026-09-15,12,0
POITEM0001883,PO000531,PROD0123,14,15752.27,2026-09-13,2026-10-08,13,0
POITEM0001884,PO000532,PROD0115,15,118534.29,2026-10-21,2026-11-12,13,1
POITEM0001885,PO000532,PROD0034,98,59607.31,2026-10-21,2026-10-17,97,1
POITEM0001886,PO000532,PROD0016,42,145047.89,2026-10-21,2026-10-25,41,1
POITEM0001887,PO000532,PROD0177,25,109054.27,2026-10-21,2026-10-25,23,2
POITEM0001888,PO000532,PROD0045,91,46680.3,2026-10-21,2026-11-10,87,3
POITEM0001889,PO000533,PROD0087,75,123899.31,2026-10-19,2026-10-18,70,1
POITEM0001890,PO000533,PROD0121,5,88880.55,2026-10-19,2026-10-21,4,0
POITEM0001891,PO000533,PROD0205,6,99688.11,2026-10-19,2026-10-23,5,1
POITEM0001892,PO000534,PROD0111,9,76881.25,2026-09-24,2026-09-23,8,0
POITEM0001893,PO000534,PROD0218,73,27926.88,2026-09-24,2026-09-20,70,0
POITEM0001894,PO000534,PROD0078,19,69614.25,2026-09-24,2026-10-17,18,1
POITEM0001895,PO000534,PROD0098,14,132987.79,2026-09-24,2026-09-23,13,0
POITEM0001896,PO000534,PROD0238,27,112558.26,2026-09-24,2026-10-12,24,3
POITEM0001897,PO000535,PROD0220,46,40482.67,2026-10-17,2026-10-28,45,1
POITEM0001898,PO000535,PROD0101,25,97161.85,2026-10-17,2026-10-22,23,2
POITEM0001899,PO000535,PROD0222,44,97288.24,2026-10-17,2026-11-01,40,3
POITEM0001900,PO000536,PROD0143,56,140409.55,2026-10-04,2026-10-24,53,0
POITEM0001901,PO000537,PROD0157,91,123893.48,2026-10-13,2026-10-19,90,1
POITEM0001902,PO000537,PROD0056,25,41916.42,2026-10-13,2026-10-16,23,2
POITEM0001903,PO000537,PROD0242,42,83964.39,2026-10-13,2026-10-20,38,3
POITEM0001904,PO000537,PROD0018,29,29210.17,2026-10-13,2026-10-10,27,0
POITEM0001905,PO000537,PROD0067,29,56928.62,2026-10-13,2026-11-06,28,1
POITEM0001906,PO000538,PROD0227,27,79938.63,2026-10-05,2026-10-09,26,0
POITEM0001907,PO000539,PROD0213,21,3509.05,2026-09-20,2026-10-14,20,0
POITEM0001908,PO000539,PROD0105,5,112696.83,2026-09-20,2026-10-12,4,0
POITEM0001909,PO000540,PROD0080,38,23590.09,2026-10-16,2026-10-16,34,2
POITEM0001910,PO000540,PROD0118,53,113361.99,2026-10-16,2026-10-17,50,0
POITEM0001911,PO000541,PROD0078,30,62848.49,2026-10-11,2026-10-27,29,1
POITEM0001912,PO000542,PROD0149,85,161733.26,2026-10-15,2026-10-22,80,4
POITEM0001913,PO000542,PROD0107,4,17972.63,2026-10-15,2026-10-11,3,1
POITEM0001914,PO000542,PROD0130,91,81337.46,2026-10-15,2026-11-01,90,0
POITEM0001915,PO000542,PROD0190,73,78420.82,2026-10-15,2026-11-06,71,1
POITEM0001916,PO000542,PROD0178,49,93836.52,2026-10-15,2026-11-03,44,4
POITEM0001917,PO000542,PROD0173,7,133448.56,2026-10-15,2026-10-14,6,0
POITEM0001918,PO000543,PROD0170,9,44214.43,2026-09-13,2026-09-22,8,1
POITEM0001919,PO000543,PROD0249,25,61305.2,2026-09-13,2026-09-09,24,1
POITEM0001920,PO000543,PROD0125,27,39984.8,2026-09-13,2026-10-04,24,2
POITEM0001921,PO000543,PROD0113,8,100473.4,2026-09-13,2026-09-12,7,0
POITEM0001922,PO000543,PROD0228,69,108154.7,2026-09-13,2026-10-03,67,1
POITEM0001923,PO000543,PROD0074,7,36952.93,2026-09-13,2026-09-13,6,0
POITEM0001924,PO000544,PROD0157,44,164290.46,2026-09-26,2026-09-26,42,1
POITEM0001925,PO000544,PROD0242,97,83893.14,2026-09-26,2026-10-01,93,1
POITEM0001926,PO000544,PROD0072,26,3010.09,2026-09-26,2026-09-27,24,0
POITEM0001927,PO000544,PROD0109,67,872.17,2026-09-26,2026-09-25,66,0
POITEM0001928,PO000544,PROD0101,2,102741.94,2026-09-26,2026-09-25,1,0
POITEM0001929,PO000545,PROD0085,74,36369.55,2026-10-12,2026-10-10,71,1
POITEM0001930,PO000545,PROD0103,27,26241.38,2026-10-12,2026-11-04,24,0
POITEM0001931,PO000546,PROD0006,26,32741.64,2026-09-24,2026-09-27,24,1
POITEM0001932,PO000546,PROD0057,60,116533.45,2026-09-24,2026-10-03,57,0
POITEM0001933,PO000547,PROD0178,59,91746.97,2026-09-27,2026-10-03,57,0
POITEM0001934,PO000547,PROD0032,57,29454.88,2026-09-27,2026-10-19,53,3
POITEM0001935,PO000547,PROD0172,19,111247.58,2026-09-27,2026-10-16,17,1
POITEM0001936,PO000547,PROD0231,79,49767.13,2026-09-27,2026-10-11,74,2
POITEM0001937,PO000547,PROD0110,97,21069.6,2026-09-27,2026-10-18,91,2
POITEM0001938,PO000547,PROD0201,32,8276.19,2026-09-27,2026-10-20,30,2
POITEM0001939,PO000548,PROD0045,36,42930.85,2026-10-08,2026-10-23,35,1
POITEM0001940,PO000549,PROD0015,23,86315.3,2026-09-20,2026-10-14,21,0
POITEM0001941,PO000549,PROD0021,95,105971.15,2026-09-20,2026-10-03,86,8
POITEM0001942,PO000550,PROD0209,31,128788.16,2026-09-17,2026-09-12,29,0
POITEM0001943,PO000550,PROD0125,35,47872.95,2026-09-17,2026-10-04,33,0
POITEM0001944,PO000550,PROD0044,6,55775.07,2026-09-17,2026-09-16,5,1
POITEM0001945,PO000551,PROD0018,75,24957.13,2026-09-18,2026-10-08,67,0
POITEM0001946,PO000551,PROD0243,12,24085.06,2026-09-18,2026-09-27,11,0
POITEM0001947,PO000551,PROD0249,21,62342.78,2026-09-18,2026-10-04,18,1
POITEM0001948,PO000551,PROD0205,38,133821.97,2026-09-18,2026-09-14,37,1
POITEM0001949,PO000552,PROD0113,93,94761.56,2026-09-14,2026-09-22,84,4
POITEM0001950,PO000553,PROD0227,14,76371.7,2026-10-08,2026-10-29,12,1
POITEM0001951,PO000553,PROD0140,83,23965.71,2026-10-08,2026-10-23,79,3
POITEM0001952,PO000553,PROD0119,42,92444.06,2026-10-08,2026-10-29,39,2
POITEM0001953,PO000553,PROD0187,53,87073.02,2026-10-08,2026-10-06,51,2
POITEM0001954,PO000553,PROD0199,77,114931.56,2026-10-08,2026-11-01,70,2
POITEM0001955,PO000553,PROD0246,34,92679.85,2026-10-08,2026-10-04,32,1
POITEM0001956,PO000554,PROD0164,69,68516.61,2026-09-22,2026-10-14,62,7
POITEM0001957,PO000554,PROD0139,20,108302.17,2026-09-22,2026-10-12,19,1
POITEM0001958,PO000554,PROD0059,81,36233.25,2026-09-22,2026-09-21,76,2
POITEM0001959,PO000555,PROD0224,41,42742.54,2026-10-18,2026-11-01,36,0
POITEM0001960,PO000555,PROD0239,75,70050.38,2026-10-18,2026-11-07,68,5
POITEM0001961,PO000555,PROD0017,50,107231.69,2026-10-18,2026-10-25,49,1
POITEM0001962,PO000555,PROD0047,92,99682.89,2026-10-18,2026-10-21,89,1
POITEM0001963,PO000555,PROD0040,32,142292.86,2026-10-18,2026-10-28,30,0
POITEM0001964,PO000556,PROD0049,24,7384.94,2026-10-21,2026-10-19,21,1
POITEM0001965,PO000556,PROD0116,11,32868.06,2026-10-21,2026-10-18,10,0
POITEM0001966,PO000556,PROD0147,16,72064.44,2026-10-21,2026-11-01,15,1
POITEM0001967,PO000556,PROD0197,66,120147.06,2026-10-21,2026-10-17,65,0
POITEM0001968,PO000556,PROD0241,90,64871.18,2026-10-21,2026-10-27,83,6
POITEM0001969,PO000556,PROD0020,96,80135.91,2026-10-21,2026-11-04,93,0
POITEM0001970,PO000557,PROD0235,7,8723.8,2026-10-05,2026-10-27,6,1
POITEM0001971,PO000557,PROD0229,38,75580.21,2026-10-05,2026-10-22,37,0
POITEM0001972,PO000557,PROD0250,81,88268.55,2026-10-05,2026-10-29,76,1
POITEM0001973,PO000557,PROD0231,77,54201.75,2026-10-05,2026-10-04,76,1
POITEM0001974,PO000557,PROD0019,14,123498.58,2026-10-05,2026-10-18,13,1
POITEM0001975,PO000557,PROD0117,89,48079.59,2026-10-05,2026-10-11,86,1
POITEM0001976,PO000558,PROD0082,15,17417.73,2026-09-24,2026-10-04,14,0
POITEM0001977,PO000558,PROD0189,23,50933.07,2026-09-24,2026-09-24,22,0
POITEM0001978,PO000558,PROD0227,64,99551.78,2026-09-24,2026-10-19,57,6
POITEM0001979,PO000558,PROD0230,96,41957.02,2026-09-24,2026-09-27,87,3
POITEM0001980,PO000558,PROD0196,29,79664.07,2026-09-24,2026-10-06,27,1
POITEM0001981,PO000559,PROD0042,47,38262.06,2026-09-24,2026-10-16,44,2
POITEM0001982,PO000559,PROD0006,20,46784.08,2026-09-24,2026-09-23,18,0
POITEM0001983,PO000560,PROD0046,88,6305.9,2026-10-18,2026-11-07,82,2
POITEM0001984,PO000560,PROD0097,76,98377.66,2026-10-18,2026-11-10,69,6
POITEM0001985,PO000560,PROD0174,25,168463.72,2026-10-18,2026-11-11,24,0
POITEM0001986,PO000560,PROD0083,95,168231.72,2026-10-18,2026-11-05,94,0
POITEM0001987,PO000561,PROD0139,38,90398.52,2026-10-20,2026-10-24,35,3
POITEM0001988,PO000561,PROD0210,3,45487.37,2026-10-20,2026-10-24,2,1
POITEM0001989,PO000561,PROD0051,66,138613.77,2026-10-20,2026-11-03,61,4
POITEM0001990,PO000561,PROD0052,43,39161.68,2026-10-20,2026-10-15,41,1
POITEM0001991,PO000561,PROD0250,60,85894.36,2026-10-20,2026-10-15,56,1
POITEM0001992,PO000561,PROD0075,2,103722.64,2026-10-20,2026-11-11,1,1
POITEM0001993,PO000562,PROD0175,45,71688.01,2026-09-28,2026-09-25,43,2
POITEM0001994,PO000562,PROD0097,99,93680.53,2026-09-28,2026-10-20,92,5
POITEM0001995,PO000562,PROD0197,25,134246.43,2026-09-28,2026-10-18,23,2
POITEM0001996,PO000562,PROD0130,58,90395.16,2026-09-28,2026-10-08,56,1
POITEM0001997,PO000562,PROD0176,80,81070.36,2026-09-28,2026-10-15,78,0
POITEM0001998,PO000563,PROD0110,21,27690.91,2026-10-11,2026-11-05,20,1
POITEM0001999,PO000563,PROD0163,54,22053.75,2026-10-11,2026-10-13,49,2
POITEM0002000,PO000563,PROD0169,24,51533.07,2026-10-11,2026-10-20,22,1
POITEM0002001,PO000563,PROD0054,61,80060.59,2026-10-11,2026-10-16,58,1
POITEM0002002,PO000564,PROD0234,73,16891.61,2026-10-19,2026-10-18,65,0
POITEM0002003,PO000564,PROD0092,54,141119.8,2026-10-19,2026-10-16,50,3
POITEM0002004,PO000565,PROD0139,78,110788.43,2026-10-03,2026-10-02,70,0
POITEM0002005,PO000565,PROD0022,84,145706.46,2026-10-03,2026-10-09,83,0
POITEM0002006,PO000565,PROD0037,20,71618.97,2026-10-03,2026-10-16,18,1
POITEM0002007,PO000566,PROD0019,42,118706.77,2026-09-21,2026-10-15,40,1
POITEM0002008,PO000567,PROD0011,76,46590.36,2026-10-11,2026-10-16,71,2
POITEM0002009,PO000567,PROD0039,97,57805.43,2026-10-11,2026-10-27,95,2
POITEM0002010,PO000568,PROD0103,86,22589.11,2026-09-24,2026-10-12,77,2
POITEM0002011,PO000568,PROD0060,83,130528.76,2026-09-24,2026-10-02,79,1
POITEM0002012,PO000568,PROD0112,80,125228.34,2026-09-24,2026-10-12,76,2
POITEM0002013,PO000568,PROD0063,86,209536.77,2026-09-24,2026-10-13,81,1
POITEM0002014,PO000568,PROD0119,6,112096.5,2026-09-24,2026-10-02,5,1
POITEM0002015,PO000569,PROD0086,85,106840.17,2026-09-25,2026-09-28,78,0
POITEM0002016,PO000570,PROD0172,93,116373.03,2026-10-15,2026-10-13,85,3
POITEM0002017,PO000570,PROD0142,84,135759.3,2026-10-15,2026-10-27,78,6
POITEM0002018,PO000570,PROD0087,6,131435.49,2026-10-15,2026-10-11,5,1
POITEM0002019,PO000570,PROD0025,74,34973.39,2026-10-15,2026-10-27,71,1
POITEM0002020,PO000570,PROD0050,91,36954.92,2026-10-15,2026-11-06,82,2
POITEM0002021,PO000570,PROD0053,9,20046.49,2026-10-15,2026-11-05,8,0
POITEM0002022,PO000571,PROD0218,13,24397.42,2026-10-20,2026-11-14,12,0
POITEM0002023,PO000571,PROD0039,10,55160.99,2026-10-20,2026-10-26,9,1
POITEM0002024,PO000572,PROD0170,48,37737.59,2026-10-17,2026-10-29,46,0
POITEM0002025,PO000572,PROD0234,56,19556.34,2026-10-17,2026-10-29,54,1
POITEM0002026,PO000572,PROD0227,69,101759.17,2026-10-17,2026-10-27,62,6
POITEM0002027,PO000572,PROD0029,39,1041.06,2026-10-17,2026-11-09,38,0
POITEM0002028,PO000572,PROD0183,14,58284.05,2026-10-17,2026-11-05,13,0
POITEM0002029,PO000573,PROD0084,50,146776.44,2026-09-27,2026-10-01,48,1
POITEM0002030,PO000573,PROD0068,97,34307.78,2026-09-27,2026-09-26,96,0
POITEM0002031,PO000573,PROD0143,6,156185.68,2026-09-27,2026-10-17,5,1
POITEM0002032,PO000573,PROD0138,23,4501.07,2026-09-27,2026-10-10,20,3
POITEM0002033,PO000573,PROD0015,57,89575.57,2026-09-27,2026-10-12,56,1
POITEM0002034,PO000574,PROD0213,67,3714.73,2026-10-12,2026-10-17,61,6
POITEM0002035,PO000574,PROD0081,95,46372.21,2026-10-12,2026-11-06,93,1
POITEM0002036,PO000575,PROD0103,100,25545.11,2026-09-13,2026-10-01,96,0
POITEM0002037,PO000575,PROD0073,77,72683.46,2026-09-13,2026-09-21,75,2
POITEM0002038,PO000575,PROD0243,17,30076.71,2026-09-13,2026-09-14,15,1
POITEM0002039,PO000575,PROD0223,85,100477.53,2026-09-13,2026-09-13,78,1
POITEM0002040,PO000575,PROD0192,79,7069.69,2026-09-13,2026-09-12,76,3
POITEM0002041,PO000575,PROD0080,19,25350.63,2026-09-13,2026-09-13,17,0
POITEM0002042,PO000576,PROD0047,40,106361.62,2026-09-23,2026-10-10,39,0
POITEM0002043,PO000576,PROD0005,6,153388.54,2026-09-23,2026-09-27,5,0
POITEM0002044,PO000577,PROD0065,15,13735.64,2026-10-13,2026-10-17,13,2
POITEM0002045,PO000577,PROD0137,63,47194.78,2026-10-13,2026-11-07,61,2
POITEM0002046,PO000577,PROD0056,73,39295.7,2026-10-13,2026-11-01,67,6
POITEM0002047,PO000577,PROD0204,90,100603.76,2026-10-13,2026-11-04,83,1
POITEM0002048,PO000577,PROD0249,12,57435.02,2026-10-13,2026-10-23,11,1
POITEM0002049,PO000578,PROD0212,53,13617.0,2026-10-14,2026-10-27,48,4
POITEM0002050,PO000578,PROD0195,77,19378.62,2026-10-14,2026-10-28,71,2
POITEM0002051,PO000579,PROD0177,66,111315.38,2026-09-26,2026-10-13,64,0
POITEM0002052,PO000579,PROD0135,15,35642.66,2026-09-26,2026-10-14,14,0
POITEM0002053,PO000579,PROD0025,8,39425.13,2026-09-26,2026-09-28,7,1
POITEM0002054,PO000579,PROD0167,55,124291.23,2026-09-26,2026-10-04,50,0
POITEM0002055,PO000579,PROD0042,95,46641.11,2026-09-26,2026-10-13,89,5
POITEM0002056,PO000580,PROD0181,8,131602.08,2026-09-15,2026-09-10,7,1
POITEM0002057,PO000580,PROD0001,26,5025.18,2026-09-15,2026-10-03,23,1
POITEM0002058,PO000581,PROD0087,13,116399.92,2026-09-30,2026-09-25,12,1
POITEM0002059,PO000581,PROD0050,81,49134.67,2026-09-30,2026-09-26,79,1
POITEM0002060,PO000581,PROD0140,23,25875.71,2026-09-30,2026-10-03,22,0
POITEM0002061,PO000581,PROD0102,68,15164.74,2026-09-30,2026-10-23,66,0
POITEM0002062,PO000581,PROD0049,71,7102.83,2026-09-30,2026-10-17,68,0
POITEM0002063,PO000582,PROD0142,54,175720.67,2026-10-19,2026-11-09,52,2
POITEM0002064,PO000582,PROD0177,22,117686.15,2026-10-19,2026-11-04,20,2
POITEM0002065,PO000582,PROD0042,99,41940.1,2026-10-19,2026-11-02,94,0
POITEM0002066,PO000583,PROD0116,51,32025.28,2026-09-17,2026-09-29,47,3
POITEM0002067,PO000584,PROD0211,97,77168.29,2026-10-05,2026-10-13,95,0
POITEM0002068,PO000584,PROD0118,30,101350.19,2026-10-05,2026-10-05,29,0
POITEM0002069,PO000585,PROD0157,27,137835.73,2026-10-21,2026-10-22,26,1
POITEM0002070,PO000585,PROD0229,53,72493.75,2026-10-21,2026-11-13,52,0
POITEM0002071,PO000585,PROD0099,65,163455.09,2026-10-21,2026-10-26,60,5
POITEM0002072,PO000585,PROD0173,15,155230.81,2026-10-21,2026-11-13,13,2
POITEM0002073,PO000585,PROD0203,70,91853.17,2026-10-21,2026-11-14,68,1
POITEM0002074,PO000586,PROD0102,14,14251.94,2026-09-17,2026-09-19,12,1
POITEM0002075,PO000586,PROD0117,71,58614.63,2026-09-17,2026-09-21,65,6
POITEM0002076,PO000587,PROD0001,10,4192.77,2026-09-23,2026-09-24,9,0
POITEM0002077,PO000588,PROD0130,92,98514.01,2026-09-20,2026-10-04,90,0
POITEM0002078,PO000588,PROD0203,13,81413.74,2026-09-20,2026-10-06,11,2
POITEM0002079,PO000588,PROD0041,66,171018.37,2026-09-20,2026-10-08,63,1
POITEM0002080,PO000588,PROD0052,45,33333.98,2026-09-20,2026-10-13,43,0
POITEM0002081,PO000588,PROD0231,60,56370.97,2026-09-20,2026-10-08,57,0
POITEM0002082,PO000588,PROD0058,68,118192.91,2026-09-20,2026-09-30,66,1
POITEM0002083,PO000589,PROD0241,62,87210.68,2026-09-23,2026-10-03,60,1
POITEM0002084,PO000589,PROD0196,13,69931.34,2026-09-23,2026-10-08,12,0
POITEM0002085,PO000589,PROD0189,55,48150.17,2026-09-23,2026-10-12,53,2
POITEM0002086,PO000589,PROD0180,93,118815.43,2026-09-23,2026-09-29,91,2
POITEM0002087,PO000589,PROD0006,22,42720.13,2026-09-23,2026-09-18,20,2
POITEM0002088,PO000589,PROD0104,69,136560.57,2026-09-23,2026-10-04,68,0
POITEM0002089,PO000590,PROD0209,17,103655.85,2026-09-21,2026-09-30,16,1
POITEM0002090,PO000590,PROD0069,53,6968.0,2026-09-21,2026-09-19,51,1
POITEM0002091,PO000590,PROD0064,65,77053.29,2026-09-21,2026-10-08,60,0
POITEM0002092,PO000590,PROD0198,46,39812.34,2026-09-21,2026-10-04,42,3
POITEM0002093,PO000590,PROD0020,75,93915.34,2026-09-21,2026-10-13,70,4
POITEM0002094,PO000590,PROD0160,83,13283.71,2026-09-21,2026-09-23,74,8
POITEM0002095,PO000591,PROD0077,87,110690.44,2026-10-19,2026-10-14,86,0
POITEM0002096,PO000591,PROD0090,90,36268.39,2026-10-19,2026-10-26,84,3
POITEM0002097,PO000591,PROD0170,48,43564.08,2026-10-19,2026-11-05,45,3
POITEM0002098,PO000591,PROD0128,69,60575.71,2026-10-19,2026-10-26,68,0
POITEM0002099,PO000591,PROD0046,79,5923.25,2026-10-19,2026-11-10,75,2
POITEM0002100,PO000591,PROD0189,74,38977.55,2026-10-19,2026-11-09,73,0
POITEM0002101,PO000592,PROD0083,27,131774.49,2026-10-08,2026-10-12,24,1
POITEM0002102,PO000592,PROD0115,44,119171.69,2026-10-08,2026-10-13,42,0
POITEM0002103,PO000593,PROD0070,2,90098.81,2026-10-01,2026-10-20,1,1
POITEM0002104,PO000593,PROD0172,95,141471.01,2026-10-01,2026-10-05,87,2
POITEM0002105,PO000593,PROD0112,75,122304.7,2026-10-01,2026-10-23,72,0
POITEM0002106,PO000593,PROD0161,57,93912.76,2026-10-01,2026-10-04,53,3
POITEM0002107,PO000593,PROD0163,19,20099.76,2026-10-01,2026-10-20,18,1
POITEM0002108,PO000594,PROD0152,57,61015.26,2026-10-13,2026-10-26,53,4
POITEM0002109,PO000594,PROD0078,51,63206.33,2026-10-13,2026-10-23,50,0
POITEM0002110,PO000594,PROD0017,72,123476.78,2026-10-13,2026-10-08,71,1
POITEM0002111,PO000594,PROD0196,40,77444.18,2026-10-13,2026-10-29,36,3
POITEM0002112,PO000595,PROD0144,80,51790.04,2026-10-21,2026-11-12,75,4
POITEM0002113,PO000595,PROD0091,37,13182.57,2026-10-21,2026-10-28,33,2
POITEM0002114,PO000595,PROD0176,10,91537.23,2026-10-21,2026-11-15,9,0
POITEM0002115,PO000596,PROD0206,53,167885.96,2026-09-23,2026-10-02,48,1
POITEM0002116,PO000596,PROD0130,37,85061.27,2026-09-23,2026-10-14,33,3
POITEM0002117,PO000596,PROD0217,67,69974.49,2026-09-23,2026-10-18,66,1
POITEM0002118,PO000596,PROD0078,27,59361.65,2026-09-23,2026-09-30,24,0
POITEM0002119,PO000596,PROD0029,49,1204.89,2026-09-23,2026-09-27,45,4
POITEM0002120,PO000597,PROD0008,78,113349.18,2026-09-17,2026-09-17,75,3
POITEM0002121,PO000597,PROD0068,2,31916.89,2026-09-17,2026-09-22,1,0
POITEM0002122,PO000597,PROD0075,16,83667.91,2026-09-17,2026-10-08,15,0
POITEM0002123,PO000597,PROD0081,21,48310.66,2026-09-17,2026-09-24,19,0
POITEM0002124,PO000597,PROD0003,59,43725.18,2026-09-17,2026-09-13,53,3
POITEM0002125,PO000598,PROD0075,8,97462.39,2026-09-25,2026-09-20,7,0
POITEM0002126,PO000598,PROD0142,35,141161.8,2026-09-25,2026-10-07,33,1
POITEM0002127,PO000598,PROD0155,46,28573.78,2026-09-25,2026-10-06,43,0
POITEM0002128,PO000598,PROD0231,99,63862.51,2026-09-25,2026-09-27,97,0
POITEM0002129,PO000599,PROD0225,86,122316.98,2026-10-21,2026-11-10,84,0
POITEM0002130,PO000599,PROD0139,43,100177.84,2026-10-21,2026-10-31,42,1
POITEM0002131,PO000599,PROD0147,86,67067.87,2026-10-21,2026-11-11,85,0
POITEM0002132,PO000599,PROD0143,80,158074.73,2026-10-21,2026-11-04,73,7
POITEM0002133,PO000599,PROD0049,34,8327.54,2026-10-21,2026-11-11,33,0
POITEM0002134,PO000600,PROD0089,20,94838.05,2026-09-15,2026-10-09,18,1
POITEM0002135,PO000600,PROD0107,48,17339.98,2026-09-15,2026-10-09,44,0
POITEM0002136,PO000600,PROD0222,7,91434.69,2026-09-15,2026-09-10,6,0
POITEM0002137,PO000600,PROD0061,6,52132.35,2026-09-15,2026-10-01,5,1
POITEM0002138,PO000600,PROD0004,93,75184.56,2026-09-15,2026-09-22,91,2
POITEM0002139,PO000601,PROD0027,100,104341.7,2026-09-20,2026-10-04,93,5
POITEM0002140,PO000601,PROD0152,83,54730.49,2026-09-20,2026-09-21,76,0
POITEM0002141,PO000601,PROD0228,46,80531.13,2026-09-20,2026-09-27,42,2
POITEM0002142,PO000601,PROD0223,13,106217.95,2026-09-20,2026-10-02,12,1
POITEM0002143,PO000602,PROD0050,38,42579.11,2026-10-10,2026-10-18,35,3
POITEM0002144,PO000602,PROD0212,73,14237.03,2026-10-10,2026-10-06,72,1
POITEM0002145,PO000602,PROD0113,93,102444.83,2026-10-10,2026-11-03,86,0
POITEM0002146,PO000602,PROD0139,84,86465.58,2026-10-10,2026-10-08,83,1
POITEM0002147,PO000602,PROD0171,21,106134.93,2026-10-10,2026-10-18,19,2
POITEM0002148,PO000603,PROD0008,15,109868.72,2026-09-27,2026-10-12,13,0
POITEM0002149,PO000604,PROD0096,7,48026.05,2026-10-20,2026-10-22,6,1
POITEM0002150,PO000604,PROD0228,38,82525.37,2026-10-20,2026-10-24,36,1
POITEM0002151,PO000604,PROD0177,17,107732.72,2026-10-20,2026-11-03,15,2
POITEM0002152,PO000604,PROD0032,6,40532.65,2026-10-20,2026-10-27,5,1
POITEM0002153,PO000605,PROD0171,55,143097.3,2026-09-21,2026-10-03,52,3
POITEM0002154,PO000605,PROD0088,48,73420.86,2026-09-21,2026-09-21,47,1
POITEM0002155,PO000605,PROD0245,5,56771.33,2026-09-21,2026-09-28,4,0
POITEM0002156,PO000606,PROD0030,45,70338.33,2026-10-17,2026-10-31,44,1
POITEM0002157,PO000606,PROD0083,62,118638.83,2026-10-17,2026-10-16,58,2
POITEM0002158,PO000607,PROD0197,24,133748.75,2026-10-16,2026-10-14,23,0
POITEM0002159,PO000607,PROD0046,43,6832.23,2026-10-16,2026-10-18,42,0
POITEM0002160,PO000607,PROD0048,82,90940.03,2026-10-16,2026-10-31,75,4
POITEM0002161,PO000607,PROD0241,57,71112.59,2026-10-16,2026-11-05,52,0
POITEM0002162,PO000608,PROD0128,50,59073.84,2026-10-03,2026-10-07,46,4
POITEM0002163,PO000608,PROD0079,37,150045.91,2026-10-03,2026-10-19,33,2
POITEM0002164,PO000608,PROD0123,48,15930.78,2026-10-03,2026-10-17,44,1
POITEM0002165,PO000609,PROD0112,30,101128.71,2026-10-20,2026-11-01,28,0
POITEM0002166,PO000609,PROD0084,41,153800.02,2026-10-20,2026-10-15,39,1
POITEM0002167,PO000609,PROD0044,11,50093.1,2026-10-20,2026-10-19,10,1
POITEM0002168,PO000609,PROD0025,43,36625.7,2026-10-20,2026-11-07,39,2
POITEM0002169,PO000609,PROD0218,28,26101.47,2026-10-20,2026-10-18,26,0
POITEM0002170,PO000610,PROD0213,95,3377.18,2026-09-30,2026-10-02,88,6
POITEM0002171,PO000610,PROD0221,17,101574.04,2026-09-30,2026-10-16,16,0
POITEM0002172,PO000610,PROD0231,12,52975.46,2026-09-30,2026-10-24,10,0
POITEM0002173,PO000610,PROD0153,92,117679.7,2026-09-30,2026-10-19,86,3
POITEM0002174,PO000610,PROD0015,31,116823.67,2026-09-30,2026-10-24,28,1
POITEM0002175,PO000610,PROD0001,82,5558.93,2026-09-30,2026-10-09,74,7
POITEM0002176,PO000611,PROD0109,35,1066.97,2026-10-18,2026-10-30,32,1
POITEM0002177,PO000611,PROD0198,80,37646.87,2026-10-18,2026-10-24,74,4
POITEM0002178,PO000612,PROD0183,71,62100.08,2026-10-18,2026-10-23,65,1
POITEM0002179,PO000612,PROD0173,24,118160.44,2026-10-18,2026-10-31,23,1
POITEM0002180,PO000612,PROD0083,22,168820.15,2026-10-18,2026-11-03,21,1
POITEM0002181,PO000613,PROD0183,41,62049.65,2026-10-08,2026-10-06,40,1
POITEM0002182,PO000613,PROD0220,15,33008.33,2026-10-08,2026-10-19,14,1
POITEM0002183,PO000614,PROD0095,9,49672.06,2026-09-23,2026-09-19,8,1
POITEM0002184,PO000614,PROD0158,7,103639.4,2026-09-23,2026-10-04,6,0
POITEM0002185,PO000614,PROD0022,47,146332.29,2026-09-23,2026-09-27,46,0
POITEM0002186,PO000614,PROD0115,34,107160.14,2026-09-23,2026-10-02,31,3
POITEM0002187,PO000615,PROD0069,98,5769.11,2026-09-16,2026-09-22,90,3
POITEM0002188,PO000615,PROD0121,46,95711.84,2026-09-16,2026-10-05,44,0
POITEM0002189,PO000615,PROD0059,39,38950.35,2026-09-16,2026-09-25,37,2
POITEM0002190,PO000616,PROD0191,60,4648.63,2026-10-21,2026-10-19,58,1
POITEM0002191,PO000616,PROD0219,75,21939.92,2026-10-21,2026-10-25,71,4
POITEM0002192,PO000616,PROD0188,59,95318.22,2026-10-21,2026-10-22,54,2
POITEM0002193,PO000616,PROD0076,38,23454.92,2026-10-21,2026-11-12,37,0
POITEM0002194,PO000616,PROD0029,5,1127.47,2026-10-21,2026-10-26,4,0
POITEM0002195,PO000616,PROD0214,63,124205.0,2026-10-21,2026-11-01,61,2
POITEM0002196,PO000617,PROD0057,25,98477.07,2026-10-06,2026-10-04,22,1
POITEM0002197,PO000618,PROD0022,89,147049.89,2026-10-16,2026-10-17,82,3
POITEM0002198,PO000618,PROD0224,83,42260.74,2026-10-16,2026-10-27,75,2
POITEM0002199,PO000618,PROD0202,55,72482.06,2026-10-16,2026-11-09,51,0
POITEM0002200,PO000618,PROD0018,66,24864.53,2026-10-16,2026-10-26,65,0
POITEM0002201,PO000619,PROD0018,70,23924.71,2026-09-13,2026-09-23,66,1
POITEM0002202,PO000619,PROD0091,2,12640.64,2026-09-13,2026-09-17,1,1
POITEM0002203,PO000619,PROD0204,24,116734.44,2026-09-13,2026-09-18,21,0
POITEM0002204,PO000619,PROD0045,41,52912.07,2026-09-13,2026-09-13,37,0
POITEM0002205,PO000619,PROD0123,57,16215.42,2026-09-13,2026-09-30,54,2
POITEM0002206,PO000620,PROD0084,42,158434.81,2026-10-15,2026-11-02,40,0
POITEM0002207,PO000620,PROD0213,62,4149.0,2026-10-15,2026-11-04,57,4
POITEM0002208,PO000620,PROD0170,7,40425.92,2026-10-15,2026-10-13,6,0
POITEM0002209,PO000620,PROD0055,46,145059.87,2026-10-15,2026-10-23,43,3
POITEM0002210,PO000621,PROD0075,49,111713.53,2026-09-15,2026-09-25,45,0
POITEM0002211,PO000621,PROD0072,95,3183.55,2026-09-15,2026-09-25,92,3
POITEM0002212,PO000622,PROD0097,76,118611.62,2026-10-08,2026-11-01,75,0
POITEM0002213,PO000622,PROD0239,40,61914.21,2026-10-08,2026-10-10,37,1
POITEM0002214,PO000622,PROD0042,51,39205.04,2026-10-08,2026-10-07,47,4
POITEM0002215,PO000622,PROD0152,78,66359.1,2026-10-08,2026-10-21,77,1
POITEM0002216,PO000622,PROD0208,49,49457.54,2026-10-08,2026-10-23,45,3
POITEM0002217,PO000622,PROD0102,34,15695.21,2026-10-08,2026-10-31,32,1
POITEM0002218,PO000623,PROD0157,76,146835.91,2026-10-16,2026-10-29,71,4
POITEM0002219,PO000624,PROD0177,5,145372.41,2026-10-01,2026-09-29,4,0
POITEM0002220,PO000625,PROD0153,74,147460.01,2026-10-05,2026-09-30,72,2
POITEM0002221,PO000625,PROD0142,30,141196.41,2026-10-05,2026-10-26,28,2
POITEM0002222,PO000625,PROD0088,91,99105.34,2026-10-05,2026-10-10,85,1
POITEM0002223,PO000625,PROD0123,13,16511.66,2026-10-05,2026-10-22,12,0
POITEM0002224,PO000625,PROD0059,70,39268.49,2026-10-05,2026-10-19,68,1
POITEM0002225,PO000626,PROD0134,38,86646.96,2026-09-25,2026-10-02,37,1
POITEM0002226,PO000626,PROD0075,95,97587.96,2026-09-25,2026-10-20,85,8
POITEM0002227,PO000626,PROD0232,100,114923.47,2026-09-25,2026-10-06,96,2
POITEM0002228,PO000626,PROD0074,80,35078.04,2026-09-25,2026-10-14,77,3
POITEM0002229,PO000626,PROD0044,75,44875.89,2026-09-25,2026-10-01,72,3
POITEM0002230,PO000626,PROD0167,22,96693.77,2026-09-25,2026-10-07,21,1
POITEM0002231,PO000627,PROD0085,45,41412.29,2026-09-24,2026-10-13,41,4
POITEM0002232,PO000627,PROD0163,17,20397.37,2026-09-24,2026-10-19,16,0
POITEM0002233,PO000627,PROD0182,76,52950.44,2026-09-24,2026-09-20,70,1
POITEM0002234,PO000627,PROD0147,19,79514.41,2026-09-24,2026-09-21,18,1
POITEM0002235,PO000628,PROD0150,85,157763.53,2026-10-01,2026-10-23,80,5
POITEM0002236,PO000628,PROD0119,10,101383.08,2026-10-01,2026-10-22,9,0
POITEM0002237,PO000628,PROD0188,39,86330.58,2026-10-01,2026-10-12,37,2
POITEM0002238,PO000628,PROD0138,25,3560.97,2026-10-01,2026-10-16,23,2
POITEM0002239,PO000628,PROD0156,58,75156.24,2026-10-01,2026-10-24,53,0
POITEM0002240,PO000628,PROD0170,60,37509.65,2026-10-01,2026-09-26,54,2
POITEM0002241,PO000629,PROD0136,43,134509.53,2026-10-19,2026-11-08,39,0
POITEM0002242,PO000629,PROD0077,35,115627.42,2026-10-19,2026-11-08,34,0
POITEM0002243,PO000629,PROD0235,55,7487.35,2026-10-19,2026-10-29,50,1
POITEM0002244,PO000629,PROD0248,67,7864.41,2026-10-19,2026-10-26,64,0
POITEM0002245,PO000629,PROD0068,11,32057.55,2026-10-19,2026-10-19,10,0
POITEM0002246,PO000630,PROD0008,56,140581.44,2026-09-28,2026-10-20,53,0
POITEM0002247,PO000630,PROD0054,100,72488.63,2026-09-28,2026-09-25,96,4
POITEM0002248,PO000630,PROD0136,32,95103.7,2026-09-28,2026-10-12,31,1
POITEM0002249,PO000630,PROD0129,69,120135.23,2026-09-28,2026-09-25,64,2
POITEM0002250,PO000630,PROD0088,44,98014.57,2026-09-28,2026-10-11,42,0
POITEM0002251,PO000630,PROD0193,3,124327.73,2026-09-28,2026-10-16,2,0
POITEM0002252,PO000631,PROD0114,60,40185.72,2026-09-14,2026-09-27,56,0
POITEM0002253,PO000632,PROD0081,55,61361.39,2026-09-27,2026-10-21,49,3
POITEM0002254,PO000632,PROD0038,75,122435.63,2026-09-27,2026-09-28,73,0
POITEM0002255,PO000632,PROD0144,48,51291.44,2026-09-27,2026-09-24,45,2
POITEM0002256,PO000633,PROD0130,60,86771.17,2026-10-16,2026-11-10,58,2
POITEM0002257,PO000633,PROD0138,2,3985.16,2026-10-16,2026-11-04,1,1
POITEM0002258,PO000633,PROD0193,25,114595.86,2026-10-16,2026-10-15,23,2
POITEM0002259,PO000633,PROD0006,51,32470.52,2026-10-16,2026-10-11,47,0
POITEM0002260,PO000633,PROD0194,16,58089.91,2026-10-16,2026-10-29,15,0
POITEM0002261,PO000633,PROD0185,75,96918.06,2026-10-16,2026-10-13,70,0
POITEM0002262,PO000634,PROD0246,69,113786.93,2026-10-08,2026-10-07,67,2
POITEM0002263,PO000634,PROD0220,61,45963.63,2026-10-08,2026-10-12,58,1
POITEM0002264,PO000635,PROD0222,55,102238.91,2026-10-13,2026-10-09,49,4
POITEM0002265,PO000635,PROD0081,8,58419.7,2026-10-13,2026-10-30,7,1
POITEM0002266,PO000635,PROD0090,69,35303.4,2026-10-13,2026-11-02,65,0
POITEM0002267,PO000635,PROD0032,65,35924.11,2026-10-13,2026-10-30,62,0
POITEM0002268,PO000635,PROD0063,6,87128.28,2026-10-13,2026-10-17,5,1
POITEM0002269,PO000635,PROD0186,8,6019.39,2026-10-13,2026-11-05,7,0
POITEM0002270,PO000636,PROD0055,27,168703.46,2026-09-25,2026-10-02,26,0
POITEM0002271,PO000636,PROD0183,44,65135.37,2026-09-25,2026-10-19,42,2
POITEM0002272,PO000636,PROD0119,68,90345.35,2026-09-25,2026-10-05,65,1
POITEM0002273,PO000637,PROD0194,57,59466.78,2026-09-26,2026-09-23,54,1
POITEM0002274,PO000637,PROD0103,89,25445.15,2026-09-26,2026-10-02,84,4
POITEM0002275,PO000637,PROD0036,93,47760.52,2026-09-26,2026-10-10,88,3
POITEM0002276,PO000637,PROD0235,73,6499.25,2026-09-26,2026-09-28,71,0
POITEM0002277,PO000638,PROD0062,8,87701.05,2026-09-19,2026-10-06,7,0
POITEM0002278,PO000638,PROD0205,81,111609.97,2026-09-19,2026-09-24,78,2
POITEM0002279,PO000638,PROD0159,97,87698.39,2026-09-19,2026-10-10,89,6
POITEM0002280,PO000639,PROD0094,82,101962.55,2026-09-14,2026-10-09,76,2
POITEM0002281,PO000640,PROD0171,43,148518.48,2026-10-06,2026-10-28,42,1
POITEM0002282,PO000640,PROD0064,49,84509.55,2026-10-06,2026-10-08,45,4
POITEM0002283,PO000640,PROD0023,63,54688.16,2026-10-06,2026-10-19,56,2
POITEM0002284,PO000640,PROD0167,46,108756.3,2026-10-06,2026-10-12,42,0
POITEM0002285,PO000641,PROD0098,38,163943.43,2026-09-24,2026-09-26,34,3
POITEM0002286,PO000642,PROD0158,31,111862.9,2026-09-27,2026-10-07,30,1
POITEM0002287,PO000642,PROD0011,24,45449.54,2026-09-27,2026-10-06,21,0
POITEM0002288,PO000642,PROD0169,21,66889.95,2026-09-27,2026-10-09,19,2
POITEM0002289,PO000642,PROD0035,54,154974.57,2026-09-27,2026-10-16,49,5
POITEM0002290,PO000642,PROD0215,49,130856.27,2026-09-27,2026-10-05,46,0
POITEM0002291,PO000642,PROD0131,44,104928.18,2026-09-27,2026-10-21,40,1
POITEM0002292,PO000643,PROD0046,49,6670.72,2026-10-10,2026-10-30,45,2
POITEM0002293,PO000643,PROD0134,33,68604.32,2026-10-10,2026-10-07,31,2
POITEM0002294,PO000643,PROD0022,88,155595.73,2026-10-10,2026-10-18,79,1
POITEM0002295,PO000644,PROD0229,14,68083.45,2026-09-24,2026-10-08,12,2
POITEM0002296,PO000645,PROD0246,27,79901.37,2026-09-13,2026-09-18,24,2
POITEM0002297,PO000645,PROD0243,53,30849.83,2026-09-13,2026-10-04,48,2
POITEM0002298,PO000645,PROD0083,6,120410.04,2026-09-13,2026-09-19,5,0
POITEM0002299,PO000645,PROD0163,5,25056.63,2026-09-13,2026-09-14,4,0
POITEM0002300,PO000646,PROD0126,2,37359.31,2026-10-03,2026-10-06,1,0
POITEM0002301,PO000646,PROD0055,63,152229.97,2026-10-03,2026-10-11,60,1
POITEM0002302,PO000647,PROD0035,14,152525.97,2026-09-28,2026-10-01,13,1
POITEM0002303,PO000647,PROD0240,87,14414.12,2026-09-28,2026-10-01,79,7
POITEM0002304,PO000647,PROD0220,15,37488.02,2026-09-28,2026-10-09,13,2
POITEM0002305,PO000647,PROD0131,30,137920.12,2026-09-28,2026-10-11,29,1
POITEM0002306,PO000648,PROD0238,74,130709.09,2026-10-10,2026-10-18,73,0
POITEM0002307,PO000648,PROD0006,54,40852.98,2026-10-10,2026-10-20,52,1
POITEM0002308,PO000649,PROD0178,85,94026.55,2026-09-30,2026-10-22,81,4
POITEM0002309,PO000649,PROD0194,81,55837.6,2026-09-30,2026-10-25,76,5
POITEM0002310,PO000649,PROD0221,1,95049.85,2026-09-30,2026-10-13,0,0
POITEM0002311,PO000650,PROD0130,98,92549.85,2026-09-30,2026-10-22,97,1
POITEM0002312,PO000650,PROD0138,79,3267.44,2026-09-30,2026-10-11,74,3
POITEM0002313,PO000651,PROD0224,45,51110.5,2026-09-25,2026-09-23,43,2
POITEM0002314,PO000651,PROD0082,31,18282.77,2026-09-25,,28,2
POITEM0002315,PO000651,PROD0194,69,53406.16,2026-09-25,2026-10-13,67,1
POITEM0002316,PO000652,PROD0217,16,65926.6,2026-09-24,2026-10-03,15,1
POITEM0002317,PO000652,PROD0126,26,32633.74,2026-09-24,2026-09-19,23,3
POITEM0002318,PO000653,PROD0246,97,202004.85,2026-10-03,2026-10-10,90,4
POITEM0002319,PO000653,PROD0144,100,60661.04,2026-10-03,2026-10-21,90,0
POITEM0002320,PO000653,PROD0031,26,70393.71,2026-10-03,2026-10-07,25,0
POITEM0002321,PO000653,PROD0202,76,86151.29,2026-10-03,2026-10-14,69,1
POITEM0002322,PO000653,PROD0028,65,139800.55,2026-10-03,2026-10-13,63,0
POITEM0002323,PO000654,PROD0121,66,99916.2,2026-10-19,2026-10-21,65,0
POITEM0002324,PO000654,PROD0114,28,37409.18,2026-10-19,2026-10-26,27,1
POITEM0002325,PO000654,PROD0167,98,114978.4,2026-10-19,2026-10-29,89,7
POITEM0002326,PO000654,PROD0192,2,5549.63,2026-10-19,2026-11-09,1,1
POITEM0002327,PO000654,PROD0092,13,163332.29,2026-10-19,2026-10-21,12,0
POITEM0002328,PO000655,PROD0004,45,85537.62,2026-09-29,2026-09-30,41,4
POITEM0002329,PO000655,PROD0160,82,13546.48,2026-09-29,2026-10-21,80,1
POITEM0002330,PO000655,PROD0234,3,18193.37,2026-09-29,2026-09-29,2,0
POITEM0002331,PO000655,PROD0029,51,1252.5,2026-09-29,2026-09-28,46,2
POITEM0002332,PO000655,PROD0242,34,69685.22,2026-09-29,2026-10-19,32,0
POITEM0002333,PO000656,PROD0237,34,116678.72,2026-10-06,2026-10-03,33,0
POITEM0002334,PO000657,PROD0229,79,58817.43,2026-09-20,2026-09-16,72,5
POITEM0002335,PO000657,PROD0022,58,125204.47,2026-09-20,2026-09-29,56,0
POITEM0002336,PO000658,PROD0069,98,6337.69,2026-10-17,2026-10-20,93,0
POITEM0002337,PO000659,PROD0015,91,81588.88,2026-10-15,2026-11-01,82,7
POITEM0002338,PO000660,PROD0152,28,59464.38,2026-10-01,2026-10-01,27,1
POITEM0002339,PO000660,PROD0215,48,151009.74,2026-10-01,2026-10-20,43,1
POITEM0002340,PO000660,PROD0181,71,142236.16,2026-10-01,2026-10-16,70,0
POITEM0002341,PO000660,PROD0070,8,89134.99,2026-10-01,2026-10-15,7,1
POITEM0002342,PO000660,PROD0026,92,57934.15,2026-10-01,2026-10-15,91,1
POITEM0002343,PO000660,PROD0145,13,2780.87,2026-10-01,2026-10-26,12,0
POITEM0002344,PO000661,PROD0193,70,138296.59,2026-10-19,2026-11-13,65,3
POITEM0002345,PO000661,PROD0071,4,124569.65,2026-10-19,2026-11-01,3,1
POITEM0002346,PO000662,PROD0191,33,4591.95,2026-09-27,2026-10-19,32,1
POITEM0002347,PO000662,PROD0100,27,135270.66,2026-09-27,2026-09-27,26,0
POITEM0002348,PO000663,PROD0021,39,112888.51,2026-10-08,2026-10-28,38,0
POITEM0002349,PO000663,PROD0127,24,167178.72,2026-10-08,2026-10-12,21,0
POITEM0002350,PO000663,PROD0216,34,104937.1,2026-10-08,2026-10-29,31,1
POITEM0002351,PO000664,PROD0108,14,96750.98,2026-10-11,2026-10-23,13,0
POITEM0002352,PO000664,PROD0026,5,70991.79,2026-10-11,2026-10-12,4,1
POITEM0002353,PO000665,PROD0135,49,36433.98,2026-09-28,2026-09-29,45,0
POITEM0002354,PO000665,PROD0111,61,96416.2,2026-09-28,2026-09-23,57,1
POITEM0002355,PO000665,PROD0026,70,76807.94,2026-09-28,2026-10-05,64,3
POITEM0002356,PO000665,PROD0177,89,147199.43,2026-09-28,2026-10-13,82,2
POITEM0002357,PO000666,PROD0240,20,14477.24,2026-09-19,2026-10-08,19,0
POITEM0002358,PO000667,PROD0153,43,128643.29,2026-10-08,2026-10-27,41,0
POITEM0002359,PO000668,PROD0229,18,64751.25,2026-09-22,2026-09-19,17,1
POITEM0002360,PO000668,PROD0206,26,137792.47,2026-09-22,2026-09-30,23,0
POITEM0002361,PO000668,PROD0107,2,14850.83,2026-09-22,2026-09-27,1,1
POITEM0002362,PO000668,PROD0185,61,79599.16,2026-09-22,2026-10-06,57,2
POITEM0002363,PO000669,PROD0016,13,132038.37,2026-10-01,2026-10-11,11,0
POITEM0002364,PO000670,PROD0086,73,107283.21,2026-09-14,2026-10-09,72,0
POITEM0002365,PO000670,PROD0245,4,54492.35,2026-09-14,2026-10-04,3,1
POITEM0002366,PO000671,PROD0158,12,116538.42,2026-10-12,2026-10-13,11,0
POITEM0002367,PO000671,PROD0119,84,110195.16,2026-10-12,2026-10-21,79,1
POITEM0002368,PO000672,PROD0024,27,17457.4,2026-10-11,2026-10-23,24,3
POITEM0002369,PO000672,PROD0028,73,145481.92,2026-10-11,2026-10-07,70,3
POITEM0002370,PO000673,PROD0168,50,91211.02,2026-10-21,2026-10-31,46,1
POITEM0002371,PO000674,PROD0031,33,77811.76,2026-10-05,2026-10-10,31,2
POITEM0002372,PO000674,PROD0007,100,64745.17,2026-10-05,2026-10-08,99,1
POITEM0002373,PO000675,PROD0127,15,165936.11,2026-10-06,2026-10-19,14,0
POITEM0002374,PO000676,PROD0207,1,90599.25,2026-10-16,2026-10-25,0,1
POITEM0002375,PO000676,PROD0247,40,98422.13,2026-10-16,2026-10-18,37,3
POITEM0002376,PO000676,PROD0018,7,28190.92,2026-10-16,2026-10-15,6,0
POITEM0002377,PO000676,PROD0122,98,96280.41,2026-10-16,2026-10-20,89,4
POITEM0002378,PO000676,PROD0214,17,172585.74,2026-10-16,2026-10-16,16,1
POITEM0002379,PO000677,PROD0024,51,14563.7,2026-10-13,2026-10-08,48,1
POITEM0002380,PO000677,PROD0166,44,113015.7,2026-10-13,2026-10-13,43,0
POITEM0002381,PO000678,PROD0070,94,82609.3,2026-10-10,2026-11-03,92,2
POITEM0002382,PO000678,PROD0194,94,58045.42,2026-10-10,2026-10-05,85,9
POITEM0002383,PO000678,PROD0022,35,166516.24,2026-10-10,2026-10-14,33,2
POITEM0002384,PO000678,PROD0037,58,75246.55,2026-10-10,2026-10-30,54,3
POITEM0002385,PO000678,PROD0245,24,71392.74,2026-10-10,2026-10-17,22,2
POITEM0002386,PO000679,PROD0054,87,68110.92,2026-10-18,2026-10-18,79,6
POITEM0002387,PO000680,PROD0161,17,89441.87,2026-09-28,2026-10-08,16,1
POITEM0002388,PO000680,PROD0091,11,14599.38,2026-09-28,2026-10-13,10,1
POITEM0002389,PO000680,PROD0081,78,46947.16,2026-09-28,2026-10-19,72,2
POITEM0002390,PO000680,PROD0025,93,42010.89,2026-09-28,2026-10-10,86,0
POITEM0002391,PO000680,PROD0058,87,142290.67,2026-09-28,2026-09-27,82,2
POITEM0002392,PO000680,PROD0237,45,118280.6,2026-09-28,2026-10-19,44,1
POITEM0002393,PO000681,PROD0139,17,100163.18,2026-09-29,2026-09-27,16,0
POITEM0002394,PO000681,PROD0090,74,45205.22,2026-09-29,2026-10-15,66,1
POITEM0002395,PO000681,PROD0029,41,1014.98,2026-09-29,2026-10-24,39,2
POITEM0002396,PO000681,PROD0098,75,129561.15,2026-09-29,2026-10-23,68,1
POITEM0002397,PO000681,PROD0010,22,10076.65,2026-09-29,2026-10-19,19,3
POITEM0002398,PO000682,PROD0226,94,128401.69,2026-09-30,2026-10-14,85,8
POITEM0002399,PO000682,PROD0104,53,139792.52,2026-09-30,2026-10-03,50,3
POITEM0002400,PO000682,PROD0194,72,55246.95,2026-09-30,2026-10-08,64,8
POITEM0002401,PO000682,PROD0180,87,138897.61,2026-09-30,2026-10-08,78,2
POITEM0002402,PO000682,PROD0074,28,39321.43,2026-09-30,2026-10-09,27,1
POITEM0002403,PO000683,PROD0233,2,2309.81,2026-09-25,2026-10-06,1,1
POITEM0002404,PO000684,PROD0117,66,50871.28,2026-09-20,2026-10-08,61,1
POITEM0002405,PO000684,PROD0067,57,58061.39,2026-09-20,2026-10-11,56,0
POITEM0002406,PO000684,PROD0007,73,60650.66,2026-09-20,2026-09-18,70,0
POITEM0002407,PO000685,PROD0075,17,118183.78,2026-09-25,2026-09-22,16,1
POITEM0002408,PO000685,PROD0159,39,90136.36,2026-09-25,2026-09-21,36,0
POITEM0002409,PO000685,PROD0217,52,59036.7,2026-09-25,2026-10-08,51,0
POITEM0002410,PO000685,PROD0146,51,126321.75,2026-09-25,2026-10-09,48,1
POITEM0002411,PO000686,PROD0202,30,76800.91,2026-09-24,2026-09-27,27,2
POITEM0002412,PO000686,PROD0084,66,133190.87,2026-09-24,2026-10-02,65,1
POITEM0002413,PO000687,PROD0242,21,61975.06,2026-10-11,2026-10-09,20,0
POITEM0002414,PO000687,PROD0244,74,57515.52,2026-10-11,2026-11-05,67,6
POITEM0002415,PO000687,PROD0011,41,44658.01,2026-10-11,2026-10-14,38,3
POITEM0002416,PO000687,PROD0130,24,90305.38,2026-10-11,2026-10-10,22,2
POITEM0002417,PO000688,PROD0044,9,39993.83,2026-10-14,2026-10-14,8,0
POITEM0002418,PO000689,PROD0187,2,86431.49,2026-10-12,2026-10-18,1,1
POITEM0002419,PO000689,PROD0126,1,36085.48,2026-10-12,2026-11-04,0,0
POITEM0002420,PO000689,PROD0176,98,91374.45,2026-10-12,2026-10-13,88,0
POITEM0002421,PO000689,PROD0241,8,86653.42,2026-10-12,2026-10-07,7,0
POITEM0002422,PO000689,PROD0191,71,4141.86,2026-10-12,2026-10-23,65,3
POITEM0002423,PO000689,PROD0038,32,130196.94,2026-10-12,2026-11-01,30,1
POITEM0002424,PO000690,PROD0183,79,48260.17,2026-09-22,2026-09-17,73,0
POITEM0002425,PO000690,PROD0104,67,138834.03,2026-09-22,2026-10-03,64,0
POITEM0002426,PO000690,PROD0117,16,55879.79,2026-09-22,2026-09-25,15,0
POITEM0002427,PO000690,PROD0062,52,91562.17,2026-09-22,2026-10-12,49,0
POITEM0002428,PO000690,PROD0152,3,61488.25,2026-09-22,2026-10-05,2,0
POITEM0002429,PO000690,PROD0029,50,1048.08,2026-09-22,2026-10-05,49,0
POITEM0002430,PO000691,PROD0036,64,57836.68,2026-09-24,2026-09-25,60,3
POITEM0002431,PO000691,PROD0176,95,82149.97,2026-09-24,2026-10-15,87,8
POITEM0002432,PO000692,PROD0187,6,74611.96,2026-09-20,2026-09-27,5,0
POITEM0002433,PO000692,PROD0118,70,118278.49,2026-09-20,2026-10-10,69,1
POITEM0002434,PO000692,PROD0190,39,97048.09,2026-09-20,2026-10-02,36,0
POITEM0002435,PO000692,PROD0184,71,16441.79,2026-09-20,2026-09-28,65,3
POITEM0002436,PO000692,PROD0159,34,85877.81,2026-09-20,2026-09-27,31,1
POITEM0002437,PO000693,PROD0013,3,142630.65,2026-10-11,2026-11-04,2,1
POITEM0002438,PO000694,PROD0057,93,105257.3,2026-09-19,2026-10-10,91,0
POITEM0002439,PO000694,PROD0064,58,86893.53,2026-09-19,2026-09-16,54,0
POITEM0002440,PO000694,PROD0112,67,121878.03,2026-09-19,2026-10-12,61,0
POITEM0002441,PO000694,PROD0031,41,58894.25,2026-09-19,2026-09-16,38,2
POITEM0002442,PO000694,PROD0228,89,87605.46,2026-09-19,2026-09-22,80,5
POITEM0002443,PO000694,PROD0025,65,38013.57,2026-09-19,2026-09-18,61,4
POITEM0002444,PO000695,PROD0039,25,56148.42,2026-10-02,2026-10-17,24,1
POITEM0002445,PO000695,PROD0250,86,101286.93,2026-10-02,2026-09-27,84,0
POITEM0002446,PO000695,PROD0005,47,123316.72,2026-10-02,2026-10-03,44,2
POITEM0002447,PO000696,PROD0072,53,3096.56,2026-10-18,2026-10-13,50,3
POITEM0002448,PO000696,PROD0106,42,1681.52,2026-10-18,2026-10-25,39,2
POITEM0002449,PO000697,PROD0149,35,128209.94,2026-10-06,2026-10-28,33,1
POITEM0002450,PO000697,PROD0228,56,92512.2,2026-10-06,2026-10-15,55,0
POITEM0002451,PO000697,PROD0181,92,126515.53,2026-10-06,2026-10-02,91,0
POITEM0002452,PO000698,PROD0141,18,173981.16,2026-10-10,2026-10-13,16,2
POITEM0002453,PO000699,PROD0005,12,134676.68,2026-10-08,2026-10-25,11,0
POITEM0002454,PO000699,PROD0208,18,59991.3,2026-10-08,2026-10-23,16,0
POITEM0002455,PO000699,PROD0036,66,47499.42,2026-10-08,2026-10-17,62,4
POITEM0002456,PO000699,PROD0181,99,150215.15,2026-10-08,2026-10-12,91,0
POITEM0002457,PO000699,PROD0198,20,37143.72,2026-10-08,2026-11-02,18,1
POITEM0002458,PO000699,PROD0139,19,84237.65,2026-10-08,2026-10-04,17,2
POITEM0002459,PO000700,PROD0129,64,132665.51,2026-10-13,2026-10-16,59,5
POITEM0002460,PO000700,PROD0228,42,96057.04,2026-10-13,2026-11-05,39,1
POITEM0002461,PO000700,PROD0018,60,26015.25,2026-10-13,2026-10-15,55,2
POITEM0002462,PO000701,PROD0249,29,69753.34,2026-09-23,2026-09-29,27,1
POITEM0002463,PO000701,PROD0050,3,43036.62,2026-09-23,2026-09-18,2,1
POITEM0002464,PO000701,PROD0106,12,1838.45,2026-09-23,2026-09-23,11,0
POITEM0002465,PO000701,PROD0080,99,23252.17,2026-09-23,2026-10-05,96,1
POITEM0002466,PO000701,PROD0041,71,157787.2,2026-09-23,2026-10-10,64,5
POITEM0002467,PO000701,PROD0244,14,72999.26,2026-09-23,2026-10-05,12,0
POITEM0002468,PO000702,PROD0108,81,108365.61,2026-09-22,2026-09-27,78,2
POITEM0002469,PO000702,PROD0241,73,68951.5,2026-09-22,2026-09-17,71,1
POITEM0002470,PO000702,PROD0018,86,24197.6,2026-09-22,2026-10-14,84,1
POITEM0002471,PO000702,PROD0161,15,95439.57,2026-09-22,2026-10-15,13,0
POITEM0002472,PO000702,PROD0046,8,5086.18,2026-09-22,2026-10-01,7,0
POITEM0002473,PO000702,PROD0202,29,70105.58,2026-09-22,2026-09-18,26,2
POITEM0002474,PO000703,PROD0105,17,90014.41,2026-10-03,2026-10-15,16,0
POITEM0002475,PO000703,PROD0007,67,65801.41,2026-10-03,2026-10-02,61,3
POITEM0002476,PO000703,PROD0014,12,117101.98,2026-10-03,2026-09-28,11,0
POITEM0002477,PO000703,PROD0022,93,125742.6,2026-10-03,2026-10-26,87,5
POITEM0002478,PO000704,PROD0052,17,40749.74,2026-09-25,2026-10-08,15,2
POITEM0002479,PO000704,PROD0232,81,113322.68,2026-09-25,2026-10-03,76,0
POITEM0002480,PO000705,PROD0023,84,59261.04,2026-09-21,2026-10-14,83,1
POITEM0002481,PO000705,PROD0033,69,21140.34,2026-09-21,2026-10-08,63,2
POITEM0002482,PO000705,PROD0008,2,99438.56,2026-09-21,2026-10-01,1,1
POITEM0002483,PO000706,PROD0193,99,118066.46,2026-10-11,2026-11-03,94,5
POITEM0002484,PO000706,PROD0084,97,152814.89,2026-10-11,2026-10-14,95,1
POITEM0002485,PO000706,PROD0058,49,135742.72,2026-10-11,2026-10-29,45,0
POITEM0002486,PO000706,PROD0245,40,67308.98,2026-10-11,2026-10-26,37,1
POITEM0002487,PO000707,PROD0113,29,85537.97,2026-10-17,2026-11-08,28,1
POITEM0002488,PO000707,PROD0108,50,85016.45,2026-10-17,2026-11-07,47,0
POITEM0002489,PO000708,PROD0160,12,14399.12,2026-09-23,2026-09-28,11,0
POITEM0002490,PO000709,PROD0094,64,109869.54,2026-09-29,2026-10-17,59,5
POITEM0002491,PO000710,PROD0053,20,25630.58,2026-09-24,2026-09-27,18,0
POITEM0002492,PO000710,PROD0247,45,98019.52,2026-09-24,2026-10-06,43,1
POITEM0002493,PO000710,PROD0188,11,91799.31,2026-09-24,2026-10-04,10,1
POITEM0002494,PO000710,PROD0080,69,19472.86,2026-09-24,2026-09-24,66,1
POITEM0002495,PO000710,PROD0126,41,40116.74,2026-09-24,2026-10-13,40,0
POITEM0002496,PO000710,PROD0217,96,56032.12,2026-09-24,2026-10-10,93,1
POITEM0002497,PO000711,PROD0172,58,130931.64,2026-09-28,2026-09-23,53,4
POITEM0002498,PO000711,PROD0244,51,67725.01,2026-09-28,2026-10-20,47,3
POITEM0002499,PO000711,PROD0047,91,98949.41,2026-09-28,2026-10-18,89,1
POITEM0002500,PO000711,PROD0101,45,103828.32,2026-09-28,2026-10-22,43,2
POITEM0002501,PO000712,PROD0244,36,68879.53,2026-10-16,2026-10-13,32,4
POITEM0002502,PO000712,PROD0040,57,137482.14,2026-10-16,2026-11-08,54,3
POITEM0002503,PO000712,PROD0220,70,36637.05,2026-10-16,2026-10-25,64,4
POITEM0002504,PO000712,PROD0034,35,53327.76,2026-10-16,2026-11-05,32,2
POITEM0002505,PO000713,PROD0120,21,121441.82,2026-10-09,2026-10-22,19,0
POITEM0002506,PO000713,PROD0213,82,3523.0,2026-10-09,2026-10-10,81,1
POITEM0002507,PO000713,PROD0021,2,145008.72,2026-10-09,2026-10-05,1,1
POITEM0002508,PO000713,PROD0170,14,39367.02,2026-10-09,2026-10-29,13,1
POITEM0002509,PO000714,PROD0145,17,2835.52,2026-09-17,2026-09-19,16,1
POITEM0002510,PO000714,PROD0124,35,49454.82,2026-09-17,2026-10-07,33,0
POITEM0002511,PO000714,PROD0078,40,68741.13,2026-09-17,2026-09-13,38,1
POITEM0002512,PO000714,PROD0250,93,104112.24,2026-09-17,2026-09-25,87,5
POITEM0002513,PO000714,PROD0038,97,111967.92,2026-09-17,2026-09-24,87,8
POITEM0002514,PO000715,PROD0243,20,28814.82,2026-09-19,2026-09-16,18,1
POITEM0002515,PO000715,PROD0029,82,1169.54,2026-09-19,2026-09-27,76,6
POITEM0002516,PO000716,PROD0155,46,27245.8,2026-10-07,2026-10-07,42,2
POITEM0002517,PO000716,PROD0189,33,48505.45,2026-10-07,2026-10-20,32,0
POITEM0002518,PO000716,PROD0193,3,112960.33,2026-10-07,2026-10-14,2,1
POITEM0002519,PO000717,PROD0165,99,119536.48,2026-10-21,2026-10-19,97,0
POITEM0002520,PO000717,PROD0210,86,43191.53,2026-10-21,2026-11-07,81,4
POITEM0002521,PO000717,PROD0023,64,42642.41,2026-10-21,2026-11-09,61,1
POITEM0002522,PO000718,PROD0141,32,168894.66,2026-10-14,2026-10-09,31,1
POITEM0002523,PO000718,PROD0021,30,133299.91,2026-10-14,2026-10-18,27,1
POITEM0002524,PO000718,PROD0136,44,97009.57,2026-10-14,2026-10-30,39,4
POITEM0002525,PO000718,PROD0038,37,100523.98,2026-10-14,2026-10-25,33,4
POITEM0002526,PO000718,PROD0119,23,92997.76,2026-10-14,2026-11-01,21,0
POITEM0002527,PO000719,PROD0133,69,106247.79,2026-09-16,2026-09-11,66,3
POITEM0002528,PO000719,PROD0071,52,120372.54,2026-09-16,2026-09-19,50,0
POITEM0002529,PO000719,PROD0151,45,39592.97,2026-09-16,2026-10-08,43,0
POITEM0002530,PO000719,PROD0206,13,140530.81,2026-09-16,2026-09-12,12,0
POITEM0002531,PO000719,PROD0108,12,98203.4,2026-09-16,2026-09-16,11,1
POITEM0002532,PO000720,PROD0051,36,130175.16,2026-09-16,2026-09-13,33,1
POITEM0002533,PO000720,PROD0169,32,65987.51,2026-09-16,2026-10-08,28,0
POITEM0002534,PO000720,PROD0192,16,6431.75,2026-09-16,2026-10-03,15,1
POITEM0002535,PO000721,PROD0080,79,24537.26,2026-09-17,2026-10-05,78,1
POITEM0002536,PO000722,PROD0211,31,81734.12,2026-09-19,2026-09-29,28,1
POITEM0002537,PO000723,PROD0183,94,66480.55,2026-09-25,2026-10-10,90,4
POITEM0002538,PO000724,PROD0014,8,134444.44,2026-10-18,2026-11-04,7,0
POITEM0002539,PO000724,PROD0015,14,105509.53,2026-10-18,2026-11-01,13,1
POITEM0002540,PO000724,PROD0052,71,43742.74,2026-10-18,2026-11-08,67,4
POITEM0002541,PO000724,PROD0042,80,32770.53,2026-10-18,2026-11-01,74,0
POITEM0002542,PO000725,PROD0023,36,56393.65,2026-10-12,2026-10-08,34,0
POITEM0002543,PO000726,PROD0077,61,107169.19,2026-10-18,2026-11-08,55,0
POITEM0002544,PO000726,PROD0236,31,6334.06,2026-10-18,2026-10-16,29,2
POITEM0002545,PO000727,PROD0192,60,6960.26,2026-10-11,2026-10-30,57,3
POITEM0002546,PO000727,PROD0026,6,62498.65,2026-10-11,2026-10-30,5,0
POITEM0002547,PO000727,PROD0151,81,38771.07,2026-10-11,,80,1
POITEM0002548,PO000727,PROD0211,20,65507.99,2026-10-11,2026-10-30,18,1
POITEM0002549,PO000728,PROD0184,34,14076.0,2026-10-06,2026-10-04,32,2
POITEM0002550,PO000728,PROD0158,83,116433.69,2026-10-06,2026-10-10,80,3
POITEM0002551,PO000728,PROD0193,68,118133.04,2026-10-06,2026-10-11,63,2
POITEM0002552,PO000728,PROD0014,2,109125.7,2026-10-06,2026-10-21,1,0
POITEM0002553,PO000728,PROD0185,10,75148.07,2026-10-06,2026-10-07,9,1
POITEM0002554,PO000728,PROD0130,44,113448.28,2026-10-06,2026-10-08,43,1
POITEM0002555,PO000729,PROD0043,22,76847.95,2026-09-28,2026-10-10,20,2
POITEM0002556,PO000729,PROD0181,87,117595.55,2026-09-28,2026-10-20,84,3
POITEM0002557,PO000729,PROD0031,67,73856.73,2026-09-28,2026-10-16,61,0
POITEM0002558,PO000729,PROD0006,61,38162.85,2026-09-28,2026-09-27,60,1
POITEM0002559,PO000729,PROD0121,77,118495.1,2026-09-28,2026-10-17,71,0
POITEM0002560,PO000730,PROD0059,55,38230.55,2026-09-29,2026-09-24,50,4
POITEM0002561,PO000730,PROD0120,89,113480.49,2026-09-29,2026-10-10,88,0
POITEM0002562,PO000730,PROD0029,100,1345.65,2026-09-29,2026-10-13,97,3
POITEM0002563,PO000730,PROD0243,20,22661.91,2026-09-29,2026-09-28,19,0
POITEM0002564,PO000730,PROD0107,87,15696.68,2026-09-29,2026-10-13,81,6
POITEM0002565,PO000730,PROD0028,76,137980.16,2026-09-29,2026-10-14,69,6
POITEM0002566,PO000731,PROD0124,16,63650.5,2026-09-15,2026-09-27,15,0
POITEM0002567,PO000731,PROD0126,63,33910.15,2026-09-15,2026-09-20,57,6
POITEM0002568,PO000731,PROD0199,30,86339.37,2026-09-15,2026-09-11,27,3
POITEM0002569,PO000732,PROD0144,1,60318.3,2026-09-21,2026-09-21,0,1
POITEM0002570,PO000732,PROD0222,71,91885.69,2026-09-21,2026-09-16,64,5
POITEM0002571,PO000732,PROD0028,46,139338.23,2026-09-21,2026-09-30,45,0
POITEM0002572,PO000732,PROD0231,2,52428.28,2026-09-21,2026-09-21,1,1
POITEM0002573,PO000733,PROD0223,28,107834.54,2026-09-27,2026-10-20,25,3
POITEM0002574,PO000733,PROD0076,24,22581.16,2026-09-27,2026-09-27,23,0
POITEM0002575,PO000733,PROD0050,51,46066.89,2026-09-27,2026-10-10,48,0
POITEM0002576,PO000733,PROD0205,50,124919.88,2026-09-27,2026-10-11,48,2
POITEM0002577,PO000733,PROD0197,98,107707.29,2026-09-27,2026-10-04,91,5
POITEM0002578,PO000733,PROD0035,59,127360.75,2026-09-27,2026-09-30,53,3
POITEM0002579,PO000734,PROD0121,88,110564.51,2026-10-15,2026-10-21,86,0
POITEM0002580,PO000734,PROD0006,56,84247.2,2026-10-15,2026-10-29,53,0
POITEM0002581,PO000734,PROD0100,32,108069.03,2026-10-15,2026-10-28,29,2
POITEM0002582,PO000734,PROD0206,90,172017.32,2026-10-15,2026-11-02,86,1
POITEM0002583,PO000734,PROD0114,12,36999.2,2026-10-15,2026-10-20,11,0
POITEM0002584,PO000734,PROD0175,95,86828.37,2026-10-15,2026-10-13,93,1
POITEM0002585,PO000735,PROD0211,10,57498.39,2026-09-15,2026-09-10,9,1
POITEM0002586,PO000735,PROD0038,2,125560.2,2026-09-15,2026-09-16,1,0
POITEM0002587,PO000735,PROD0100,47,129426.63,2026-09-15,2026-09-11,43,4
POITEM0002588,PO000736,PROD0229,37,77688.47,2026-10-20,2026-11-11,33,1
POITEM0002589,PO000736,PROD0201,90,8489.9,2026-10-20,2026-11-07,82,1
POITEM0002590,PO000736,PROD0041,80,163844.76,2026-10-20,2026-11-01,73,3
POITEM0002591,PO000737,PROD0036,65,45836.87,2026-10-19,2026-10-16,61,1
POITEM0002592,PO000737,PROD0074,4,41404.64,2026-10-19,2026-10-14,3,1
POITEM0002593,PO000737,PROD0139,14,87916.08,2026-10-19,2026-11-06,13,1
POITEM0002594,PO000737,PROD0219,77,24733.24,2026-10-19,2026-11-08,76,0
POITEM0002595,PO000737,PROD0075,2,87967.27,2026-10-19,2026-10-24,1,0
POITEM0002596,PO000738,PROD0038,13,99486.03,2026-09-24,2026-09-30,11,0
POITEM0002597,PO000739,PROD0122,92,95811.77,2026-10-19,2026-10-31,88,3
POITEM0002598,PO000739,PROD0185,90,99969.4,2026-10-19,2026-10-23,83,6
POITEM0002599,PO000739,PROD0094,92,97774.89,2026-10-19,2026-11-08,86,1
POITEM0002600,PO000739,PROD0196,30,97481.47,2026-10-19,2026-11-04,27,2
POITEM0002601,PO000740,PROD0080,12,20050.02,2026-10-09,2026-10-06,11,0
POITEM0002602,PO000740,PROD0141,42,151773.51,2026-10-09,2026-10-04,38,0
POITEM0002603,PO000741,PROD0234,34,21281.17,2026-10-21,2026-11-09,31,1
POITEM0002604,PO000741,PROD0128,63,71321.88,2026-10-21,2026-11-01,57,6
POITEM0002605,PO000741,PROD0108,75,110771.75,2026-10-21,2026-11-10,74,1
POITEM0002606,PO000742,PROD0082,61,15698.13,2026-10-16,2026-10-18,60,1
POITEM0002607,PO000743,PROD0191,15,4817.54,2026-09-27,2026-09-26,14,0
POITEM0002608,PO000743,PROD0196,58,87847.44,2026-09-27,2026-10-21,53,3
POITEM0002609,PO000743,PROD0235,43,6473.36,2026-09-27,2026-10-17,40,0
POITEM0002610,PO000744,PROD0060,48,96935.9,2026-10-15,2026-11-03,43,4
POITEM0002611,PO000744,PROD0152,64,51573.07,2026-10-15,2026-10-26,60,0
POITEM0002612,PO000745,PROD0093,49,157796.13,2026-09-21,2026-10-13,44,5
POITEM0002613,PO000745,PROD0067,6,43468.98,2026-09-21,2026-10-10,5,1
POITEM0002614,PO000745,PROD0040,21,135401.97,2026-09-21,2026-09-23,19,2
POITEM0002615,PO000746,PROD0005,38,124808.77,2026-09-16,2026-09-24,37,1
POITEM0002616,PO000746,PROD0040,99,171803.0,2026-09-16,2026-09-19,92,6
POITEM0002617,PO000746,PROD0076,99,29184.75,2026-09-16,2026-09-25,94,3
POITEM0002618,PO000746,PROD0202,19,89387.83,2026-09-16,2026-09-12,18,1
POITEM0002619,PO000747,PROD0114,14,37140.13,2026-10-10,2026-10-05,12,1
POITEM0002620,PO000748,PROD0016,65,113161.9,2026-10-18,2026-10-27,61,0
POITEM0002621,PO000748,PROD0212,47,14308.52,2026-10-18,2026-10-25,44,2
POITEM0002622,PO000749,PROD0124,93,65323.56,2026-10-16,2026-10-12,92,0
POITEM0002623,PO000749,PROD0137,13,38620.65,2026-10-16,2026-10-26,12,1
POITEM0002624,PO000749,PROD0165,40,147375.21,2026-10-16,2026-10-18,39,0
POITEM0002625,PO000749,PROD0193,100,153548.98,2026-10-16,2026-10-16,96,3
POITEM0002626,PO000749,PROD0059,38,33844.54,2026-10-16,2026-11-06,37,0
POITEM0002627,PO000749,PROD0171,39,108408.08,2026-10-16,2026-10-27,38,1
POITEM0002628,PO000750,PROD0118,73,135975.65,2026-10-19,2026-10-19,68,2
POITEM0002629,PO000750,PROD0172,34,133963.56,2026-10-19,2026-11-07,32,1
POITEM0002630,PO000750,PROD0047,88,93770.23,2026-10-19,2026-10-30,81,6
POITEM0002631,PO000750,PROD0099,19,153681.04,2026-10-19,2026-11-11,18,1
POITEM0002632,PO000750,PROD0013,24,171021.91,2026-10-19,2026-10-31,22,2
POITEM0002633,PO000750,PROD0042,39,45406.72,2026-10-19,2026-10-15,37,1
POITEM0002634,PO000751,PROD0110,58,23022.35,2026-10-05,2026-10-20,52,3
POITEM0002635,PO000751,PROD0065,88,13050.87,2026-10-05,2026-10-06,87,0
POITEM0002636,PO000751,PROD0035,62,156049.1,2026-10-05,2026-10-30,60,0
POITEM0002637,PO000751,PROD0003,91,44995.96,2026-10-05,2026-10-06,88,2
POITEM0002638,PO000752,PROD0187,52,60195.37,2026-09-14,2026-09-24,48,3
POITEM0002639,PO000752,PROD0141,89,155281.16,2026-09-14,2026-09-13,81,5
POITEM0002640,PO000753,PROD0033,93,21305.6,2026-10-11,2026-10-22,85,7
POITEM0002641,PO000753,PROD0056,78,40419.54,2026-10-11,2026-10-07,73,3
POITEM0002642,PO000753,PROD0229,86,68568.18,2026-10-11,2026-10-28,78,0
POITEM0002643,PO000753,PROD0136,34,92869.54,2026-10-11,2026-10-22,33,1
POITEM0002644,PO000753,PROD0111,76,78884.09,2026-10-11,2026-10-27,74,0
POITEM0002645,PO000754,PROD0015,43,118784.32,2026-10-06,2026-10-25,39,2
POITEM0002646,PO000754,PROD0178,100,93244.95,2026-10-06,2026-10-08,96,2
POITEM0002647,PO000755,PROD0089,4,98269.62,2026-09-16,2026-10-02,3,0
POITEM0002648,PO000756,PROD0052,11,37852.27,2026-10-04,2026-10-29,10,1
POITEM0002649,PO000756,PROD0148,77,131124.67,2026-10-04,2026-10-26,76,1
POITEM0002650,PO000756,PROD0108,55,123029.07,2026-10-04,2026-10-29,50,2
POITEM0002651,PO000756,PROD0191,100,4530.75,2026-10-04,2026-09-29,91,5
POITEM0002652,PO000757,PROD0175,95,73579.45,2026-09-14,2026-09-19,93,1
POITEM0002653,PO000757,PROD0168,58,105542.15,2026-09-14,2026-09-10,52,5
POITEM0002654,PO000758,PROD0129,64,132063.46,2026-10-17,2026-11-03,63,1
POITEM0002655,PO000758,PROD0153,45,140693.14,2026-10-17,2026-10-20,42,1
POITEM0002656,PO000758,PROD0226,56,101479.18,2026-10-17,2026-11-08,55,0
POITEM0002657,PO000758,PROD0119,76,114864.51,2026-10-17,2026-11-03,70,6
POITEM0002658,PO000759,PROD0062,68,83309.57,2026-09-22,2026-09-25,61,2
POITEM0002659,PO000760,PROD0123,52,12701.52,2026-10-16,2026-11-03,49,1
POITEM0002660,PO000760,PROD0054,59,89742.74,2026-10-16,2026-11-03,56,1
POITEM0002661,PO000761,PROD0016,23,155202.11,2026-09-30,2026-09-30,21,2
POITEM0002662,PO000761,PROD0181,19,151326.74,2026-09-30,2026-10-10,18,0
POITEM0002663,PO000762,PROD0195,10,17606.72,2026-09-30,2026-10-21,9,1
POITEM0002664,PO000763,PROD0167,55,115555.56,2026-10-07,2026-10-21,49,0
POITEM0002665,PO000763,PROD0228,63,91302.71,2026-10-07,2026-10-05,60,3
POITEM0002666,PO000763,PROD0126,22,45787.18,2026-10-07,2026-10-03,20,1
POITEM0002667,PO000764,PROD0158,70,122859.55,2026-10-14,2026-10-20,66,0
POITEM0002668,PO000764,PROD0227,37,97221.16,2026-10-14,2026-10-17,35,2
POITEM0002669,PO000765,PROD0148,48,174674.41,2026-09-25,2026-09-25,45,0
POITEM0002670,PO000765,PROD0142,55,156218.71,2026-09-25,2026-10-20,52,0
POITEM0002671,PO000765,PROD0060,27,111111.93,2026-09-25,2026-10-08,24,1
POITEM0002672,PO000765,PROD0009,24,30524.58,2026-09-25,2026-09-20,21,1
POITEM0002673,PO000766,PROD0106,13,1773.5,2026-09-28,2026-10-21,12,1
POITEM0002674,PO000766,PROD0247,24,89068.14,2026-09-28,2026-10-14,23,1
POITEM0002675,PO000766,PROD0146,35,136192.24,2026-09-28,2026-10-08,33,0
POITEM0002676,PO000766,PROD0204,8,87520.85,2026-09-28,2026-10-06,7,0
POITEM0002677,PO000766,PROD0141,10,167968.18,2026-09-28,2026-10-07,9,1
POITEM0002678,PO000766,PROD0004,98,77304.93,2026-09-28,2026-09-23,95,1
POITEM0002679,PO000767,PROD0103,25,22079.01,2026-10-08,2026-10-17,22,0
POITEM0002680,PO000768,PROD0176,5,64587.1,2026-10-02,2026-10-06,4,0
POITEM0002681,PO000768,PROD0003,27,48740.52,2026-10-02,2026-10-02,25,1
POITEM0002682,PO000768,PROD0241,59,62944.53,2026-10-02,2026-10-02,55,2
POITEM0002683,PO000769,PROD0097,15,123867.66,2026-09-14,2026-10-06,14,1
POITEM0002684,PO000769,PROD0148,21,165720.5,2026-09-14,2026-09-27,19,1
POITEM0002685,PO000769,PROD0058,57,134292.81,2026-09-14,2026-09-22,54,1
POITEM0002686,PO000770,PROD0002,5,89224.21,2026-10-04,2026-10-22,4,1
POITEM0002687,PO000770,PROD0139,97,106659.34,2026-10-04,2026-10-28,95,1
POITEM0002688,PO000770,PROD0057,34,102492.1,2026-10-04,2026-09-30,31,1
POITEM0002689,PO000770,PROD0246,45,110603.81,2026-10-04,2026-10-18,43,2
POITEM0002690,PO000770,PROD0145,79,2487.61,2026-10-04,2026-10-25,74,4
POITEM0002691,PO000771,PROD0028,29,120304.71,2026-10-07,2026-10-25,27,2
POITEM0002692,PO000771,PROD0179,29,104639.9,2026-10-07,2026-10-06,28,1
POITEM0002693,PO000771,PROD0155,90,26580.12,2026-10-07,2026-10-07,85,3
POITEM0002694,PO000772,PROD0139,12,104250.38,2026-09-28,2026-09-28,11,0
POITEM0002695,PO000772,PROD0221,50,96469.0,2026-09-28,2026-09-30,47,2
POITEM0002696,PO000773,PROD0013,55,158634.83,2026-10-11,2026-10-07,52,1
POITEM0002697,PO000773,PROD0077,56,108538.62,2026-10-11,2026-10-28,51,3
POITEM0002698,PO000773,PROD0250,58,97257.43,2026-10-11,2026-10-18,53,5
POITEM0002699,PO000773,PROD0198,43,39459.06,2026-10-11,2026-11-01,40,1
POITEM0002700,PO000773,PROD0145,59,2975.04,2026-10-11,2026-11-02,56,1
POITEM0002701,PO000773,PROD0210,71,44874.06,2026-10-11,2026-10-26,67,2
POITEM0002702,PO000774,PROD0053,34,19676.0,2026-09-25,2026-10-09,31,2
POITEM0002703,PO000774,PROD0151,3,39356.61,2026-09-25,2026-10-04,2,0
POITEM0002704,PO000774,PROD0126,65,37728.42,2026-09-25,2026-10-17,63,2
POITEM0002705,PO000775,PROD0078,96,54482.12,2026-10-10,2026-10-20,87,5
POITEM0002706,PO000775,PROD0209,97,120793.56,2026-10-10,2026-10-18,96,0
POITEM0002707,PO000775,PROD0001,22,5456.75,2026-10-10,2026-10-06,20,2
POITEM0002708,PO000775,PROD0108,2,105224.71,2026-10-10,2026-10-26,1,0
POITEM0002709,PO000776,PROD0246,6,114949.74,2026-10-03,2026-10-03,5,0
POITEM0002710,PO000776,PROD0216,99,100684.05,2026-10-03,2026-09-30,94,2
POITEM0002711,PO000776,PROD0217,100,54880.72,2026-10-03,2026-10-24,99,1
POITEM0002712,PO000776,PROD0044,31,41581.64,2026-10-03,2026-10-17,29,0
POITEM0002713,PO000776,PROD0153,36,121068.96,2026-10-03,2026-10-06,34,2
POITEM0002714,PO000777,PROD0234,21,20311.93,2026-10-03,2026-10-09,20,0
POITEM0002715,PO000777,PROD0009,32,37692.06,2026-10-03,2026-10-04,31,0
POITEM0002716,PO000777,PROD0150,1,112795.82,2026-10-03,2026-10-28,0,0
POITEM0002717,PO000777,PROD0058,32,108475.17,2026-10-03,2026-10-09,31,0
POITEM0002718,PO000777,PROD0045,6,43043.93,2026-10-03,2026-10-02,5,1
POITEM0002719,PO000778,PROD0207,15,87094.08,2026-10-03,2026-10-17,13,2
POITEM0002720,PO000778,PROD0085,29,36656.57,2026-10-03,2026-10-08,26,2
POITEM0002721,PO000778,PROD0089,43,80643.39,2026-10-03,2026-10-23,39,0
POITEM0002722,PO000778,PROD0219,29,20202.54,2026-10-03,2026-10-25,28,1
POITEM0002723,PO000778,PROD0250,75,116103.58,2026-10-03,2026-10-14,70,4
POITEM0002724,PO000778,PROD0016,72,128823.61,2026-10-03,2026-10-07,64,3
POITEM0002725,PO000779,PROD0050,21,46981.33,2026-10-11,2026-10-15,20,0
POITEM0002726,PO000779,PROD0194,51,49150.86,2026-10-11,2026-11-04,46,1
POITEM0002727,PO000779,PROD0199,76,108990.63,2026-10-11,2026-10-19,73,1
POITEM0002728,PO000779,PROD0063,1,82512.07,2026-10-11,2026-10-31,0,0
POITEM0002729,PO000779,PROD0225,45,139448.21,2026-10-11,2026-10-24,42,1
POITEM0002730,PO000780,PROD0033,35,20920.59,2026-09-25,2026-10-14,34,1
POITEM0002731,PO000781,PROD0042,75,38225.99,2026-09-30,2026-09-26,74,1
POITEM0002732,PO000782,PROD0193,41,124960.92,2026-09-14,2026-10-08,40,0
POITEM0002733,PO000782,PROD0154,8,49679.92,2026-09-14,2026-09-12,7,0
POITEM0002734,PO000782,PROD0101,32,116871.14,2026-09-14,2026-10-09,29,3
POITEM0002735,PO000783,PROD0051,40,166850.24,2026-10-13,2026-10-26,39,1
POITEM0002736,PO000783,PROD0020,36,94427.11,2026-10-13,2026-10-13,33,0
POITEM0002737,PO000783,PROD0124,2,64721.18,2026-10-13,2026-10-20,1,0
POITEM0002738,PO000783,PROD0118,77,108153.03,2026-10-13,2026-11-01,76,1
POITEM0002739,PO000784,PROD0024,80,14438.27,2026-10-13,2026-11-02,73,1
POITEM0002740,PO000784,PROD0145,76,2574.13,2026-10-13,2026-10-12,72,1
POITEM0002741,PO000784,PROD0053,51,24177.58,2026-10-13,2026-10-22,45,0
POITEM0002742,PO000784,PROD0231,90,65977.85,2026-10-13,2026-10-15,81,1
POITEM0002743,PO000784,PROD0115,62,96942.11,2026-10-13,2026-10-19,55,3
POITEM0002744,PO000784,PROD0088,93,89719.21,2026-10-13,2026-10-20,92,0
POITEM0002745,PO000785,PROD0219,41,26290.62,2026-09-13,2026-09-12,40,1
POITEM0002746,PO000785,PROD0244,33,55710.23,2026-09-13,2026-09-20,31,0
POITEM0002747,PO000785,PROD0071,19,105105.8,2026-09-13,2026-09-30,18,0
POITEM0002748,PO000785,PROD0122,80,74959.65,2026-09-13,2026-09-21,77,0
POITEM0002749,PO000786,PROD0208,1,50999.23,2026-09-25,2026-10-08,0,0
POITEM0002750,PO000786,PROD0197,85,120618.43,2026-09-25,2026-10-13,77,8
POITEM0002751,PO000786,PROD0059,35,39626.37,2026-09-25,2026-09-30,32,1
POITEM0002752,PO000786,PROD0007,35,73875.46,2026-09-25,2026-09-21,33,0
POITEM0002753,PO000787,PROD0181,9,121880.46,2026-10-14,2026-10-20,8,0
POITEM0002754,PO000787,PROD0028,43,136528.25,2026-10-14,2026-10-20,39,0
POITEM0002755,PO000788,PROD0025,93,37719.35,2026-09-15,2026-10-04,86,2
POITEM0002756,PO000788,PROD0070,13,103880.58,2026-09-15,2026-09-28,12,0
POITEM0002757,PO000788,PROD0054,39,91217.53,2026-09-15,2026-09-17,37,2
POITEM0002758,PO000789,PROD0133,57,89346.89,2026-10-19,2026-10-29,55,2
POITEM0002759,PO000790,PROD0164,78,70250.33,2026-10-12,2026-10-11,74,2
POITEM0002760,PO000790,PROD0036,89,51873.62,2026-10-12,2026-10-30,80,4
POITEM0002761,PO000790,PROD0067,17,49013.4,2026-10-12,2026-10-11,16,0
POITEM0002762,PO000790,PROD0120,65,151917.91,2026-10-12,2026-10-24,59,1
POITEM0002763,PO000791,PROD0210,90,36069.94,2026-10-17,2026-11-10,83,1
POITEM0002764,PO000791,PROD0066,76,150362.48,2026-10-17,2026-10-17,69,0
POITEM0002765,PO000791,PROD0161,39,105025.42,2026-10-17,2026-11-05,35,4
POITEM0002766,PO000791,PROD0205,62,119754.05,2026-10-17,2026-10-27,58,0
POITEM0002767,PO000791,PROD0173,56,151609.94,2026-10-17,2026-10-27,51,5
POITEM0002768,PO000791,PROD0083,49,153370.71,2026-10-17,2026-11-07,45,4
POITEM0002769,PO000792,PROD0247,31,108210.34,2026-10-16,2026-11-04,30,0
POITEM0002770,PO000792,PROD0054,76,66175.02,2026-10-16,2026-10-29,74,2
POITEM0002771,PO000793,PROD0091,80,15285.03,2026-10-11,2026-11-05,73,0
POITEM0002772,PO000793,PROD0025,22,34987.67,2026-10-11,2026-10-16,20,1
POITEM0002773,PO000793,PROD0092,92,152108.41,2026-10-11,2026-10-23,89,2
POITEM0002774,PO000793,PROD0224,56,37532.79,2026-10-11,2026-10-14,53,0
POITEM0002775,PO000794,PROD0086,46,116446.32,2026-10-10,2026-10-28,45,0
POITEM0002776,PO000794,PROD0163,95,22267.6,2026-10-10,2026-10-22,94,0
POITEM0002777,PO000794,PROD0129,100,142419.0,2026-10-10,2026-10-15,93,6
POITEM0002778,PO000794,PROD0202,91,94845.25,2026-10-10,2026-10-30,86,3
POITEM0002779,PO000794,PROD0201,18,8151.25,2026-10-10,2026-10-17,17,0
POITEM0002780,PO000795,PROD0190,66,105398.41,2026-10-12,2026-10-15,64,1
POITEM0002781,PO000796,PROD0033,22,18273.94,2026-10-15,2026-10-21,20,1
POITEM0002782,PO000796,PROD0169,28,56512.79,2026-10-15,2026-11-06,26,2
POITEM0002783,PO000796,PROD0150,41,120970.84,2026-10-15,2026-11-02,40,1
POITEM0002784,PO000796,PROD0200,11,13468.56,2026-10-15,2026-11-04,10,1
POITEM0002785,PO000797,PROD0143,23,122516.41,2026-10-08,2026-10-08,21,1
POITEM0002786,PO000797,PROD0041,2,177534.63,2026-10-08,2026-10-27,1,0
POITEM0002787,PO000798,PROD0047,82,83931.11,2026-10-20,2026-10-27,77,1
POITEM0002788,PO000798,PROD0091,97,13674.27,2026-10-20,2026-11-12,87,4
POITEM0002789,PO000798,PROD0187,58,68443.42,2026-10-20,2026-10-20,55,3
POITEM0002790,PO000798,PROD0204,25,102411.81,2026-10-20,2026-11-02,23,1
POITEM0002791,PO000798,PROD0170,24,45385.11,2026-10-20,2026-11-04,23,0
POITEM0002792,PO000799,PROD0218,22,26101.32,2026-09-29,2026-10-19,20,0
POITEM0002793,PO000800,PROD0237,12,121581.5,2026-10-11,2026-10-15,11,0
POITEM0002794,PO000800,PROD0071,77,117304.09,2026-10-11,2026-10-06,70,0
POITEM0002795,PO000801,PROD0180,89,135353.87,2026-10-15,2026-10-24,80,0
POITEM0002796,PO000801,PROD0168,18,107254.62,2026-10-15,2026-10-23,17,1
POITEM0002797,PO000801,PROD0107,1,15088.47,2026-10-15,2026-10-18,0,1
POITEM0002798,PO000801,PROD0101,7,89788.58,2026-10-15,2026-11-09,6,1
POITEM0002799,PO000801,PROD0044,56,39366.65,2026-10-15,2026-10-16,55,0
POITEM0002800,PO000802,PROD0123,37,13141.72,2026-10-07,2026-10-22,36,0
POITEM0002801,PO000803,PROD0184,30,14060.36,2026-09-22,2026-10-06,29,0
POITEM0002802,PO000804,PROD0189,98,42092.03,2026-10-02,2026-09-29,97,0
POITEM0002803,PO000805,PROD0095,26,45861.86,2026-09-21,2026-10-03,23,1
POITEM0002804,PO000805,PROD0196,18,82084.94,2026-09-21,2026-09-21,16,1
POITEM0002805,PO000806,PROD0024,29,15408.32,2026-09-29,2026-10-06,28,0
POITEM0002806,PO000806,PROD0023,89,59261.68,2026-09-29,2026-09-25,83,3
POITEM0002807,PO000806,PROD0244,3,79419.26,2026-09-29,2026-10-23,2,0
POITEM0002808,PO000806,PROD0152,60,55391.49,2026-09-29,2026-10-09,58,2
POITEM0002809,PO000807,PROD0083,52,154463.76,2026-10-21,2026-10-24,51,1
POITEM0002810,PO000808,PROD0237,88,122689.29,2026-10-13,2026-10-31,85,3
POITEM0002811,PO000809,PROD0122,56,74270.87,2026-09-13,2026-10-05,51,1
POITEM0002812,PO000810,PROD0073,92,65453.81,2026-09-16,2026-10-11,91,1
POITEM0002813,PO000810,PROD0056,2,42602.48,2026-09-16,2026-09-11,1,1
POITEM0002814,PO000810,PROD0182,30,53501.24,2026-09-16,2026-09-25,27,1
POITEM0002815,PO000810,PROD0135,26,26738.75,2026-09-16,2026-09-19,24,1
POITEM0002816,PO000811,PROD0114,55,33731.07,2026-09-15,2026-10-01,53,0
POITEM0002817,PO000812,PROD0173,27,138641.44,2026-09-18,2026-10-10,24,1
POITEM0002818,PO000812,PROD0029,53,979.04,2026-09-18,2026-09-16,48,0
POITEM0002819,PO000813,PROD0240,12,14975.0,2026-10-01,2026-10-26,11,1
POITEM0002820,PO000813,PROD0203,39,89657.86,2026-10-01,2026-09-30,38,0
POITEM0002821,PO000813,PROD0159,92,88679.09,2026-10-01,2026-09-29,86,3
POITEM0002822,PO000813,PROD0067,45,43046.5,2026-10-01,2026-10-04,44,1
POITEM0002823,PO000813,PROD0073,15,89411.67,2026-10-01,2026-10-25,13,2
POITEM0002824,PO000813,PROD0183,26,59496.47,2026-10-01,2026-10-10,24,0
POITEM0002825,PO000814,PROD0121,67,108547.4,2026-09-15,2026-09-21,66,1
POITEM0002826,PO000814,PROD0169,54,58409.78,2026-09-15,2026-10-08,51,0
POITEM0002827,PO000814,PROD0230,55,32399.16,2026-09-15,2026-10-07,49,5
POITEM0002828,PO000814,PROD0100,27,108220.92,2026-09-15,2026-10-05,24,2
POITEM0002829,PO000815,PROD0075,36,111075.7,2026-10-07,2026-10-30,35,1
POITEM0002830,PO000815,PROD0047,9,82730.86,2026-10-07,2026-10-17,8,1
POITEM0002831,PO000815,PROD0160,44,13374.83,2026-10-07,2026-10-05,40,4
POITEM0002832,PO000815,PROD0250,71,89182.15,2026-10-07,2026-10-16,66,0
POITEM0002833,PO000815,PROD0012,12,23098.99,2026-10-07,2026-10-28,11,1
POITEM0002834,PO000816,PROD0158,90,105788.68,2026-10-01,2026-10-01,89,0
POITEM0002835,PO000816,PROD0145,22,2108.48,2026-10-01,2026-10-05,20,2
POITEM0002836,PO000816,PROD0049,29,6809.33,2026-10-01,2026-10-10,27,1
POITEM0002837,PO000816,PROD0045,35,37311.1,2026-10-01,2026-10-20,34,1
POITEM0002838,PO000816,PROD0077,10,109350.23,2026-10-01,2026-10-20,9,1
POITEM0002839,PO000817,PROD0057,45,108380.58,2026-10-16,2026-10-24,41,2
POITEM0002840,PO000817,PROD0069,26,5771.6,2026-10-16,2026-10-27,24,1
POITEM0002841,PO000818,PROD0066,22,136263.92,2026-09-19,2026-09-25,20,1
POITEM0002842,PO000818,PROD0115,99,95799.6,2026-09-19,2026-10-01,98,1
POITEM0002843,PO000818,PROD0146,96,119591.14,2026-09-19,2026-09-21,94,1
POITEM0002844,PO000818,PROD0195,98,22309.62,2026-09-19,2026-09-18,91,6
POITEM0002845,PO000818,PROD0003,72,42700.49,2026-09-19,2026-10-02,65,0
POITEM0002846,PO000819,PROD0177,26,135210.79,2026-10-01,2026-10-12,25,1
POITEM0002847,PO000819,PROD0120,94,148177.08,2026-10-01,2026-10-18,93,1
POITEM0002848,PO000819,PROD0045,9,48223.08,2026-10-01,2026-10-16,8,0
POITEM0002849,PO000820,PROD0153,44,120966.21,2026-10-05,2026-10-07,43,1
POITEM0002850,PO000821,PROD0227,23,77683.53,2026-10-16,2026-10-13,20,3
POITEM0002851,PO000821,PROD0081,93,57952.42,2026-10-16,2026-10-19,87,1
POITEM0002852,PO000821,PROD0124,42,67259.58,2026-10-16,2026-11-04,40,2
POITEM0002853,PO000821,PROD0190,78,78572.86,2026-10-16,2026-10-11,77,0
POITEM0002854,PO000821,PROD0242,75,67763.03,2026-10-16,2026-11-04,70,1
POITEM0002855,PO000821,PROD0069,62,6279.93,2026-10-16,2026-10-28,56,0
POITEM0002856,PO000822,PROD0173,40,136396.55,2026-09-27,2026-10-07,36,3
POITEM0002857,PO000822,PROD0110,95,24456.58,2026-09-27,2026-09-25,88,4
POITEM0002858,PO000822,PROD0013,29,161655.06,2026-09-27,2026-10-06,28,1
POITEM0002859,PO000823,PROD0055,51,134744.43,2026-10-12,2026-10-30,47,3
POITEM0002860,PO000823,PROD0118,11,111925.28,2026-10-12,2026-10-24,10,1
POITEM0002861,PO000823,PROD0014,84,141772.57,2026-10-12,2026-11-06,81,2
POITEM0002862,PO000824,PROD0066,60,116057.9,2026-10-09,2026-10-08,56,3
POITEM0002863,PO000824,PROD0230,97,33225.5,2026-10-09,2026-10-11,93,3
POITEM0002864,PO000824,PROD0107,71,13757.3,2026-10-09,2026-11-02,70,0
POITEM0002865,PO000824,PROD0218,48,30308.38,2026-10-09,2026-10-25,45,2
POITEM0002866,PO000825,PROD0023,74,51658.32,2026-09-25,2026-09-21,73,0
POITEM0002867,PO000825,PROD0133,20,92780.31,2026-09-25,2026-10-04,18,1
POITEM0002868,PO000825,PROD0096,90,52524.21,2026-09-25,2026-09-25,88,2
POITEM0002869,PO000825,PROD0210,15,45080.3,2026-09-25,2026-09-20,14,1
POITEM0002870,PO000825,PROD0192,43,6819.55,2026-09-25,2026-09-21,42,1
POITEM0002871,PO000825,PROD0156,84,101774.64,2026-09-25,2026-10-16,76,8
POITEM0002872,PO000826,PROD0006,47,40003.7,2026-10-15,2026-10-23,45,1
POITEM0002873,PO000826,PROD0075,5,111601.35,2026-10-15,2026-10-20,4,0
POITEM0002874,PO000826,PROD0250,30,86094.57,2026-10-15,2026-11-01,29,0
POITEM0002875,PO000826,PROD0061,57,62854.98,2026-10-15,2026-10-18,51,3
POITEM0002876,PO000827,PROD0131,62,123478.16,2026-10-08,2026-10-23,56,3
POITEM0002877,PO000827,PROD0063,86,93639.24,2026-10-08,2026-10-09,77,0
POITEM0002878,PO000827,PROD0055,52,149347.0,2026-10-08,2026-10-18,49,0
POITEM0002879,PO000827,PROD0007,71,67644.52,2026-10-08,2026-11-01,68,1
POITEM0002880,PO000827,PROD0102,24,15058.26,2026-10-08,2026-10-26,22,0
POITEM0002881,PO000828,PROD0106,74,1328.1,2026-09-25,2026-10-10,72,1
POITEM0002882,PO000828,PROD0228,100,83778.03,2026-09-25,2026-09-22,99,0
POITEM0002883,PO000828,PROD0220,99,44645.32,2026-09-25,2026-10-06,94,3
POITEM0002884,PO000828,PROD0122,66,105978.0,2026-09-25,2026-10-10,60,4
POITEM0002885,PO000829,PROD0085,43,37650.02,2026-09-21,2026-10-07,41,2
POITEM0002886,PO000829,PROD0056,6,36020.35,2026-09-21,2026-09-28,5,1
POITEM0002887,PO000829,PROD0129,97,117257.89,2026-09-21,2026-09-22,92,4
POITEM0002888,PO000829,PROD0195,54,20799.59,2026-09-21,2026-09-22,52,1
POITEM0002889,PO000830,PROD0209,65,113603.88,2026-10-09,2026-10-28,60,3
POITEM0002890,PO000830,PROD0044,52,53675.72,2026-10-09,2026-10-04,47,5
POITEM0002891,PO000830,PROD0179,41,124361.99,2026-10-09,2026-10-29,39,2
POITEM0002892,PO000830,PROD0132,42,87129.89,2026-10-09,2026-10-31,40,0
POITEM0002893,PO000830,PROD0178,86,90995.56,2026-10-09,2026-10-24,82,2
POITEM0002894,PO000830,PROD0159,74,102413.58,2026-10-09,2026-10-08,69,1
POITEM0002895,PO000831,PROD0178,59,120608.63,2026-10-19,2026-10-15,55,2
POITEM0002896,PO000832,PROD0220,70,34117.85,2026-09-26,2026-10-18,65,3
POITEM0002897,PO000832,PROD0144,88,68409.6,2026-09-26,2026-10-14,82,3
POITEM0002898,PO000832,PROD0109,4,1028.11,2026-09-26,2026-10-04,3,1
POITEM0002899,PO000832,PROD0196,27,77606.27,2026-09-26,2026-09-26,24,0
POITEM0002900,PO000832,PROD0180,98,136082.71,2026-09-26,2026-09-23,91,6
POITEM0002901,PO000832,PROD0020,98,94155.54,2026-09-26,2026-09-26,92,4
POITEM0002902,PO000833,PROD0230,75,38877.19,2026-09-22,2026-10-05,73,0
POITEM0002903,PO000833,PROD0226,99,111036.83,2026-09-22,2026-10-13,93,4
POITEM0002904,PO000833,PROD0004,79,76371.1,2026-09-22,2026-09-19,74,5
POITEM0002905,PO000833,PROD0122,73,90439.12,2026-09-22,2026-10-13,71,2
POITEM0002906,PO000833,PROD0050,21,41647.5,2026-09-22,2026-10-02,20,0
POITEM0002907,PO000833,PROD0242,72,79480.76,2026-09-22,2026-09-21,66,3
POITEM0002908,PO000834,PROD0083,30,133303.08,2026-10-17,2026-10-26,29,0
POITEM0002909,PO000834,PROD0248,59,7851.78,2026-10-17,2026-11-04,56,0
POITEM0002910,PO000834,PROD0227,69,92273.54,2026-10-17,2026-10-25,62,4
POITEM0002911,PO000834,PROD0197,79,126755.53,2026-10-17,2026-10-20,75,1
POITEM0002912,PO000834,PROD0053,52,23310.03,2026-10-17,2026-10-30,48,2
POITEM0002913,PO000834,PROD0198,21,28641.42,2026-10-17,2026-10-12,19,0
POITEM0002914,PO000835,PROD0179,31,129580.92,2026-09-24,2026-10-17,29,0
POITEM0002915,PO000835,PROD0152,87,59946.82,2026-09-24,2026-10-13,78,3
POITEM0002916,PO000835,PROD0138,42,3239.49,2026-09-24,2026-09-28,40,2
POITEM0002917,PO000835,PROD0176,82,80188.22,2026-09-24,2026-10-08,77,5
POITEM0002918,PO000835,PROD0245,3,56679.51,2026-09-24,2026-09-22,2,1
POITEM0002919,PO000835,PROD0171,46,111380.89,2026-09-24,2026-10-13,42,4
POITEM0002920,PO000836,PROD0108,23,102972.28,2026-10-09,2026-10-06,21,2
POITEM0002921,PO000836,PROD0116,44,33844.27,2026-10-09,2026-10-30,42,2
POITEM0002922,PO000836,PROD0007,57,68418.15,2026-10-09,2026-10-10,55,0
POITEM0002923,PO000836,PROD0098,48,136875.86,2026-10-09,2026-10-12,43,4
POITEM0002924,PO000836,PROD0154,68,45676.95,2026-10-09,2026-10-09,67,1
POITEM0002925,PO000837,PROD0144,66,60506.41,2026-09-26,2026-10-14,64,1
POITEM0002926,PO000837,PROD0234,85,14925.9,2026-09-26,2026-10-16,80,1
POITEM0002927,PO000838,PROD0179,19,91107.19,2026-09-25,2026-10-15,18,0
POITEM0002928,PO000839,PROD0186,61,6685.77,2026-10-13,2026-10-24,60,0
POITEM0002929,PO000839,PROD0138,50,3992.96,2026-10-13,2026-10-28,47,3
POITEM0002930,PO000839,PROD0029,83,1402.53,2026-10-13,2026-10-16,80,1
POITEM0002931,PO000839,PROD0107,87,13411.45,2026-10-13,2026-10-11,82,2
POITEM0002932,PO000840,PROD0136,7,102552.83,2026-10-13,2026-10-11,6,1
POITEM0002933,PO000840,PROD0149,84,149199.04,2026-10-13,2026-11-04,80,2
POITEM0002934,PO000840,PROD0222,99,106436.12,2026-10-13,2026-10-26,90,2
POITEM0002935,PO000840,PROD0194,84,56877.69,2026-10-13,2026-10-24,82,0
POITEM0002936,PO000840,PROD0195,43,21359.78,2026-10-13,2026-10-08,40,1
POITEM0002937,PO000840,PROD0232,58,139193.97,2026-10-13,2026-11-01,57,0
POITEM0002938,PO000841,PROD0122,7,79638.13,2026-10-03,2026-10-27,6,0
POITEM0002939,PO000842,PROD0162,7,170269.14,2026-09-15,2026-09-16,6,0
POITEM0002940,PO000842,PROD0077,66,128256.85,2026-09-15,2026-09-30,65,0
POITEM0002941,PO000842,PROD0011,67,47461.09,2026-09-15,2026-09-30,63,0
POITEM0002942,PO000842,PROD0115,59,92017.31,2026-09-15,2026-09-15,54,3
POITEM0002943,PO000843,PROD0136,77,112064.32,2026-10-21,2026-11-15,74,3
POITEM0002944,PO000843,PROD0043,71,80078.68,2026-10-21,2026-10-21,69,2
POITEM0002945,PO000844,PROD0214,68,138900.3,2026-09-19,2026-09-24,65,0
POITEM0002946,PO000844,PROD0077,85,91775.97,2026-09-19,2026-10-11,80,0
POITEM0002947,PO000844,PROD0216,59,120097.23,2026-09-19,2026-09-18,57,2
POITEM0002948,PO000845,PROD0169,73,67282.58,2026-10-02,2026-10-02,67,5
POITEM0002949,PO000845,PROD0149,83,151669.27,2026-10-02,2026-10-11,77,5
POITEM0002950,PO000845,PROD0248,36,7071.9,2026-10-02,2026-09-29,35,0
POITEM0002951,PO000845,PROD0087,54,137765.42,2026-10-02,2026-10-14,53,0
POITEM0002952,PO000845,PROD0244,55,60666.43,2026-10-02,2026-10-26,54,0
POITEM0002953,PO000846,PROD0154,22,41603.65,2026-10-01,2026-10-21,21,1
POITEM0002954,PO000846,PROD0227,52,81669.29,2026-10-01,2026-10-08,48,1
POITEM0002955,PO000846,PROD0229,2,66452.58,2026-10-01,2026-10-13,1,0
POITEM0002956,PO000846,PROD0099,68,115656.5,2026-10-01,2026-09-30,63,0
POITEM0002957,PO000846,PROD0220,31,44856.45,2026-10-01,2026-10-15,29,0
POITEM0002958,PO000846,PROD0029,59,1061.79,2026-10-01,2026-09-27,55,1
POITEM0002959,PO000847,PROD0050,34,42045.83,2026-09-22,2026-09-25,33,1
POITEM0002960,PO000847,PROD0173,28,150206.2,2026-09-22,2026-09-27,26,2
POITEM0002961,PO000847,PROD0231,49,66576.69,2026-09-22,2026-10-07,46,1
POITEM0002962,PO000847,PROD0226,83,96683.16,2026-09-22,2026-09-25,76,5
POITEM0002963,PO000848,PROD0175,1,78625.1,2026-10-15,2026-10-12,0,0
POITEM0002964,PO000848,PROD0211,2,80995.05,2026-10-15,2026-11-02,1,1
POITEM0002965,PO000848,PROD0225,85,137120.34,2026-10-15,2026-11-08,81,1
POITEM0002966,PO000848,PROD0125,39,45376.76,2026-10-15,2026-10-15,38,1
POITEM0002967,PO000848,PROD0231,28,64294.25,2026-10-15,2026-10-23,26,2
POITEM0002968,PO000849,PROD0150,12,148422.92,2026-09-22,2026-10-17,11,0
POITEM0002969,PO000850,PROD0118,32,119960.13,2026-09-23,2026-09-18,29,1
POITEM0002970,PO000850,PROD0094,71,85544.95,2026-09-23,2026-10-17,67,2
POITEM0002971,PO000851,PROD0116,91,34149.53,2026-09-21,2026-09-17,82,3
POITEM0002972,PO000851,PROD0104,79,153547.82,2026-09-21,2026-09-28,71,7
POITEM0002973,PO000851,PROD0211,1,71708.48,2026-09-21,2026-09-20,0,1
POITEM0002974,PO000851,PROD0209,32,147634.87,2026-09-21,2026-09-28,30,1
POITEM0002975,PO000851,PROD0238,18,92427.54,2026-09-21,2026-10-13,17,1
POITEM0002976,PO000852,PROD0091,46,16676.7,2026-09-18,2026-09-20,45,1
POITEM0002977,PO000853,PROD0129,90,136780.14,2026-10-11,2026-10-23,83,7
POITEM0002978,PO000853,PROD0193,48,149651.89,2026-10-11,2026-10-30,44,2
POITEM0002979,PO000853,PROD0021,87,132785.05,2026-10-11,2026-10-06,81,1
POITEM0002980,PO000854,PROD0212,66,10276.42,2026-10-17,2026-10-29,61,1
POITEM0002981,PO000854,PROD0180,16,114147.1,2026-10-17,2026-10-23,15,1
POITEM0002982,PO000854,PROD0070,64,109027.16,2026-10-17,2026-10-19,59,4
POITEM0002983,PO000854,PROD0216,48,122657.98,2026-10-17,2026-10-20,43,5
POITEM0002984,PO000855,PROD0106,17,1575.12,2026-09-18,2026-09-20,15,1
POITEM0002985,PO000855,PROD0039,5,66819.17,2026-09-18,2026-09-25,4,1
POITEM0002986,PO000855,PROD0051,60,151669.72,2026-09-18,2026-10-02,58,2
POITEM0002987,PO000855,PROD0246,68,102490.0,2026-09-18,2026-09-26,67,1
POITEM0002988,PO000856,PROD0019,73,152048.44,2026-10-02,2026-10-23,72,1
POITEM0002989,PO000856,PROD0034,86,53591.43,2026-10-02,2026-10-25,78,2
POITEM0002990,PO000856,PROD0096,18,55659.98,2026-10-02,2026-10-20,16,0
POITEM0002991,PO000856,PROD0149,33,157121.81,2026-10-02,2026-10-02,31,2
POITEM0002992,PO000856,PROD0080,68,22765.74,2026-10-02,2026-10-09,61,2
POITEM0002993,PO000857,PROD0247,73,88432.82,2026-09-22,2026-10-06,69,1
POITEM0002994,PO000857,PROD0106,2,1819.03,2026-09-22,2026-09-29,1,1
POITEM0002995,PO000858,PROD0019,73,136538.85,2026-10-08,2026-10-21,70,3
POITEM0002996,PO000858,PROD0248,23,7521.72,2026-10-08,2026-10-09,21,1
POITEM0002997,PO000858,PROD0117,49,49577.66,2026-10-08,2026-10-22,45,4
POITEM0002998,PO000858,PROD0243,77,32224.47,2026-10-08,2026-10-24,70,2
POITEM0002999,PO000859,PROD0235,94,6986.95,2026-10-14,2026-10-26,84,3
POITEM0003000,PO000859,PROD0189,28,40413.92,2026-10-14,2026-10-19,27,1
POITEM0003001,PO000859,PROD0155,52,23733.46,2026-10-14,2026-10-26,47,4
POITEM0003002,PO000859,PROD0203,60,84369.1,2026-10-14,2026-10-31,54,3
POITEM0003003,PO000859,PROD0244,58,57572.68,2026-10-14,2026-10-28,56,0
POITEM0003004,PO000860,PROD0235,2,8105.26,2026-10-12,2026-10-16,1,0
POITEM0003005,PO000860,PROD0200,32,15366.66,2026-10-12,2026-10-15,30,2
POITEM0003006,PO000860,PROD0112,23,90416.0,2026-10-12,2026-10-08,22,1
POITEM0003007,PO000861,PROD0209,78,141750.89,2026-10-19,2026-10-30,76,2
POITEM0003008,PO000861,PROD0064,25,84705.99,2026-10-19,2026-11-07,23,2
POITEM0003009,PO000861,PROD0025,11,40714.29,2026-10-19,2026-10-18,10,0
POITEM0003010,PO000861,PROD0084,52,163503.63,2026-10-19,2026-10-14,47,0
POITEM0003011,PO000861,PROD0052,1,33859.28,2026-10-19,2026-11-11,0,0
POITEM0003012,PO000862,PROD0077,85,120986.37,2026-10-18,2026-11-04,78,7
POITEM0003013,PO000862,PROD0013,52,122261.02,2026-10-18,2026-10-17,51,0
POITEM0003014,PO000862,PROD0168,40,90638.32,2026-10-18,2026-11-05,39,0
POITEM0003015,PO000863,PROD0223,37,98681.87,2026-10-20,2026-11-07,36,0
POITEM0003016,PO000864,PROD0077,3,111120.19,2026-10-07,2026-10-08,2,1
POITEM0003017,PO000864,PROD0031,42,76487.2,2026-10-07,2026-10-06,37,5
POITEM0003018,PO000865,PROD0121,70,86851.3,2026-10-19,2026-10-27,64,5
POITEM0003019,PO000865,PROD0034,42,56678.23,2026-10-19,2026-11-09,41,1
POITEM0003020,PO000865,PROD0009,39,35565.54,2026-10-19,2026-10-19,37,2
POITEM0003021,PO000865,PROD0152,86,53512.32,2026-10-19,2026-11-13,84,2
POITEM0003022,PO000865,PROD0157,18,173701.76,2026-10-19,2026-10-23,16,0
POITEM0003023,PO000866,PROD0159,84,89652.72,2026-09-17,2026-09-16,76,0
POITEM0003024,PO000866,PROD0249,67,60397.83,2026-09-17,2026-09-17,63,1
POITEM0003025,PO000866,PROD0182,44,46083.6,2026-09-17,2026-10-08,41,1
POITEM0003026,PO000867,PROD0146,63,136977.0,2026-10-12,2026-10-20,59,3
POITEM0003027,PO000868,PROD0242,72,77062.19,2026-10-08,2026-10-31,64,6
POITEM0003028,PO000868,PROD0205,17,125761.86,2026-10-08,2026-11-01,16,0
POITEM0003029,PO000868,PROD0027,84,122292.67,2026-10-08,2026-10-30,76,5
POITEM0003030,PO000868,PROD0160,52,16895.71,2026-10-08,2026-10-20,51,0
POITEM0003031,PO000868,PROD0067,1,45585.87,2026-10-08,2026-10-05,0,1
POITEM0003032,PO000869,PROD0094,79,87736.65,2026-10-14,2026-10-22,75,3
POITEM0003033,PO000869,PROD0063,13,86694.25,2026-10-14,2026-11-07,12,1
POITEM0003034,PO000869,PROD0161,74,104176.96,2026-10-14,2026-10-19,70,3
POITEM0003035,PO000869,PROD0240,20,14833.04,2026-10-14,2026-11-02,18,2
POITEM0003036,PO000869,PROD0001,94,5171.32,2026-10-14,2026-10-29,84,4
POITEM0003037,PO000869,PROD0115,1,94183.01,2026-10-14,2026-10-18,0,0
POITEM0003038,PO000870,PROD0126,91,32315.4,2026-10-20,2026-10-20,88,2
POITEM0003039,PO000870,PROD0066,29,152631.73,2026-10-20,2026-11-14,26,0
POITEM0003040,PO000870,PROD0031,85,62556.89,2026-10-20,2026-10-21,81,3
POITEM0003041,PO000871,PROD0159,7,102892.19,2026-09-22,2026-10-02,6,1
POITEM0003042,PO000871,PROD0081,64,58695.87,2026-09-22,2026-09-23,58,5
POITEM0003043,PO000871,PROD0218,22,29145.06,2026-09-22,2026-09-19,20,1
POITEM0003044,PO000871,PROD0104,45,139953.21,2026-09-22,2026-09-18,40,1
POITEM0003045,PO000871,PROD0025,54,31746.25,2026-09-22,2026-09-19,52,2
POITEM0003046,PO000871,PROD0004,98,78745.67,2026-09-22,2026-10-08,91,2
POITEM0003047,PO000872,PROD0038,89,105863.08,2026-10-11,2026-10-16,87,2
POITEM0003048,PO000873,PROD0214,26,166003.33,2026-10-02,2026-10-13,24,1
POITEM0003049,PO000873,PROD0150,25,114785.7,2026-10-02,2026-10-03,23,1
POITEM0003050,PO000873,PROD0153,6,155559.44,2026-10-02,2026-10-03,5,1
POITEM0003051,PO000873,PROD0185,94,92285.62,2026-10-02,2026-10-02,90,2
POITEM0003052,PO000873,PROD0019,40,133414.08,2026-10-02,2026-10-05,39,1
POITEM0003053,PO000873,PROD0152,37,61256.08,2026-10-02,2026-10-14,33,4
POITEM0003054,PO000874,PROD0200,35,11625.2,2026-10-20,2026-10-30,33,1
POITEM0003055,PO000875,PROD0114,96,41291.97,2026-10-06,2026-10-31,89,6
POITEM0003056,PO000876,PROD0199,41,111961.44,2026-10-18,2026-10-15,40,0
POITEM0003057,PO000876,PROD0058,89,108453.45,2026-10-18,2026-11-08,80,7
POITEM0003058,PO000877,PROD0083,78,123555.79,2026-09-14,2026-09-11,75,3
POITEM0003059,PO000877,PROD0020,81,75270.39,2026-09-14,2026-09-10,75,5
POITEM0003060,PO000877,PROD0200,72,13547.03,2026-09-14,2026-10-06,70,1
POITEM0003061,PO000877,PROD0194,12,48428.68,2026-09-14,2026-09-24,11,0
POITEM0003062,PO000878,PROD0043,35,77923.78,2026-10-07,2026-10-13,33,1
POITEM0003063,PO000878,PROD0222,25,126232.41,2026-10-07,2026-10-10,22,0
POITEM0003064,PO000878,PROD0138,78,4393.33,2026-10-07,2026-10-28,75,0
POITEM0003065,PO000878,PROD0152,72,62009.78,2026-10-07,2026-10-27,69,2
POITEM0003066,PO000878,PROD0089,66,80671.7,2026-10-07,2026-10-02,60,2
POITEM0003067,PO000878,PROD0021,45,135224.05,2026-10-07,2026-10-19,42,0
POITEM0003068,PO000879,PROD0189,58,47605.33,2026-09-25,2026-09-28,54,2
POITEM0003069,PO000879,PROD0207,92,93979.88,2026-09-25,2026-10-15,88,4
POITEM0003070,PO000879,PROD0025,51,30297.97,2026-09-25,2026-10-11,48,2
POITEM0003071,PO000879,PROD0083,32,159870.97,2026-09-25,2026-10-09,31,0
POITEM0003072,PO000879,PROD0230,51,39016.15,2026-09-25,2026-09-21,50,1
POITEM0003073,PO000879,PROD0214,61,138201.49,2026-09-25,2026-09-20,57,0
POITEM0003074,PO000880,PROD0003,2,57112.07,2026-09-21,2026-10-08,1,1
POITEM0003075,PO000880,PROD0151,41,49736.0,2026-09-21,2026-10-14,40,1
POITEM0003076,PO000880,PROD0063,16,84181.92,2026-09-21,2026-10-03,15,1
POITEM0003077,PO000881,PROD0195,32,18729.9,2026-10-14,2026-10-28,29,1
POITEM0003078,PO000882,PROD0021,70,114563.44,2026-10-09,2026-10-04,65,5
POITEM0003079,PO000882,PROD0206,27,139131.01,2026-10-09,2026-10-22,25,1
POITEM0003080,PO000883,PROD0197,94,104430.92,2026-09-24,2026-09-20,87,3
POITEM0003081,PO000883,PROD0042,66,40828.43,2026-09-24,2026-09-30,62,4
POITEM0003082,PO000883,PROD0241,71,72958.43,2026-09-24,2026-10-01,69,2
POITEM0003083,PO000883,PROD0190,36,107055.57,2026-09-24,2026-10-09,35,0
POITEM0003084,PO000884,PROD0114,42,33138.03,2026-10-05,2026-10-05,40,2
POITEM0003085,PO000884,PROD0137,90,38424.3,2026-10-05,2026-10-10,82,1
POITEM0003086,PO000884,PROD0139,49,95718.32,2026-10-05,2026-10-09,48,1
POITEM0003087,PO000884,PROD0004,91,72406.51,2026-10-05,2026-10-19,82,3
POITEM0003088,PO000884,PROD0039,27,49293.83,2026-10-05,2026-10-23,26,0
POITEM0003089,PO000884,PROD0101,44,106313.07,2026-10-05,2026-10-23,40,3
POITEM0003090,PO000885,PROD0052,25,38607.33,2026-10-14,2026-10-28,23,1
POITEM0003091,PO000885,PROD0015,39,105709.08,2026-10-14,2026-10-17,36,0
POITEM0003092,PO000886,PROD0233,99,2699.53,2026-10-09,2026-10-30,92,6
POITEM0003093,PO000886,PROD0130,63,106797.37,2026-10-09,2026-10-05,56,7
POITEM0003094,PO000886,PROD0231,6,53410.2,2026-10-09,2026-10-23,5,0
POITEM0003095,PO000886,PROD0014,6,129407.87,2026-10-09,2026-10-25,5,0
POITEM0003096,PO000886,PROD0196,77,91400.17,2026-10-09,2026-10-26,70,1
POITEM0003097,PO000887,PROD0215,37,140565.26,2026-09-15,2026-10-07,36,0
POITEM0003098,PO000887,PROD0186,11,5897.96,2026-09-15,2026-09-12,10,0
POITEM0003099,PO000887,PROD0211,88,73463.67,2026-09-15,2026-10-07,82,1
POITEM0003100,PO000887,PROD0178,50,114455.21,2026-09-15,2026-09-22,46,0
POITEM0003101,PO000887,PROD0162,13,160164.83,2026-09-15,2026-09-20,12,1
POITEM0003102,PO000888,PROD0087,52,122795.61,2026-09-18,2026-09-20,48,1
POITEM0003103,PO000888,PROD0144,85,57462.2,2026-09-18,2026-09-16,83,0
POITEM0003104,PO000888,PROD0013,77,170417.81,2026-09-18,2026-10-03,73,3
POITEM0003105,PO000888,PROD0088,5,92872.47,2026-09-18,2026-09-22,4,1
POITEM0003106,PO000888,PROD0042,88,33657.54,2026-09-18,2026-10-04,81,2
POITEM0003107,PO000889,PROD0005,29,154327.63,2026-10-16,2026-10-30,28,1
POITEM0003108,PO000889,PROD0081,87,61102.79,2026-10-16,2026-10-11,81,3
POITEM0003109,PO000890,PROD0244,36,57691.84,2026-09-17,2026-09-21,33,3
POITEM0003110,PO000890,PROD0070,93,83557.76,2026-09-17,2026-10-04,86,0
POITEM0003111,PO000890,PROD0094,69,110098.38,2026-09-17,2026-10-03,62,2
POITEM0003112,PO000890,PROD0183,82,66610.09,2026-09-17,2026-10-10,77,1
POITEM0003113,PO000891,PROD0114,97,36699.5,2026-09-16,2026-09-13,88,4
POITEM0003114,PO000892,PROD0191,74,4601.65,2026-10-12,2026-10-17,67,3
POITEM0003115,PO000892,PROD0019,74,165308.6,2026-10-12,2026-10-15,72,1
POITEM0003116,PO000892,PROD0211,63,68132.8,2026-10-12,2026-11-01,58,3
POITEM0003117,PO000892,PROD0159,53,104662.99,2026-10-12,2026-10-11,49,3
POITEM0003118,PO000893,PROD0064,90,73528.81,2026-10-04,2026-10-23,86,4
POITEM0003119,PO000893,PROD0084,49,161556.44,2026-10-04,2026-10-28,44,0
POITEM0003120,PO000894,PROD0060,18,103277.66,2026-09-15,2026-10-03,17,1
POITEM0003121,PO000894,PROD0250,10,86256.05,2026-09-15,2026-10-03,9,1
POITEM0003122,PO000894,PROD0004,3,82294.58,2026-09-15,2026-09-14,2,1
POITEM0003123,PO000895,PROD0209,1,124171.03,2026-10-19,2026-10-20,0,1
POITEM0003124,PO000895,PROD0143,67,153935.76,2026-10-19,2026-10-26,60,0
POITEM0003125,PO000895,PROD0233,43,2815.5,2026-10-19,2026-11-12,40,0
POITEM0003126,PO000895,PROD0115,51,103111.56,2026-10-19,2026-10-21,48,0
POITEM0003127,PO000896,PROD0102,2,12353.11,2026-10-19,2026-10-25,1,0
POITEM0003128,PO000896,PROD0062,17,118203.4,2026-10-19,2026-11-06,16,0
POITEM0003129,PO000896,PROD0112,83,122994.45,2026-10-19,2026-11-03,79,3
POITEM0003130,PO000896,PROD0213,35,4873.86,2026-10-19,2026-11-09,32,0
POITEM0003131,PO000897,PROD0140,28,25641.08,2026-10-01,2026-10-14,25,0
POITEM0003132,PO000897,PROD0151,76,40505.34,2026-10-01,2026-09-29,70,1
POITEM0003133,PO000897,PROD0031,8,73144.31,2026-10-01,2026-10-21,7,0
POITEM0003134,PO000897,PROD0003,82,58556.88,2026-10-01,2026-09-26,75,2
POITEM0003135,PO000897,PROD0221,47,99122.54,2026-10-01,2026-09-30,43,0
POITEM0003136,PO000898,PROD0068,99,25116.73,2026-09-29,2026-10-24,97,1
POITEM0003137,PO000898,PROD0087,97,135406.4,2026-09-29,2026-10-05,88,9
POITEM0003138,PO000898,PROD0041,60,147537.26,2026-09-29,2026-10-16,55,4
POITEM0003139,PO000898,PROD0177,47,137096.5,2026-09-29,2026-10-01,44,0
POITEM0003140,PO000898,PROD0052,74,44858.5,2026-09-29,2026-10-14,67,2
POITEM0003141,PO000899,PROD0011,69,43185.74,2026-09-20,2026-09-28,65,0
POITEM0003142,PO000899,PROD0013,18,146609.57,2026-09-20,2026-10-12,16,1
POITEM0003143,PO000899,PROD0160,45,16744.98,2026-09-20,2026-10-14,44,1
POITEM0003144,PO000899,PROD0184,38,17387.08,2026-09-20,2026-10-06,37,1
POITEM0003145,PO000900,PROD0208,76,57739.56,2026-09-29,2026-10-24,72,1
POITEM0003146,PO000900,PROD0070,6,104667.83,2026-09-29,2026-10-04,5,1
POITEM0003147,PO000900,PROD0162,96,149903.79,2026-09-29,2026-10-11,89,4
POITEM0003148,PO000901,PROD0074,16,35310.1,2026-10-16,2026-10-28,14,0
POITEM0003149,PO000901,PROD0237,81,158446.31,2026-10-16,2026-10-28,75,0
POITEM0003150,PO000901,PROD0085,92,34470.93,2026-10-16,2026-10-28,87,4
POITEM0003151,PO000901,PROD0058,50,99736.57,2026-10-16,2026-10-22,45,5
POITEM0003152,PO000901,PROD0132,45,70749.26,2026-10-16,2026-10-27,42,1
POITEM0003153,PO000901,PROD0024,37,16983.49,2026-10-16,2026-11-08,36,1
POITEM0003154,PO000902,PROD0102,22,14565.95,2026-10-21,2026-11-04,20,2
POITEM0003155,PO000902,PROD0104,48,132566.71,2026-10-21,2026-10-20,44,0
POITEM0003156,PO000902,PROD0041,64,167412.15,2026-10-21,2026-11-04,57,7
POITEM0003157,PO000903,PROD0081,90,43804.69,2026-10-09,2026-10-17,88,1
POITEM0003158,PO000904,PROD0061,53,57487.34,2026-09-23,2026-09-21,48,3
POITEM0003159,PO000905,PROD0080,55,19559.07,2026-09-29,2026-09-24,54,1
POITEM0003160,PO000905,PROD0139,2,115627.17,2026-09-29,2026-10-03,1,1
POITEM0003161,PO000906,PROD0040,3,152022.22,2026-10-12,2026-10-11,2,0
POITEM0003162,PO000906,PROD0194,46,67080.09,2026-10-12,2026-11-01,45,0
POITEM0003163,PO000906,PROD0108,47,93197.86,2026-10-12,2026-10-23,46,1
POITEM0003164,PO000906,PROD0231,4,49659.12,2026-10-12,2026-10-09,3,1
POITEM0003165,PO000906,PROD0236,26,6952.59,2026-10-12,2026-10-28,24,0
POITEM0003166,PO000906,PROD0104,9,164800.65,2026-10-12,2026-10-21,8,0
POITEM0003167,PO000907,PROD0186,13,5787.44,2026-10-17,2026-10-22,12,1
POITEM0003168,PO000907,PROD0163,7,25564.01,2026-10-17,2026-10-23,6,1
POITEM0003169,PO000907,PROD0244,74,64916.49,2026-10-17,2026-10-13,71,2
POITEM0003170,PO000907,PROD0024,17,15165.44,2026-10-17,2026-10-17,16,1
POITEM0003171,PO000907,PROD0109,39,1044.13,2026-10-17,2026-10-14,35,1
POITEM0003172,PO000907,PROD0128,32,53032.04,2026-10-17,2026-10-30,29,2
POITEM0003173,PO000908,PROD0114,8,40926.11,2026-09-22,2026-10-09,7,1
POITEM0003174,PO000908,PROD0146,34,141554.6,2026-09-22,2026-10-10,32,2
POITEM0003175,PO000908,PROD0068,47,30573.34,2026-09-22,2026-09-23,42,0
POITEM0003176,PO000909,PROD0208,75,45634.63,2026-10-07,2026-10-03,74,1
POITEM0003177,PO000909,PROD0082,93,20760.27,2026-10-07,2026-10-16,90,0
POITEM0003178,PO000909,PROD0178,74,83657.03,2026-10-07,2026-10-31,69,5
POITEM0003179,PO000909,PROD0241,11,81259.88,2026-10-07,2026-10-26,10,1
POITEM0003180,PO000909,PROD0235,56,8491.74,2026-10-07,2026-11-01,53,2
POITEM0003181,PO000909,PROD0120,92,111953.13,2026-10-07,2026-10-14,91,0
POITEM0003182,PO000910,PROD0085,71,47801.93,2026-10-17,2026-10-19,64,3
POITEM0003183,PO000910,PROD0100,42,124368.01,2026-10-17,2026-11-03,39,3
POITEM0003184,PO000910,PROD0227,34,83791.34,2026-10-17,2026-11-01,31,3
POITEM0003185,PO000910,PROD0032,51,36106.51,2026-10-17,2026-10-29,50,0
POITEM0003186,PO000911,PROD0176,99,79133.67,2026-09-30,2026-09-30,89,3
POITEM0003187,PO000911,PROD0120,96,139883.72,2026-09-30,2026-10-17,89,7
POITEM0003188,PO000911,PROD0013,61,166289.93,2026-09-30,2026-10-20,57,0
POITEM0003189,PO000912,PROD0068,83,26014.62,2026-10-12,2026-10-10,76,2
POITEM0003190,PO000912,PROD0063,21,110039.55,2026-10-12,2026-10-07,19,2
POITEM0003191,PO000912,PROD0220,47,43512.39,2026-10-12,2026-10-20,43,3
POITEM0003192,PO000912,PROD0002,31,93461.38,2026-10-12,2026-10-13,29,0
POITEM0003193,PO000912,PROD0207,19,95106.0,2026-10-12,2026-10-29,18,1
POITEM0003194,PO000913,PROD0202,18,74386.77,2026-09-25,2026-09-26,16,2
POITEM0003195,PO000913,PROD0175,52,69824.27,2026-09-25,2026-09-29,49,2
POITEM0003196,PO000914,PROD0048,72,78034.53,2026-09-13,2026-10-07,71,0
POITEM0003197,PO000915,PROD0062,51,115946.79,2026-10-16,2026-11-09,47,3
POITEM0003198,PO000915,PROD0196,49,82044.43,2026-10-16,2026-10-30,48,0
POITEM0003199,PO000915,PROD0042,34,44376.87,2026-10-16,2026-10-16,30,3
POITEM0003200,PO000916,PROD0236,91,6068.88,2026-10-01,2026-10-01,85,1
POITEM0003201,PO000916,PROD0061,93,52021.04,2026-10-01,2026-10-13,85,5
POITEM0003202,PO000916,PROD0160,84,12688.42,2026-10-01,2026-09-30,81,0
POITEM0003203,PO000916,PROD0239,18,67975.91,2026-10-01,2026-10-03,16,2
POITEM0003204,PO000917,PROD0006,13,35310.39,2026-09-18,2026-09-21,12,0
POITEM0003205,PO000917,PROD0148,9,172638.23,2026-09-18,2026-09-26,8,0
POITEM0003206,PO000918,PROD0195,23,19460.91,2026-09-20,2026-10-01,22,1
POITEM0003207,PO000918,PROD0205,38,101339.82,2026-09-20,2026-09-19,35,1
POITEM0003208,PO000919,PROD0127,78,141100.84,2026-09-20,2026-10-03,71,2
POITEM0003209,PO000919,PROD0169,78,54082.0,2026-09-20,2026-09-15,77,1
POITEM0003210,PO000919,PROD0019,43,146767.1,2026-09-20,2026-10-11,40,2
POITEM0003211,PO000920,PROD0085,35,47439.77,2026-09-17,2026-10-04,31,2
POITEM0003212,PO000921,PROD0230,8,34781.49,2026-09-23,2026-10-17,7,1
POITEM0003213,PO000921,PROD0100,42,128261.52,2026-09-23,2026-10-01,37,4
POITEM0003214,PO000922,PROD0156,29,84501.73,2026-10-07,2026-10-05,27,0
POITEM0003215,PO000922,PROD0160,1,16562.12,2026-10-07,2026-10-24,0,1
POITEM0003216,PO000922,PROD0018,37,27455.7,2026-10-07,2026-10-09,33,1
POITEM0003217,PO000922,PROD0052,87,36760.96,2026-10-07,2026-10-06,79,2
POITEM0003218,PO000922,PROD0142,100,175869.47,2026-10-07,2026-10-26,94,3
POITEM0003219,PO000922,PROD0246,81,90281.46,2026-10-07,2026-10-25,79,0
POITEM0003220,PO000923,PROD0127,60,153132.23,2026-09-24,2026-10-03,55,1
POITEM0003221,PO000923,PROD0116,27,41897.18,2026-09-24,2026-10-19,26,0
POITEM0003222,PO000924,PROD0227,5,93115.1,2026-09-24,2026-10-19,4,1
POITEM0003223,PO000924,PROD0186,52,5907.72,2026-09-24,2026-10-18,50,1
POITEM0003224,PO000924,PROD0130,94,85672.68,2026-09-24,2026-10-04,86,0
POITEM0003225,PO000924,PROD0180,57,143625.12,2026-09-24,2026-09-19,51,1
POITEM0003226,PO000925,PROD0093,5,155480.92,2026-10-10,2026-10-15,4,1
POITEM0003227,PO000925,PROD0014,22,124717.82,2026-10-10,2026-10-24,19,2
POITEM0003228,PO000925,PROD0061,18,65048.46,2026-10-10,2026-10-25,16,1
POITEM0003229,PO000925,PROD0097,11,116142.89,2026-10-10,2026-10-28,10,0
POITEM0003230,PO000925,PROD0205,82,123218.02,2026-10-10,2026-10-20,81,1
POITEM0003231,PO000926,PROD0014,87,128818.93,2026-09-15,2026-09-30,81,6
POITEM0003232,PO000926,PROD0034,56,62446.59,2026-09-15,2026-09-25,53,2
POITEM0003233,PO000926,PROD0230,65,36090.29,2026-09-15,2026-09-15,59,3
POITEM0003234,PO000926,PROD0127,59,173250.91,2026-09-15,2026-09-23,55,1
POITEM0003235,PO000926,PROD0070,48,98800.44,2026-09-15,2026-09-28,45,0
POITEM0003236,PO000926,PROD0005,56,126555.83,2026-09-15,2026-10-06,53,1
POITEM0003237,PO000927,PROD0216,6,91297.32,2026-09-22,2026-09-24,5,1
POITEM0003238,PO000928,PROD0207,85,82813.03,2026-10-07,2026-10-13,80,5
POITEM0003239,PO000928,PROD0131,52,137065.21,2026-10-07,2026-10-30,51,1
POITEM0003240,PO000929,PROD0187,58,80971.01,2026-10-15,2026-10-18,52,2
POITEM0003241,PO000929,PROD0019,77,124207.52,2026-10-15,2026-10-25,73,4
POITEM0003242,PO000929,PROD0073,27,94074.53,2026-10-15,2026-10-13,26,0
POITEM0003243,PO000929,PROD0147,76,76306.94,2026-10-15,2026-11-01,70,6
POITEM0003244,PO000930,PROD0174,70,139978.39,2026-09-17,2026-10-04,66,2
POITEM0003245,PO000930,PROD0125,77,36384.5,2026-09-17,2026-10-07,69,1
POITEM0003246,PO000930,PROD0192,33,7002.08,2026-09-17,2026-10-01,30,3
POITEM0003247,PO000930,PROD0148,5,137168.51,2026-09-17,2026-09-30,4,1
POITEM0003248,PO000930,PROD0215,41,153180.34,2026-09-17,2026-09-12,39,1
POITEM0003249,PO000931,PROD0180,54,133335.75,2026-10-19,2026-11-07,53,1
POITEM0003250,PO000931,PROD0205,38,107660.82,2026-10-19,2026-10-20,36,0
POITEM0003251,PO000931,PROD0170,17,38177.58,2026-10-19,2026-11-06,15,0
POITEM0003252,PO000931,PROD0054,76,86876.93,2026-10-19,2026-10-22,74,1
POITEM0003253,PO000931,PROD0037,13,77108.06,2026-10-19,2026-10-18,12,0
POITEM0003254,PO000932,PROD0184,75,15087.71,2026-09-16,2026-10-03,67,8
POITEM0003255,PO000932,PROD0141,84,133526.92,2026-09-16,2026-09-13,77,1
POITEM0003256,PO000933,PROD0158,44,99233.3,2026-09-18,2026-09-20,43,1
POITEM0003257,PO000933,PROD0074,3,32753.31,2026-09-18,2026-09-13,2,0
POITEM0003258,PO000933,PROD0144,24,58460.93,2026-09-18,2026-10-04,23,1
POITEM0003259,PO000934,PROD0190,21,83925.82,2026-10-18,2026-10-17,19,0
POITEM0003260,PO000934,PROD0179,76,104541.41,2026-10-18,2026-10-29,74,2
POITEM0003261,PO000934,PROD0236,39,6641.33,2026-10-18,2026-11-12,38,1
POITEM0003262,PO000934,PROD0225,39,176727.77,2026-10-18,2026-10-18,38,0
POITEM0003263,PO000935,PROD0102,96,13876.05,2026-10-07,2026-10-18,91,5
POITEM0003264,PO000935,PROD0184,63,12287.1,2026-10-07,2026-10-04,62,0
POITEM0003265,PO000935,PROD0119,17,97810.67,2026-10-07,2026-10-08,15,1
POITEM0003266,PO000936,PROD0165,43,146975.9,2026-10-11,2026-10-27,39,4
POITEM0003267,PO000936,PROD0140,38,28895.69,2026-10-11,2026-10-08,36,1
POITEM0003268,PO000936,PROD0167,67,107541.51,2026-10-11,2026-10-07,65,1
POITEM0003269,PO000936,PROD0124,90,52790.17,2026-10-11,2026-10-08,85,5
POITEM0003270,PO000936,PROD0015,26,101232.59,2026-10-11,2026-10-28,25,1
POITEM0003271,PO000937,PROD0165,96,153149.48,2026-10-20,2026-11-02,90,4
POITEM0003272,PO000937,PROD0095,69,56441.32,2026-10-20,2026-11-11,63,2
POITEM0003273,PO000937,PROD0103,51,29754.76,2026-10-20,2026-10-15,47,2
POITEM0003274,PO000937,PROD0079,66,160442.18,2026-10-20,2026-10-28,59,7
POITEM0003275,PO000937,PROD0120,80,118745.02,2026-10-20,2026-10-23,75,4
POITEM0003276,PO000938,PROD0050,31,50297.39,2026-10-02,2026-09-27,29,2
POITEM0003277,PO000938,PROD0227,57,101663.24,2026-10-02,2026-10-01,54,1
POITEM0003278,PO000938,PROD0174,51,143321.13,2026-10-02,2026-10-22,46,0
POITEM0003279,PO000938,PROD0139,7,113424.78,2026-10-02,2026-10-23,6,0
POITEM0003280,PO000939,PROD0226,52,133942.85,2026-09-16,2026-09-15,51,0
POITEM0003281,PO000939,PROD0037,13,95567.69,2026-09-16,2026-09-24,12,1
POITEM0003282,PO000939,PROD0107,46,17160.67,2026-09-16,2026-10-09,44,1
POITEM0003283,PO000939,PROD0022,94,121305.08,2026-09-16,2026-09-25,90,4
POITEM0003284,PO000939,PROD0099,53,114938.78,2026-09-16,2026-10-11,50,2
POITEM0003285,PO000940,PROD0128,67,53827.4,2026-09-26,2026-10-21,61,3
POITEM0003286,PO000940,PROD0171,42,120939.86,2026-09-26,2026-10-01,39,2
POITEM0003287,PO000940,PROD0238,64,116058.96,2026-09-26,2026-10-02,58,0
POITEM0003288,PO000941,PROD0066,56,131762.48,2026-10-17,2026-10-20,51,0
POITEM0003289,PO000941,PROD0121,1,106529.81,2026-10-17,2026-10-13,0,1
POITEM0003290,PO000942,PROD0115,54,114622.34,2026-09-22,2026-10-12,52,2
POITEM0003291,PO000942,PROD0087,17,120669.86,2026-09-22,2026-09-26,16,0
POITEM0003292,PO000942,PROD0134,46,75636.65,2026-09-22,2026-09-19,43,3
POITEM0003293,PO000942,PROD0202,49,88462.02,2026-09-22,2026-09-28,44,2
POITEM0003294,PO000942,PROD0208,42,53924.92,2026-09-22,2026-09-20,40,0
POITEM0003295,PO000943,PROD0229,39,61356.25,2026-09-28,2026-10-01,35,0
POITEM0003296,PO000943,PROD0066,99,111073.18,2026-09-28,2026-10-09,98,1
POITEM0003297,PO000944,PROD0002,26,107503.13,2026-09-16,2026-09-17,23,3
POITEM0003298,PO000944,PROD0037,69,77297.45,2026-09-16,2026-09-24,66,0
POITEM0003299,PO000944,PROD0206,66,173347.67,2026-09-16,2026-10-05,59,3
POITEM0003300,PO000945,PROD0211,6,62254.37,2026-09-23,2026-10-11,5,0
POITEM0003301,PO000945,PROD0121,58,84236.51,2026-09-23,2026-09-18,53,1
POITEM0003302,PO000945,PROD0223,53,122205.8,2026-09-23,2026-09-24,50,0
POITEM0003303,PO000946,PROD0077,28,98971.99,2026-10-14,2026-10-25,25,3
POITEM0003304,PO000946,PROD0208,8,41781.54,2026-10-14,2026-10-14,7,0
POITEM0003305,PO000946,PROD0240,89,17756.71,2026-10-14,2026-10-19,83,5
POITEM0003306,PO000946,PROD0069,7,7070.3,2026-10-14,2026-10-26,6,0
POITEM0003307,PO000946,PROD0040,4,147696.65,2026-10-14,2026-10-28,3,1
POITEM0003308,PO000947,PROD0018,75,29662.37,2026-10-04,2026-10-23,74,1
POITEM0003309,PO000947,PROD0055,82,173242.03,2026-10-04,2026-10-01,74,7
POITEM0003310,PO000947,PROD0069,77,7001.32,2026-10-04,2026-10-14,73,4
POITEM0003311,PO000947,PROD0172,63,147421.38,2026-10-04,2026-10-03,57,6
POITEM0003312,PO000947,PROD0149,35,153741.88,2026-10-04,2026-10-09,34,0
POITEM0003313,PO000947,PROD0004,72,77404.16,2026-10-04,2026-10-07,68,0
POITEM0003314,PO000948,PROD0093,79,118618.69,2026-10-19,2026-10-22,73,4
POITEM0003315,PO000948,PROD0100,2,114640.18,2026-10-19,2026-10-23,1,1
POITEM0003316,PO000949,PROD0119,27,93879.74,2026-09-24,2026-09-30,25,1
POITEM0003317,PO000950,PROD0126,42,41020.72,2026-10-09,2026-10-19,38,1
POITEM0003318,PO000950,PROD0077,74,108292.93,2026-10-09,2026-10-12,72,2
POITEM0003319,PO000950,PROD0131,3,142702.17,2026-10-09,2026-11-01,2,1
POITEM0003320,PO000950,PROD0250,75,104962.98,2026-10-09,2026-10-30,68,0
POITEM0003321,PO000950,PROD0004,18,93762.78,2026-10-09,2026-10-25,16,1
POITEM0003322,PO000950,PROD0147,1,74561.96,2026-10-09,2026-10-09,0,1
POITEM0003323,PO000951,PROD0038,6,129051.27,2026-09-28,2026-10-18,5,0
POITEM0003324,PO000951,PROD0167,12,120429.6,2026-09-28,2026-10-04,11,0
POITEM0003325,PO000951,PROD0224,43,43206.85,2026-09-28,2026-10-09,41,1
POITEM0003326,PO000952,PROD0216,40,120924.82,2026-10-07,2026-10-06,36,0
POITEM0003327,PO000952,PROD0223,30,122338.2,2026-10-07,2026-10-05,29,1
POITEM0003328,PO000952,PROD0005,86,130445.14,2026-10-07,2026-10-16,84,1
POITEM0003329,PO000952,PROD0120,37,134702.3,2026-10-07,2026-10-19,35,1
POITEM0003330,PO000952,PROD0049,59,7627.29,2026-10-07,2026-10-13,56,2
POITEM0003331,PO000953,PROD0169,40,61651.58,2026-09-13,2026-09-10,37,3
POITEM0003332,PO000954,PROD0069,26,6843.89,2026-10-13,2026-10-08,25,0
POITEM0003333,PO000954,PROD0233,78,2561.11,2026-10-13,2026-10-18,70,8
POITEM0003334,PO000954,PROD0176,51,89873.49,2026-10-13,2026-10-30,48,2
POITEM0003335,PO000954,PROD0134,14,70599.14,2026-10-13,2026-10-26,12,1
POITEM0003336,PO000954,PROD0185,21,90533.76,2026-10-13,2026-10-15,20,0
POITEM0003337,PO000954,PROD0041,22,144564.17,2026-10-13,2026-11-05,21,1
POITEM0003338,PO000955,PROD0189,83,38261.97,2026-10-11,2026-10-17,78,5
POITEM0003339,PO000956,PROD0097,22,135788.73,2026-09-15,2026-09-24,21,1
POITEM0003340,PO000956,PROD0184,62,13254.49,2026-09-15,2026-09-19,58,4
POITEM0003341,PO000956,PROD0160,27,13837.35,2026-09-15,2026-09-13,25,1
POITEM0003342,PO000956,PROD0194,25,62857.4,2026-09-15,2026-10-02,24,0
POITEM0003343,PO000956,PROD0072,50,2434.54,2026-09-15,2026-09-22,49,0
POITEM0003344,PO000957,PROD0055,88,160715.9,2026-10-02,2026-09-29,82,2
POITEM0003345,PO000957,PROD0169,12,56728.91,2026-10-02,2026-10-22,11,0
POITEM0003346,PO000957,PROD0248,60,7400.71,2026-10-02,2026-10-14,56,4
POITEM0003347,PO000957,PROD0165,20,138458.83,2026-10-02,2026-10-06,18,0
POITEM0003348,PO000957,PROD0235,49,8220.72,2026-10-02,2026-10-23,46,2
POITEM0003349,PO000958,PROD0145,80,2181.13,2026-09-25,2026-10-07,78,2
POITEM0003350,PO000958,PROD0080,3,25333.23,2026-09-25,2026-10-19,2,1
POITEM0003351,PO000958,PROD0107,20,15273.94,2026-09-25,2026-09-27,18,0
POITEM0003352,PO000959,PROD0186,61,5802.53,2026-10-17,2026-10-15,55,3
POITEM0003353,PO000959,PROD0037,80,95277.31,2026-10-17,2026-10-28,73,0
POITEM0003354,PO000959,PROD0057,20,95922.04,2026-10-17,2026-11-09,18,0
POITEM0003355,PO000959,PROD0168,30,105746.58,2026-10-17,2026-10-27,29,0
POITEM0003356,PO000960,PROD0182,98,52416.7,2026-09-25,2026-10-03,89,5
POITEM0003357,PO000961,PROD0224,70,40248.54,2026-09-23,2026-10-08,66,3
POITEM0003358,PO000961,PROD0205,8,99025.44,2026-09-23,2026-10-09,7,1
POITEM0003359,PO000961,PROD0183,60,60703.13,2026-09-23,2026-10-02,58,2
POITEM0003360,PO000962,PROD0181,81,163562.88,2026-09-26,2026-10-16,80,1
POITEM0003361,PO000962,PROD0067,54,59191.83,2026-09-26,2026-10-06,49,2
POITEM0003362,PO000962,PROD0019,41,120856.75,2026-09-26,2026-09-27,38,0
POITEM0003363,PO000963,PROD0139,58,117005.71,2026-09-19,2026-10-07,57,0
POITEM0003364,PO000963,PROD0160,60,17508.15,2026-09-19,2026-09-30,54,0
POITEM0003365,PO000963,PROD0176,46,92513.62,2026-09-19,2026-10-02,43,0
POITEM0003366,PO000963,PROD0011,42,37165.8,2026-09-19,2026-09-29,39,0
POITEM0003367,PO000963,PROD0216,72,90686.89,2026-09-19,2026-10-02,68,2
POITEM0003368,PO000964,PROD0131,92,117503.85,2026-10-15,2026-10-30,87,3
POITEM0003369,PO000964,PROD0156,22,91525.55,2026-10-15,2026-10-22,21,0
POITEM0003370,PO000964,PROD0196,65,87379.69,2026-10-15,2026-10-18,61,4
POITEM0003371,PO000965,PROD0114,20,39712.05,2026-10-03,2026-10-28,19,0
POITEM0003372,PO000965,PROD0106,88,1327.68,2026-10-03,2026-10-13,83,3
POITEM0003373,PO000965,PROD0053,11,21029.97,2026-10-03,2026-10-02,9,0
POITEM0003374,PO000965,PROD0135,76,32815.14,2026-10-03,2026-10-10,74,2
POITEM0003375,PO000965,PROD0006,14,34290.09,2026-10-03,2026-10-03,13,0
POITEM0003376,PO000966,PROD0202,43,95010.9,2026-09-27,2026-10-15,42,0
POITEM0003377,PO000966,PROD0171,71,116094.46,2026-09-27,2026-10-20,70,0
POITEM0003378,PO000966,PROD0155,20,24952.57,2026-09-27,2026-10-21,19,1
POITEM0003379,PO000966,PROD0008,84,98643.7,2026-09-27,2026-10-17,75,1
POITEM0003380,PO000966,PROD0162,66,169025.49,2026-09-27,2026-10-16,62,1
POITEM0003381,PO000966,PROD0218,4,24838.61,2026-09-27,2026-10-12,3,1
POITEM0003382,PO000967,PROD0235,52,7821.17,2026-09-27,2026-10-04,46,5
POITEM0003383,PO000968,PROD0010,76,13645.4,2026-10-10,2026-10-09,69,3
POITEM0003384,PO000968,PROD0224,62,38974.56,2026-10-10,2026-10-29,58,1
POITEM0003385,PO000968,PROD0031,76,65423.84,2026-10-10,2026-10-22,71,1
POITEM0003386,PO000968,PROD0013,50,136433.25,2026-10-10,2026-10-22,49,0
POITEM0003387,PO000968,PROD0117,29,54089.3,2026-10-10,2026-10-13,26,3
POITEM0003388,PO000969,PROD0078,32,59353.29,2026-09-21,2026-10-08,31,1
POITEM0003389,PO000969,PROD0156,6,81106.25,2026-09-21,2026-09-29,5,1
POITEM0003390,PO000969,PROD0231,42,61658.65,2026-09-21,2026-09-30,40,2
POITEM0003391,PO000969,PROD0117,79,52695.96,2026-09-21,2026-09-29,71,8
POITEM0003392,PO000969,PROD0236,94,5623.2,2026-09-21,2026-10-13,90,1
POITEM0003393,PO000969,PROD0012,25,22644.32,2026-09-21,2026-09-26,23,1
POITEM0003394,PO000970,PROD0115,95,114116.8,2026-10-04,2026-10-02,88,2
POITEM0003395,PO000970,PROD0004,85,93843.66,2026-10-04,2026-10-27,83,0
POITEM0003396,PO000970,PROD0205,13,124078.39,2026-10-04,2026-10-09,11,1
POITEM0003397,PO000970,PROD0125,44,35567.63,2026-10-04,2026-10-19,41,0
POITEM0003398,PO000970,PROD0114,88,30827.85,2026-10-04,2026-10-26,87,1
POITEM0003399,PO000970,PROD0061,57,50448.16,2026-10-04,2026-10-20,54,0
POITEM0003400,PO000971,PROD0033,68,17989.2,2026-09-21,2026-10-01,65,1
POITEM0003401,PO000971,PROD0165,67,118668.9,2026-09-21,2026-09-24,63,2
POITEM0003402,PO000971,PROD0024,34,15930.95,2026-09-21,2026-09-17,33,1
POITEM0003403,PO000972,PROD0131,14,103291.69,2026-10-04,2026-10-01,13,1
POITEM0003404,PO000972,PROD0138,9,4431.03,2026-10-04,2026-10-08,8,1
POITEM0003405,PO000972,PROD0054,7,85643.97,2026-10-04,2026-10-19,6,0
POITEM0003406,PO000973,PROD0240,83,18260.98,2026-09-23,2026-10-13,79,2
POITEM0003407,PO000973,PROD0059,7,34697.1,2026-09-23,2026-09-24,6,1
POITEM0003408,PO000974,PROD0114,51,29555.9,2026-10-09,2026-10-30,50,0
POITEM0003409,PO000974,PROD0030,96,66366.73,2026-10-09,2026-10-05,92,4
POITEM0003410,PO000974,PROD0084,82,135179.15,2026-10-09,2026-10-18,81,1
POITEM0003411,PO000974,PROD0161,80,87527.43,2026-10-09,2026-10-18,76,4
POITEM0003412,PO000974,PROD0193,7,128707.26,2026-10-09,2026-10-31,6,0
POITEM0003413,PO000975,PROD0164,39,68244.38,2026-10-13,2026-11-02,35,2
POITEM0003414,PO000975,PROD0250,46,87889.4,2026-10-13,2026-10-21,44,2
POITEM0003415,PO000976,PROD0068,61,25973.08,2026-10-10,2026-10-23,58,2
POITEM0003416,PO000976,PROD0106,4,1384.15,2026-10-10,2026-11-03,3,0
POITEM0003417,PO000976,PROD0250,99,115223.61,2026-10-10,2026-10-18,94,5
POITEM0003418,PO000977,PROD0245,9,59292.76,2026-10-10,2026-10-18,8,0
POITEM0003419,PO000977,PROD0077,18,90185.18,2026-10-10,2026-10-24,16,1
POITEM0003420,PO000977,PROD0209,62,132623.36,2026-10-10,2026-10-11,59,3
POITEM0003421,PO000977,PROD0006,65,45997.45,2026-10-10,2026-10-26,61,1
POITEM0003422,PO000978,PROD0091,75,15848.89,2026-10-09,2026-11-03,71,3
POITEM0003423,PO000979,PROD0116,21,37626.23,2026-10-15,2026-10-29,19,2
POITEM0003424,PO000979,PROD0181,86,137781.55,2026-10-15,2026-10-14,81,5
POITEM0003425,PO000979,PROD0235,57,7923.84,2026-10-15,2026-10-17,56,0
POITEM0003426,PO000980,PROD0101,27,94580.25,2026-09-19,2026-10-06,24,0
POITEM0003427,PO000980,PROD0247,18,188124.04,2026-09-19,2026-10-02,17,0
POITEM0003428,PO000980,PROD0144,43,50994.0,2026-09-19,2026-10-01,41,1
POITEM0003429,PO000980,PROD0199,91,116275.62,2026-09-19,2026-10-05,90,1
POITEM0003430,PO000980,PROD0191,83,4339.54,2026-09-19,2026-09-19,81,0
POITEM0003431,PO000981,PROD0045,12,48438.2,2026-09-13,2026-09-20,11,1
POITEM0003432,PO000981,PROD0077,9,110539.23,2026-09-13,2026-09-25,8,1
POITEM0003433,PO000982,PROD0190,50,92394.66,2026-10-01,2026-09-26,46,3
POITEM0003434,PO000982,PROD0066,27,131238.96,2026-10-01,2026-10-05,25,1
POITEM0003435,PO000982,PROD0138,50,3466.45,2026-10-01,2026-10-23,49,1
POITEM0003436,PO000982,PROD0064,91,90035.99,2026-10-01,2026-10-04,87,3
POITEM0003437,PO000982,PROD0150,23,113864.06,2026-10-01,2026-10-19,22,0
POITEM0003438,PO000982,PROD0111,45,73986.62,2026-10-01,2026-10-19,40,5
POITEM0003439,PO000983,PROD0092,81,142792.61,2026-10-02,2026-10-12,76,2
POITEM0003440,PO000983,PROD0140,95,28928.01,2026-10-02,2026-10-26,86,9
POITEM0003441,PO000983,PROD0073,15,78583.95,2026-10-02,2026-10-10,13,0
POITEM0003442,PO000983,PROD0167,57,130188.68,2026-10-02,2026-09-27,54,2
POITEM0003443,PO000983,PROD0022,2,151223.71,2026-10-02,2026-10-27,1,0
POITEM0003444,PO000984,PROD0020,86,71872.84,2026-10-12,2026-10-10,85,1
POITEM0003445,PO000984,PROD0132,73,72767.26,2026-10-12,2026-10-24,68,0
POITEM0003446,PO000985,PROD0214,98,160277.25,2026-10-12,2026-10-16,88,4
POITEM0003447,PO000985,PROD0242,86,83447.56,2026-10-12,2026-10-22,82,3
POITEM0003448,PO000985,PROD0074,90,32733.47,2026-10-12,2026-11-04,81,0
POITEM0003449,PO000985,PROD0229,91,57643.18,2026-10-12,2026-10-25,90,1
POITEM0003450,PO000985,PROD0026,72,72101.04,2026-10-12,2026-10-13,66,5
POITEM0003451,PO000985,PROD0059,63,31300.94,2026-10-12,2026-11-01,61,1
POITEM0003452,PO000986,PROD0007,76,66481.82,2026-10-04,2026-10-24,71,5
POITEM0003453,PO000986,PROD0189,17,42856.41,2026-10-04,2026-10-16,15,1
POITEM0003454,PO000986,PROD0033,37,20197.01,2026-10-04,2026-10-20,36,0
POITEM0003455,PO000987,PROD0198,4,29864.73,2026-10-17,2026-11-06,3,0
POITEM0003456,PO000987,PROD0240,55,15055.83,2026-10-17,2026-11-11,51,2
POITEM0003457,PO000988,PROD0008,91,107877.31,2026-09-16,,89,0
POITEM0003458,PO000988,PROD0148,15,151396.45,2026-09-16,2026-09-28,14,0
POITEM0003459,PO000988,PROD0186,54,5333.57,2026-09-16,2026-09-23,49,3
POITEM0003460,PO000988,PROD0166,59,98289.31,2026-09-16,2026-09-14,57,2
POITEM0003461,PO000988,PROD0150,96,118815.74,2026-09-16,2026-09-23,93,3
POITEM0003462,PO000988,PROD0099,53,133892.73,2026-09-16,2026-09-24,49,0
POITEM0003463,PO000989,PROD0036,41,50376.98,2026-10-06,2026-10-24,38,3
POITEM0003464,PO000990,PROD0072,5,2302.64,2026-10-18,2026-10-17,4,0
POITEM0003465,PO000990,PROD0045,18,47740.44,2026-10-18,2026-11-03,17,0
POITEM0003466,PO000991,PROD0158,6,100726.36,2026-10-17,2026-10-14,5,0
POITEM0003467,PO000991,PROD0151,93,41025.29,2026-10-17,2026-10-26,85,6
POITEM0003468,PO000991,PROD0140,71,22897.23,2026-10-17,2026-10-19,70,1
POITEM0003469,PO000992,PROD0092,13,125747.57,2026-09-27,2026-10-07,11,1
POITEM0003470,PO000992,PROD0159,79,82287.55,2026-09-27,2026-09-24,72,5
POITEM0003471,PO000992,PROD0190,20,98038.35,2026-09-27,2026-10-12,18,1
POITEM0003472,PO000992,PROD0005,36,123030.93,2026-09-27,2026-10-18,34,1
POITEM0003473,PO000993,PROD0071,38,100229.76,2026-09-16,2026-09-11,36,2
POITEM0003474,PO000994,PROD0055,100,158637.53,2026-10-16,2026-11-07,92,5
POITEM0003475,PO000994,PROD0063,9,105554.86,2026-10-16,2026-10-25,8,1
POITEM0003476,PO000995,PROD0233,40,2403.34,2026-10-17,2026-10-16,37,3
POITEM0003477,PO000995,PROD0093,7,129284.73,2026-10-17,2026-10-15,6,1
POITEM0003478,PO000995,PROD0112,32,124425.86,2026-10-17,2026-10-27,31,0
POITEM0003479,PO000995,PROD0226,49,121018.49,2026-10-17,2026-10-18,46,0
POITEM0003480,PO000996,PROD0150,83,120298.75,2026-09-17,2026-09-24,76,5
POITEM0003481,PO000996,PROD0201,46,8174.96,2026-09-17,2026-09-30,43,1
POITEM0003482,PO000996,PROD0193,82,150005.39,2026-09-17,2026-09-17,76,3
POITEM0003483,PO000996,PROD0092,88,134508.9,2026-09-17,2026-09-26,82,3
POITEM0003484,PO000996,PROD0189,34,51002.1,2026-09-17,2026-10-07,32,0
POITEM0003485,PO000997,PROD0156,28,91558.92,2026-09-24,2026-10-18,26,2
POITEM0003486,PO000997,PROD0012,42,28566.26,2026-09-24,2026-09-19,37,1
POITEM0003487,PO000997,PROD0007,96,73836.09,2026-09-24,2026-10-14,91,2
POITEM0003488,PO000998,PROD0017,27,121691.76,2026-09-20,2026-10-11,25,1
POITEM0003489,PO000998,PROD0187,100,78068.28,2026-09-20,2026-09-24,90,10
POITEM0003490,PO000998,PROD0185,33,104021.33,2026-09-20,2026-10-13,31,2
POITEM0003491,PO000999,PROD0124,69,54513.04,2026-09-14,2026-09-16,63,4
POITEM0003492,PO000999,PROD0037,1,79874.59,2026-09-14,2026-09-18,0,1
POITEM0003493,PO000999,PROD0047,97,92521.86,2026-09-14,2026-09-16,93,1
POITEM0003494,PO000999,PROD0137,9,42962.29,2026-09-14,2026-09-17,8,1
POITEM0003495,PO001000,PROD0097,90,118692.15,2026-10-05,2026-10-02,88,1
POITEM0003496,PO001000,PROD0188,88,72788.55,2026-10-05,2026-10-15,82,2
POITEM0003497,PO001000,PROD0190,75,87312.79,2026-10-05,2026-10-26,71,1
POITEM0003498,PO001001,PROD0092,15,160763.56,2026-09-17,2026-09-20,13,2
POITEM0003499,PO001001,PROD0024,76,14589.07,2026-09-17,2026-09-26,74,2
POITEM0003500,PO001002,PROD0120,9,119135.52,2026-10-20,2026-10-19,8,0
POITEM0003501,PO001002,PROD0151,38,47208.52,2026-10-20,2026-10-15,37,1
POITEM0003502,PO001002,PROD0211,37,59313.98,2026-10-20,2026-10-22,33,3
POITEM0003503,PO001002,PROD0082,64,18354.02,2026-10-20,2026-11-04,63,1
POITEM0003504,PO001002,PROD0055,55,150214.45,2026-10-20,2026-10-18,51,4
POITEM0003505,PO001003,PROD0014,68,132472.99,2026-10-16,2026-11-05,67,1
POITEM0003506,PO001003,PROD0179,65,124785.82,2026-10-16,2026-10-12,64,0
POITEM0003507,PO001004,PROD0186,90,4714.13,2026-10-19,2026-10-31,82,7
POITEM0003508,PO001005,PROD0022,27,147031.34,2026-10-13,2026-10-26,26,0
POITEM0003509,PO001005,PROD0080,42,19970.7,2026-10-13,2026-10-10,38,0
POITEM0003510,PO001006,PROD0059,69,41608.49,2026-10-01,2026-10-09,62,2
POITEM0003511,PO001006,PROD0111,81,82170.15,2026-10-01,2026-09-29,76,0
POITEM0003512,PO001006,PROD0124,63,59314.63,2026-10-01,2026-10-21,61,2
POITEM0003513,PO001007,PROD0141,59,139937.44,2026-10-17,2026-10-15,56,0
POITEM0003514,PO001008,PROD0172,55,131763.27,2026-09-20,2026-09-24,52,1
POITEM0003515,PO001008,PROD0104,43,149107.41,2026-09-20,2026-10-09,39,3
POITEM0003516,PO001008,PROD0162,7,131261.15,2026-09-20,2026-09-28,6,0
POITEM0003517,PO001008,PROD0135,19,27600.0,2026-09-20,2026-10-12,18,1
POITEM0003518,PO001008,PROD0082,75,20295.11,2026-09-20,2026-10-06,72,1
POITEM0003519,PO001009,PROD0237,93,149587.66,2026-09-29,2026-09-26,86,5
POITEM0003520,PO001009,PROD0208,34,49086.6,2026-09-29,2026-09-29,31,1
POITEM0003521,PO001010,PROD0104,5,124919.57,2026-10-03,2026-09-29,4,0
POITEM0003522,PO001011,PROD0014,65,131708.07,2026-10-17,2026-10-25,64,1
POITEM0003523,PO001011,PROD0048,83,69168.88,2026-10-17,2026-11-03,75,5
POITEM0003524,PO001012,PROD0005,22,158174.07,2026-09-14,2026-09-18,20,2
POITEM0003525,PO001012,PROD0173,13,153729.1,2026-09-14,2026-09-12,12,1
POITEM0003526,PO001012,PROD0084,20,161656.43,2026-09-14,2026-09-09,18,1
POITEM0003527,PO001012,PROD0235,53,7798.83,2026-09-14,2026-09-24,50,0
POITEM0003528,PO001012,PROD0213,14,4298.81,2026-09-14,2026-09-19,13,0
POITEM0003529,PO001012,PROD0036,33,44929.0,2026-09-14,2026-09-19,31,2
POITEM0003530,PO001013,PROD0145,52,2565.43,2026-09-22,2026-09-30,51,0
POITEM0003531,PO001013,PROD0037,27,89095.73,2026-09-22,2026-10-14,26,0
POITEM0003532,PO001013,PROD0005,17,121897.38,2026-09-22,2026-09-21,16,0
POITEM0003533,PO001013,PROD0025,36,35985.04,2026-09-22,2026-09-18,35,0
POITEM0003534,PO001013,PROD0221,41,100394.36,2026-09-22,2026-09-24,37,4
POITEM0003535,PO001014,PROD0048,23,88901.34,2026-10-19,2026-10-15,20,2
POITEM0003536,PO001014,PROD0171,49,121042.92,2026-10-19,2026-10-18,46,0
POITEM0003537,PO001015,PROD0246,85,84028.29,2026-10-13,2026-10-31,82,0
POITEM0003538,PO001016,PROD0030,98,65418.06,2026-10-02,2026-10-03,89,4
POITEM0003539,PO001017,PROD0079,25,152082.91,2026-10-03,2026-10-05,24,0
POITEM0003540,PO001017,PROD0054,47,89386.55,2026-10-03,2026-10-03,45,2
POITEM0003541,PO001017,PROD0058,49,127831.58,2026-10-03,2026-10-28,46,0
POITEM0003542,PO001017,PROD0148,28,123325.82,2026-10-03,2026-10-03,25,1
POITEM0003543,PO001017,PROD0026,94,68215.94,2026-10-03,2026-10-17,90,2
POITEM0003544,PO001018,PROD0214,87,146852.83,2026-09-30,2026-10-04,84,2
POITEM0003545,PO001018,PROD0221,17,87271.37,2026-09-30,2026-10-01,15,1
POITEM0003546,PO001018,PROD0106,24,1370.41,2026-09-30,2026-10-11,23,1
POITEM0003547,PO001019,PROD0198,79,36993.66,2026-09-18,2026-09-27,78,1
POITEM0003548,PO001019,PROD0206,1,131306.42,2026-09-18,2026-09-18,0,1
POITEM0003549,PO001019,PROD0077,75,96804.64,2026-09-18,2026-09-29,67,6
POITEM0003550,PO001020,PROD0050,7,52293.22,2026-10-03,2026-10-21,6,1
POITEM0003551,PO001020,PROD0069,32,6940.31,2026-10-03,2026-10-11,29,3
POITEM0003552,PO001020,PROD0045,82,46310.9,2026-10-03,2026-10-19,81,1
POITEM0003553,PO001020,PROD0191,81,4569.54,2026-10-03,2026-10-26,78,1
POITEM0003554,PO001021,PROD0170,82,40808.33,2026-10-10,2026-10-25,78,2
POITEM0003555,PO001021,PROD0147,23,63293.54,2026-10-10,2026-10-24,21,1
POITEM0003556,PO001021,PROD0141,30,137586.36,2026-10-10,2026-10-16,27,3
POITEM0003557,PO001022,PROD0086,89,119904.15,2026-10-05,2026-10-05,83,3
POITEM0003558,PO001023,PROD0095,9,48278.39,2026-10-11,2026-10-14,8,1
POITEM0003559,PO001023,PROD0209,98,116699.43,2026-10-11,2026-11-03,95,3
POITEM0003560,PO001023,PROD0086,21,122649.46,2026-10-11,2026-10-17,19,0
POITEM0003561,PO001023,PROD0145,82,2886.84,2026-10-11,2026-10-22,78,0
POITEM0003562,PO001024,PROD0235,61,6386.43,2026-10-10,2026-10-30,59,1
POITEM0003563,PO001024,PROD0107,29,16158.38,2026-10-10,2026-10-12,27,1
POITEM0003564,PO001024,PROD0077,75,125014.95,2026-10-10,2026-10-27,70,2
POITEM0003565,PO001024,PROD0027,21,148549.5,2026-10-10,2026-10-14,20,1
POITEM0003566,PO001024,PROD0069,100,6494.48,2026-10-10,2026-11-04,96,2
POITEM0003567,PO001025,PROD0112,30,101762.92,2026-10-21,2026-10-26,29,0
POITEM0003568,PO001025,PROD0185,72,96932.77,2026-10-21,2026-11-03,65,6
POITEM0003569,PO001025,PROD0082,17,16778.59,2026-10-21,2026-11-09,16,1
POITEM0003570,PO001025,PROD0171,96,105945.82,2026-10-21,2026-10-23,86,2
POITEM0003571,PO001026,PROD0052,91,37090.99,2026-10-04,2026-10-23,84,6
POITEM0003572,PO001026,PROD0225,64,146860.92,2026-10-04,2026-10-28,59,4
POITEM0003573,PO001026,PROD0234,20,16027.37,2026-10-04,2026-10-08,19,0
POITEM0003574,PO001027,PROD0122,83,90051.04,2026-09-30,2026-10-09,76,6
POITEM0003575,PO001027,PROD0021,26,118450.41,2026-09-30,2026-10-18,24,2
POITEM0003576,PO001027,PROD0041,71,126886.35,2026-09-30,2026-10-24,64,3
POITEM0003577,PO001028,PROD0070,85,77971.64,2026-09-24,2026-09-28,83,1
POITEM0003578,PO001028,PROD0055,71,170168.83,2026-09-24,2026-09-29,69,2
POITEM0003579,PO001028,PROD0241,96,83868.22,2026-09-24,2026-10-02,92,1
POITEM0003580,PO001029,PROD0148,94,150917.15,2026-09-15,2026-09-27,90,1
POITEM0003581,PO001029,PROD0007,38,53319.42,2026-09-15,2026-09-28,36,1
POITEM0003582,PO001029,PROD0106,76,1716.92,2026-09-15,2026-09-30,72,1
POITEM0003583,PO001029,PROD0201,79,7792.2,2026-09-15,2026-09-29,73,6
POITEM0003584,PO001029,PROD0026,98,70992.42,2026-09-15,2026-09-27,94,0
POITEM0003585,PO001029,PROD0101,54,115453.25,2026-09-15,2026-09-13,50,2
POITEM0003586,PO001030,PROD0173,65,150614.01,2026-10-14,2026-10-11,62,0
POITEM0003587,PO001030,PROD0243,51,31357.25,2026-10-14,2026-11-06,48,1
POITEM0003588,PO001031,PROD0119,27,103041.39,2026-09-22,2026-10-02,25,0
POITEM0003589,PO001031,PROD0023,49,54920.95,2026-09-22,2026-09-18,48,1
POITEM0003590,PO001031,PROD0008,89,99689.12,2026-09-22,2026-09-22,80,0
POITEM0003591,PO001031,PROD0063,13,116457.89,2026-09-22,2026-09-25,12,1
POITEM0003592,PO001031,PROD0006,62,41064.47,2026-09-22,2026-10-17,58,4
POITEM0003593,PO001031,PROD0128,92,52382.81,2026-09-22,2026-09-17,89,1
POITEM0003594,PO001032,PROD0188,16,93568.38,2026-09-24,2026-09-23,14,0
POITEM0003595,PO001032,PROD0071,37,98870.62,2026-09-24,2026-10-01,36,0
POITEM0003596,PO001032,PROD0147,76,56502.67,2026-09-24,2026-10-13,75,1
POITEM0003597,PO001032,PROD0054,99,69991.29,2026-09-24,2026-10-03,94,3
POITEM0003598,PO001033,PROD0083,36,169838.12,2026-09-30,2026-10-21,34,0
POITEM0003599,PO001033,PROD0165,96,133694.09,2026-09-30,2026-10-13,93,1
POITEM0003600,PO001034,PROD0216,97,103130.79,2026-10-13,2026-10-20,89,3
POITEM0003601,PO001034,PROD0180,25,149078.26,2026-10-13,2026-10-27,24,0
POITEM0003602,PO001034,PROD0076,59,29068.24,2026-10-13,2026-10-12,55,4
POITEM0003603,PO001034,PROD0089,76,69133.64,2026-10-13,2026-10-28,68,4
POITEM0003604,PO001035,PROD0056,51,38991.83,2026-10-15,2026-11-05,49,2
POITEM0003605,PO001036,PROD0130,11,100859.1,2026-09-16,2026-10-02,10,0
POITEM0003606,PO001036,PROD0217,24,53012.73,2026-09-16,2026-10-01,22,1
POITEM0003607,PO001036,PROD0171,90,114724.1,2026-09-16,2026-10-10,85,3
POITEM0003608,PO001037,PROD0075,58,85092.43,2026-09-16,2026-10-02,57,0
POITEM0003609,PO001037,PROD0146,53,130802.48,2026-09-16,2026-10-02,52,0
POITEM0003610,PO001037,PROD0118,28,114279.05,2026-09-16,2026-09-21,27,0
POITEM0003611,PO001037,PROD0023,77,51190.08,2026-09-16,2026-09-14,76,0
POITEM0003612,PO001037,PROD0159,14,72902.39,2026-09-16,2026-10-11,13,1
POITEM0003613,PO001037,PROD0105,14,110225.55,2026-09-16,2026-09-16,12,1
POITEM0003614,PO001038,PROD0008,32,100712.17,2026-10-01,2026-10-14,30,2
POITEM0003615,PO001038,PROD0030,35,93792.58,2026-10-01,2026-10-19,33,2
POITEM0003616,PO001038,PROD0103,5,25811.73,2026-10-01,2026-10-20,4,0
POITEM0003617,PO001038,PROD0199,25,79480.11,2026-10-01,2026-10-03,24,0
POITEM0003618,PO001038,PROD0184,35,12556.71,2026-10-01,2026-10-04,33,0
POITEM0003619,PO001039,PROD0235,62,8505.82,2026-09-24,2026-10-10,57,1
POITEM0003620,PO001039,PROD0171,88,135521.59,2026-09-24,2026-09-27,79,8
POITEM0003621,PO001039,PROD0108,13,108668.77,2026-09-24,2026-09-28,11,0
POITEM0003622,PO001039,PROD0214,73,165249.82,2026-09-24,2026-10-06,67,6
POITEM0003623,PO001040,PROD0068,56,29051.19,2026-10-03,2026-10-13,53,1
POITEM0003624,PO001040,PROD0023,5,43876.02,2026-10-03,2026-09-30,4,1
POITEM0003625,PO001040,PROD0187,70,67870.16,2026-10-03,2026-09-30,67,0
POITEM0003626,PO001040,PROD0016,52,119399.21,2026-10-03,2026-09-28,50,1
POITEM0003627,PO001040,PROD0245,75,53928.58,2026-10-03,2026-10-18,70,5
POITEM0003628,PO001040,PROD0019,76,127050.22,2026-10-03,2026-10-19,74,2
POITEM0003629,PO001041,PROD0198,4,30985.21,2026-10-06,2026-10-02,3,1
POITEM0003630,PO001042,PROD0231,20,64512.05,2026-10-16,2026-10-27,18,2
POITEM0003631,PO001042,PROD0237,54,140594.32,2026-10-16,2026-11-07,49,3
POITEM0003632,PO001042,PROD0042,16,38092.49,2026-10-16,2026-10-23,15,0
POITEM0003633,PO001042,PROD0229,96,70165.29,2026-10-16,2026-11-10,92,0
POITEM0003634,PO001042,PROD0234,80,16852.1,2026-10-16,2026-10-30,75,0
POITEM0003635,PO001042,PROD0010,32,10372.68,2026-10-16,2026-10-20,31,0
POITEM0003636,PO001043,PROD0245,99,62920.73,2026-09-19,2026-09-20,96,2
POITEM0003637,PO001044,PROD0230,71,35357.4,2026-10-18,2026-10-21,66,1
POITEM0003638,PO001044,PROD0191,8,4595.77,2026-10-18,2026-10-19,7,1
POITEM0003639,PO001044,PROD0240,26,14564.81,2026-10-18,2026-10-15,25,1
POITEM0003640,PO001044,PROD0085,8,46864.3,2026-10-18,2026-11-04,7,1
POITEM0003641,PO001044,PROD0078,73,59941.58,2026-10-18,2026-11-03,65,1
POITEM0003642,PO001045,PROD0215,13,150707.02,2026-09-20,2026-09-21,11,2
POITEM0003643,PO001045,PROD0241,49,90610.7,2026-09-20,2026-09-16,46,0
POITEM0003644,PO001045,PROD0238,42,104181.91,2026-09-20,2026-10-10,41,1
POITEM0003645,PO001045,PROD0152,13,49716.4,2026-09-20,2026-10-12,12,0
POITEM0003646,PO001046,PROD0030,91,81994.56,2026-10-02,2026-09-30,83,4
POITEM0003647,PO001046,PROD0053,3,22290.06,2026-10-02,2026-10-01,2,1
POITEM0003648,PO001046,PROD0225,60,163409.22,2026-10-02,2026-10-18,54,6
POITEM0003649,PO001046,PROD0035,1,173230.07,2026-10-02,2026-10-02,0,0
POITEM0003650,PO001047,PROD0024,69,15657.94,2026-10-04,2026-10-13,63,6
POITEM0003651,PO001047,PROD0031,81,54217.5,2026-10-04,2026-10-08,73,5
POITEM0003652,PO001047,PROD0034,18,63108.77,2026-10-04,2026-10-28,16,1
POITEM0003653,PO001048,PROD0020,56,72538.62,2026-09-20,2026-09-30,50,6
POITEM0003654,PO001048,PROD0198,66,36922.88,2026-09-20,2026-09-26,65,1
POITEM0003655,PO001048,PROD0238,49,147305.83,2026-09-20,2026-09-24,44,3
POITEM0003656,PO001048,PROD0156,25,78486.8,2026-09-20,2026-10-04,22,0
POITEM0003657,PO001048,PROD0055,31,131786.39,2026-09-20,2026-10-02,29,0
POITEM0003658,PO001048,PROD0249,5,52989.84,2026-09-20,2026-10-14,4,1
POITEM0003659,PO001049,PROD0158,85,99359.07,2026-09-21,2026-09-28,84,0
POITEM0003660,PO001049,PROD0249,74,68201.61,2026-09-21,2026-09-25,70,1
POITEM0003661,PO001049,PROD0029,32,1132.72,2026-09-21,2026-10-06,30,0
POITEM0003662,PO001050,PROD0090,37,36889.55,2026-09-14,2026-10-07,35,0
POITEM0003663,PO001051,PROD0182,31,52321.72,2026-09-19,2026-09-16,30,1
POITEM0003664,PO001052,PROD0085,53,47589.94,2026-10-13,2026-10-27,49,3
POITEM0003665,PO001052,PROD0014,85,130242.47,2026-10-13,2026-10-13,77,6
POITEM0003666,PO001053,PROD0105,71,84650.53,2026-09-13,2026-09-16,66,2
POITEM0003667,PO001054,PROD0043,97,69598.1,2026-10-20,2026-11-04,95,1
POITEM0003668,PO001054,PROD0083,95,126687.29,2026-10-20,2026-10-24,89,0
POITEM0003669,PO001054,PROD0045,1,46746.94,2026-10-20,2026-10-19,0,1
POITEM0003670,PO001055,PROD0125,9,39982.47,2026-09-18,2026-10-12,8,1
POITEM0003671,PO001055,PROD0185,75,93495.01,2026-09-18,2026-09-30,70,4
POITEM0003672,PO001055,PROD0208,91,42539.27,2026-09-18,2026-10-02,86,2
POITEM0003673,PO001056,PROD0135,50,34602.88,2026-09-23,2026-10-07,48,1
POITEM0003674,PO001056,PROD0235,65,8275.09,2026-09-23,2026-10-06,61,4
POITEM0003675,PO001056,PROD0233,29,2025.92,2026-09-23,2026-09-19,26,0
POITEM0003676,PO001056,PROD0092,48,130728.19,2026-09-23,2026-09-21,46,2
POITEM0003677,PO001056,PROD0110,81,28225.7,2026-09-23,2026-10-10,75,5
POITEM0003678,PO001057,PROD0111,85,86329.79,2026-10-19,2026-11-12,80,3
POITEM0003679,PO001057,PROD0116,27,36170.39,2026-10-19,2026-10-25,24,2
POITEM0003680,PO001057,PROD0090,100,32883.65,2026-10-19,2026-10-30,91,4
POITEM0003681,PO001058,PROD0219,58,20538.65,2026-09-25,2026-10-10,53,5
POITEM0003682,PO001058,PROD0048,12,64411.54,2026-09-25,2026-10-04,11,0
POITEM0003683,PO001059,PROD0104,47,131632.39,2026-09-19,2026-09-26,46,1
POITEM0003684,PO001059,PROD0035,4,131185.74,2026-09-19,2026-09-22,3,1
POITEM0003685,PO001059,PROD0195,2,19014.96,2026-09-19,2026-09-29,1,0
POITEM0003686,PO001059,PROD0168,85,124973.81,2026-09-19,2026-09-15,76,1
POITEM0003687,PO001060,PROD0220,36,46114.29,2026-10-20,2026-10-18,35,0
POITEM0003688,PO001060,PROD0168,1,112170.12,2026-10-20,2026-11-10,0,1
POITEM0003689,PO001060,PROD0236,66,6897.2,2026-10-20,2026-11-04,61,3
POITEM0003690,PO001061,PROD0067,90,53431.73,2026-10-07,2026-10-18,81,7
POITEM0003691,PO001061,PROD0011,100,37944.84,2026-10-07,2026-10-27,94,0
POITEM0003692,PO001062,PROD0001,82,5147.29,2026-10-03,2026-10-24,81,1
POITEM0003693,PO001063,PROD0139,35,86382.67,2026-10-06,2026-10-26,34,0
POITEM0003694,PO001063,PROD0154,63,44465.48,2026-10-06,2026-10-05,59,4
POITEM0003695,PO001063,PROD0016,19,127678.17,2026-10-06,2026-10-01,17,1
POITEM0003696,PO001063,PROD0173,53,118393.25,2026-10-06,2026-10-06,50,1
POITEM0003697,PO001064,PROD0185,85,101594.52,2026-10-03,2026-10-03,80,1
POITEM0003698,PO001064,PROD0029,30,1194.94,2026-10-03,2026-10-02,29,0
POITEM0003699,PO001064,PROD0032,24,37816.1,2026-10-03,2026-10-03,22,2
POITEM0003700,PO001064,PROD0090,20,34647.88,2026-10-03,2026-10-07,19,0
POITEM0003701,PO001064,PROD0223,69,107068.74,2026-10-03,2026-10-06,63,3
POITEM0003702,PO001065,PROD0222,25,102677.03,2026-10-02,2026-10-08,24,1
POITEM0003703,PO001065,PROD0040,5,126478.65,2026-10-02,2026-09-27,4,1
POITEM0003704,PO001065,PROD0135,12,26493.09,2026-10-02,2026-09-28,11,1
POITEM0003705,PO001066,PROD0155,48,25708.72,2026-10-01,2026-10-24,45,0
POITEM0003706,PO001066,PROD0206,91,175987.13,2026-10-01,2026-09-29,85,1
POITEM0003707,PO001066,PROD0030,45,81643.79,2026-10-01,2026-10-17,40,0
POITEM0003708,PO001066,PROD0059,100,30397.13,2026-10-01,,92,3
POITEM0003709,PO001067,PROD0248,57,7733.39,2026-10-13,2026-11-06,51,1
POITEM0003710,PO001067,PROD0200,22,11546.27,2026-10-13,2026-11-01,20,2
POITEM0003711,PO001067,PROD0242,68,78830.0,2026-10-13,2026-10-26,66,0
POITEM0003712,PO001068,PROD0203,56,74761.9,2026-10-14,2026-10-18,50,0
POITEM0003713,PO001069,PROD0180,72,146390.27,2026-09-18,2026-09-14,66,4
POITEM0003714,PO001069,PROD0240,98,17590.52,2026-09-18,2026-09-27,96,2
POITEM0003715,PO001069,PROD0171,31,140730.63,2026-09-18,2026-09-13,28,1
POITEM0003716,PO001069,PROD0093,70,159212.94,2026-09-18,2026-09-13,68,0
POITEM0003717,PO001069,PROD0245,4,65142.65,2026-09-18,2026-10-11,3,1
POITEM0003718,PO001069,PROD0126,14,35023.84,2026-09-18,2026-10-02,12,1
POITEM0003719,PO001070,PROD0242,43,74904.48,2026-09-23,2026-10-15,41,0
POITEM0003720,PO001070,PROD0085,98,38522.61,2026-09-23,,92,6
POITEM0003721,PO001070,PROD0063,13,94629.35,2026-09-23,2026-10-17,12,1
POITEM0003722,PO001070,PROD0078,37,70295.92,2026-09-23,2026-10-03,33,4
POITEM0003723,PO001070,PROD0020,53,81154.91,2026-09-23,2026-10-13,48,3
POITEM0003724,PO001070,PROD0157,37,154469.4,2026-09-23,2026-10-11,35,2
POITEM0003725,PO001071,PROD0141,23,172501.27,2026-10-08,2026-10-05,21,2
POITEM0003726,PO001071,PROD0010,66,14317.31,2026-10-08,2026-10-24,59,3
POITEM0003727,PO001072,PROD0099,29,145211.36,2026-10-20,2026-11-08,26,2
POITEM0003728,PO001073,PROD0234,4,21130.56,2026-10-21,2026-11-06,3,0
POITEM0003729,PO001073,PROD0144,60,62131.54,2026-10-21,2026-11-02,58,2
POITEM0003730,PO001073,PROD0165,99,119788.93,2026-10-21,2026-10-19,89,10
POITEM0003731,PO001073,PROD0182,19,60997.38,2026-10-21,2026-10-19,17,0
POITEM0003732,PO001074,PROD0159,31,77133.11,2026-09-22,2026-10-13,29,2
POITEM0003733,PO001074,PROD0186,52,5977.93,2026-09-22,2026-10-06,46,4
POITEM0003734,PO001074,PROD0232,2,109148.34,2026-09-22,2026-09-27,1,1
POITEM0003735,PO001074,PROD0184,71,14445.18,2026-09-22,2026-09-27,70,1
POITEM0003736,PO001074,PROD0114,64,41913.49,2026-09-22,2026-10-12,61,2
POITEM0003737,PO001074,PROD0065,76,12470.81,2026-09-22,2026-10-05,75,1
POITEM0003738,PO001075,PROD0197,74,122048.92,2026-10-14,2026-11-06,67,0
POITEM0003739,PO001075,PROD0006,54,45663.01,2026-10-14,2026-10-28,52,1
POITEM0003740,PO001075,PROD0140,73,30451.21,2026-10-14,2026-10-29,70,0
POITEM0003741,PO001075,PROD0195,89,17808.73,2026-10-14,2026-10-18,81,5
POITEM0003742,PO001075,PROD0072,20,2910.66,2026-10-14,2026-10-25,18,2
POITEM0003743,PO001075,PROD0048,70,77373.24,2026-10-14,2026-10-22,68,0
POITEM0003744,PO001076,PROD0018,43,32658.05,2026-09-16,2026-09-24,40,3
POITEM0003745,PO001076,PROD0187,31,81556.63,2026-09-16,2026-09-18,30,1
POITEM0003746,PO001076,PROD0013,97,155068.88,2026-09-16,2026-09-19,89,5
POITEM0003747,PO001076,PROD0100,57,112276.96,2026-09-16,2026-10-09,53,0
POITEM0003748,PO001077,PROD0103,41,21815.57,2026-10-07,2026-10-06,38,3
POITEM0003749,PO001078,PROD0024,85,15498.2,2026-09-19,2026-10-01,80,0
POITEM0003750,PO001078,PROD0238,39,128106.08,2026-09-19,2026-10-02,35,4
POITEM0003751,PO001078,PROD0058,8,130047.84,2026-09-19,2026-09-18,7,1
POITEM0003752,PO001078,PROD0108,29,88438.36,2026-09-19,2026-10-04,28,0
POITEM0003753,PO001079,PROD0072,79,2786.69,2026-09-25,2026-10-09,73,1
POITEM0003754,PO001079,PROD0050,82,48258.97,2026-09-25,2026-10-09,75,6
POITEM0003755,PO001079,PROD0123,38,15943.58,2026-09-25,2026-09-28,34,2
POITEM0003756,PO001079,PROD0186,59,6507.17,2026-09-25,2026-10-14,55,3
POITEM0003757,PO001079,PROD0103,24,26874.74,2026-09-25,2026-09-30,22,0
POITEM0003758,PO001080,PROD0073,19,86150.04,2026-10-17,2026-11-09,18,1
POITEM0003759,PO001080,PROD0173,23,135184.14,2026-10-17,2026-10-18,22,1
POITEM0003760,PO001080,PROD0048,66,77906.06,2026-10-17,2026-10-12,65,0
POITEM0003761,PO001080,PROD0062,36,99545.9,2026-10-17,2026-10-14,35,1
POITEM0003762,PO001080,PROD0191,91,5468.76,2026-10-17,2026-10-16,85,2
POITEM0003763,PO001081,PROD0185,43,81753.64,2026-10-07,2026-10-12,40,1
POITEM0003764,PO001082,PROD0154,44,56198.98,2026-09-15,2026-09-20,40,3
POITEM0003765,PO001082,PROD0028,37,136841.81,2026-09-15,2026-10-07,36,0
POITEM0003766,PO001082,PROD0084,50,130480.11,2026-09-15,2026-09-15,48,1
POITEM0003767,PO001082,PROD0137,73,40004.67,2026-09-15,2026-10-05,66,6
POITEM0003768,PO001083,PROD0042,36,44190.33,2026-09-21,2026-09-21,32,2
POITEM0003769,PO001084,PROD0016,29,125313.44,2026-10-14,2026-10-30,28,0
POITEM0003770,PO001084,PROD0062,80,93799.81,2026-10-14,2026-11-03,79,1
POITEM0003771,PO001084,PROD0196,87,97344.92,2026-10-14,2026-10-28,80,4
POITEM0003772,PO001084,PROD0055,46,128095.09,2026-10-14,2026-10-14,44,0
POITEM0003773,PO001085,PROD0083,82,142927.65,2026-10-15,2026-10-27,74,2
POITEM0003774,PO001086,PROD0100,18,132565.85,2026-10-07,2026-10-21,16,1
POITEM0003775,PO001086,PROD0058,51,136900.59,2026-10-07,2026-10-07,46,5
POITEM0003776,PO001086,PROD0012,80,21862.8,2026-10-07,2026-10-21,73,1
POITEM0003777,PO001086,PROD0072,57,3192.04,2026-10-07,2026-10-07,55,0
POITEM0003778,PO001086,PROD0006,63,43859.18,2026-10-07,2026-10-11,59,1
POITEM0003779,PO001087,PROD0036,12,47796.84,2026-09-14,2026-09-22,11,1
POITEM0003780,PO001087,PROD0213,70,4064.89,2026-09-14,2026-10-08,66,1
POITEM0003781,PO001087,PROD0034,16,55916.78,2026-09-14,2026-09-20,14,2
POITEM0003782,PO001087,PROD0007,31,75755.0,2026-09-14,2026-09-27,28,1
POITEM0003783,PO001087,PROD0078,52,71791.71,2026-09-14,2026-09-21,46,4
POITEM0003784,PO001088,PROD0122,1,88910.02,2026-10-20,2026-10-27,0,0
POITEM0003785,PO001088,PROD0220,17,38726.56,2026-10-20,2026-11-10,16,1
POITEM0003786,PO001089,PROD0249,28,57617.79,2026-10-10,2026-10-08,26,0
POITEM0003787,PO001090,PROD0041,100,165028.78,2026-09-28,2026-10-23,96,2
POITEM0003788,PO001090,PROD0129,1,158347.72,2026-09-28,2026-09-28,0,0
POITEM0003789,PO001090,PROD0012,6,26543.6,2026-09-28,2026-10-06,5,0
POITEM0003790,PO001090,PROD0078,86,57949.4,2026-09-28,2026-10-11,81,0
POITEM0003791,PO001090,PROD0137,14,41154.72,2026-09-28,2026-10-11,12,0
POITEM0003792,PO001091,PROD0063,78,88936.28,2026-09-17,2026-09-27,71,1
POITEM0003793,PO001091,PROD0055,78,166068.11,2026-09-17,2026-09-13,75,0
POITEM0003794,PO001091,PROD0096,8,64521.94,2026-09-17,2026-10-02,7,0
POITEM0003795,PO001091,PROD0159,24,74500.4,2026-09-17,2026-10-04,23,1
POITEM0003796,PO001091,PROD0058,56,136556.81,2026-09-17,2026-09-15,52,3
POITEM0003797,PO001091,PROD0126,19,39767.33,2026-09-17,2026-09-17,18,1
POITEM0003798,PO001092,PROD0184,64,15080.62,2026-09-14,2026-09-11,63,1
POITEM0003799,PO001092,PROD0174,46,120995.9,2026-09-14,2026-09-28,42,2
POITEM0003800,PO001092,PROD0072,1,2654.55,2026-09-14,2026-10-02,0,1
POITEM0003801,PO001092,PROD0180,75,140460.48,2026-09-14,2026-09-28,74,0
POITEM0003802,PO001093,PROD0001,100,4837.89,2026-10-10,2026-10-16,90,3
POITEM0003803,PO001093,PROD0074,18,39856.47,2026-10-10,2026-10-28,17,0
POITEM0003804,PO001094,PROD0247,50,88573.96,2026-10-13,2026-10-28,47,3
POITEM0003805,PO001095,PROD0235,10,8023.65,2026-10-03,2026-10-07,9,1
POITEM0003806,PO001095,PROD0201,49,8238.25,2026-10-03,2026-10-07,45,3
POITEM0003807,PO001095,PROD0137,94,52291.63,2026-10-03,2026-10-07,90,1
POITEM0003808,PO001095,PROD0197,57,117057.9,2026-10-03,2026-09-28,52,5
POITEM0003809,PO001096,PROD0158,38,119310.7,2026-10-14,2026-11-08,35,2
POITEM0003810,PO001097,PROD0174,90,125854.89,2026-10-02,2026-10-26,85,0
POITEM0003811,PO001097,PROD0158,11,100883.56,2026-10-02,2026-10-18,10,1
POITEM0003812,PO001098,PROD0110,55,21716.25,2026-09-17,2026-09-22,53,0
POITEM0003813,PO001098,PROD0249,45,54190.94,2026-09-17,2026-09-17,40,5
POITEM0003814,PO001098,PROD0108,61,89680.13,2026-09-17,2026-10-02,60,1
POITEM0003815,PO001098,PROD0183,9,67507.38,2026-09-17,2026-09-16,8,0
POITEM0003816,PO001099,PROD0041,83,167664.91,2026-09-29,2026-10-04,79,3
POITEM0003817,PO001099,PROD0142,71,177202.02,2026-09-29,2026-09-25,66,3
POITEM0003818,PO001099,PROD0023,85,53624.41,2026-09-29,2026-09-26,77,0
POITEM0003819,PO001099,PROD0211,20,66461.92,2026-09-29,2026-09-28,19,0
POITEM0003820,PO001099,PROD0180,9,127220.35,2026-09-29,2026-10-15,8,0
POITEM0003821,PO001100,PROD0123,57,12700.91,2026-09-18,2026-09-13,55,1
POITEM0003822,PO001100,PROD0161,81,102251.54,2026-09-18,2026-10-09,75,3
POITEM0003823,PO001100,PROD0141,81,173575.05,2026-09-18,2026-09-26,73,3
POITEM0003824,PO001100,PROD0175,43,74562.05,2026-09-18,2026-09-20,42,0
POITEM0003825,PO001101,PROD0051,63,133302.56,2026-09-30,2026-09-28,58,4
POITEM0003826,PO001101,PROD0176,46,80071.56,2026-09-30,2026-10-13,45,0
POITEM0003827,PO001102,PROD0223,18,88291.29,2026-09-26,2026-10-03,17,1
POITEM0003828,PO001103,PROD0132,11,88122.31,2026-10-10,2026-10-07,10,1
POITEM0003829,PO001103,PROD0095,20,57784.82,2026-10-10,2026-10-24,18,1
POITEM0003830,PO001103,PROD0107,25,15477.74,2026-10-10,2026-10-05,24,0
POITEM0003831,PO001103,PROD0057,4,124565.09,2026-10-10,2026-11-04,3,0
POITEM0003832,PO001103,PROD0234,59,17818.69,2026-10-10,2026-10-31,55,2
POITEM0003833,PO001103,PROD0128,99,59056.32,2026-10-10,2026-11-03,92,3
POITEM0003834,PO001104,PROD0193,20,107476.79,2026-09-29,2026-10-21,19,0
POITEM0003835,PO001104,PROD0138,90,3836.66,2026-09-29,2026-10-16,82,1
POITEM0003836,PO001104,PROD0145,27,2843.33,2026-09-29,2026-09-28,26,1
POITEM0003837,PO001104,PROD0233,56,2358.17,2026-09-29,2026-10-05,52,4
POITEM0003838,PO001104,PROD0179,85,116408.91,2026-09-29,2026-10-14,78,6
POITEM0003839,PO001105,PROD0157,62,132622.16,2026-10-16,2026-11-04,60,2
POITEM0003840,PO001105,PROD0054,92,63633.69,2026-10-16,2026-10-19,83,1
POITEM0003841,PO001105,PROD0033,63,15406.71,2026-10-16,2026-11-01,57,4
POITEM0003842,PO001105,PROD0249,26,49368.66,2026-10-16,2026-11-05,25,1
POITEM0003843,PO001106,PROD0088,44,80451.9,2026-10-12,2026-11-04,40,1
POITEM0003844,PO001106,PROD0146,68,131790.68,2026-10-12,2026-10-11,67,0
POITEM0003845,PO001106,PROD0019,13,141669.06,2026-10-12,2026-10-10,12,1
POITEM0003846,PO001106,PROD0226,86,132781.67,2026-10-12,2026-11-03,80,0
POITEM0003847,PO001107,PROD0206,55,144038.65,2026-09-25,2026-10-02,50,2
POITEM0003848,PO001107,PROD0091,24,14071.82,2026-09-25,2026-10-03,22,1
POITEM0003849,PO001107,PROD0042,29,42418.11,2026-09-25,2026-10-17,26,2
POITEM0003850,PO001107,PROD0180,9,129045.52,2026-09-25,2026-10-15,8,0
POITEM0003851,PO001108,PROD0047,45,84751.81,2026-10-02,2026-10-04,42,1
POITEM0003852,PO001108,PROD0072,63,3167.92,2026-10-02,2026-10-27,59,2
POITEM0003853,PO001108,PROD0081,87,57149.08,2026-10-02,2026-10-09,80,5
POITEM0003854,PO001108,PROD0242,97,64023.89,2026-10-02,2026-10-09,87,9
POITEM0003855,PO001109,PROD0106,66,1437.48,2026-09-26,2026-09-30,60,4
POITEM0003856,PO001109,PROD0067,55,44311.06,2026-09-26,2026-09-26,53,0
POITEM0003857,PO001109,PROD0136,36,92822.95,2026-09-26,2026-10-17,34,2
POITEM0003858,PO001109,PROD0113,37,98003.57,2026-09-26,2026-10-13,35,1
POITEM0003859,PO001110,PROD0006,40,40284.03,2026-09-23,2026-10-01,37,1
POITEM0003860,PO001111,PROD0002,75,92446.14,2026-09-22,2026-09-21,73,2
POITEM0003861,PO001111,PROD0246,54,110761.49,2026-09-22,2026-09-27,49,3
POITEM0003862,PO001111,PROD0106,69,1314.58,2026-09-22,2026-10-16,68,1
POITEM0003863,PO001112,PROD0037,87,77084.79,2026-10-18,2026-10-14,83,3
POITEM0003864,PO001113,PROD0193,54,122644.82,2026-09-23,2026-10-10,49,3
POITEM0003865,PO001113,PROD0115,23,116016.69,2026-09-23,2026-10-07,21,0
POITEM0003866,PO001114,PROD0082,100,15932.49,2026-10-18,2026-10-19,94,2
POITEM0003867,PO001114,PROD0180,88,139539.73,2026-10-18,2026-11-10,84,2
POITEM0003868,PO001114,PROD0006,18,33301.13,2026-10-18,2026-10-15,17,0
POITEM0003869,PO001114,PROD0158,74,118125.79,2026-10-18,2026-10-16,72,1
POITEM0003870,PO001114,PROD0113,56,107773.02,2026-10-18,2026-11-09,51,5
POITEM0003871,PO001114,PROD0150,48,145122.45,2026-10-18,2026-11-10,46,0
POITEM0003872,PO001115,PROD0038,26,90690.8,2026-09-18,2026-09-22,24,1
POITEM0003873,PO001115,PROD0202,60,78408.67,2026-09-18,2026-09-30,58,2
POITEM0003874,PO001116,PROD0172,45,113812.91,2026-09-18,2026-09-28,43,2
POITEM0003875,PO001116,PROD0187,73,84939.9,2026-09-18,2026-09-27,71,0
POITEM0003876,PO001116,PROD0179,48,128347.06,2026-09-18,2026-09-16,47,1
POITEM0003877,PO001116,PROD0002,90,81580.82,2026-09-18,2026-10-03,86,0
POITEM0003878,PO001116,PROD0074,59,34567.12,2026-09-18,2026-09-13,58,0
POITEM0003879,PO001116,PROD0234,30,16637.03,2026-09-18,2026-10-03,29,0
POITEM0003880,PO001117,PROD0075,58,106055.26,2026-10-19,2026-10-31,56,2
POITEM0003881,PO001118,PROD0199,25,82651.03,2026-10-16,2026-10-25,22,1
POITEM0003882,PO001118,PROD0063,89,109645.58,2026-10-16,2026-10-12,80,9
POITEM0003883,PO001119,PROD0181,51,157110.17,2026-10-03,2026-10-13,45,3
POITEM0003884,PO001119,PROD0070,99,98681.59,2026-10-03,2026-10-21,92,7
POITEM0003885,PO001119,PROD0082,2,18728.22,2026-10-03,2026-10-10,1,0
POITEM0003886,PO001119,PROD0017,53,119001.83,2026-10-03,2026-10-18,48,1
POITEM0003887,PO001119,PROD0184,86,12454.96,2026-10-03,2026-10-02,82,4
POITEM0003888,PO001119,PROD0237,55,135810.53,2026-10-03,2026-10-04,53,0
POITEM0003889,PO001120,PROD0018,18,29579.49,2026-09-22,2026-10-15,16,0
POITEM0003890,PO001121,PROD0211,7,66510.41,2026-09-29,2026-10-22,6,1
POITEM0003891,PO001122,PROD0236,33,6107.35,2026-10-06,2026-10-25,32,0
POITEM0003892,PO001122,PROD0069,27,7451.04,2026-10-06,2026-10-25,25,0
POITEM0003893,PO001122,PROD0033,55,19605.72,2026-10-06,2026-10-28,54,1
POITEM0003894,PO001122,PROD0100,87,120105.07,2026-10-06,2026-10-19,78,6
POITEM0003895,PO001122,PROD0210,3,35806.05,2026-10-06,2026-10-31,2,0
POITEM0003896,PO001123,PROD0139,82,119886.38,2026-10-13,2026-10-10,79,1
POITEM0003897,PO001123,PROD0155,49,22404.46,2026-10-13,2026-10-08,45,2
POITEM0003898,PO001123,PROD0104,82,156161.95,2026-10-13,2026-10-29,80,1
POITEM0003899,PO001123,PROD0128,78,64755.4,2026-10-13,2026-11-06,75,2
POITEM0003900,PO001123,PROD0186,56,4726.79,2026-10-13,2026-11-05,55,0
POITEM0003901,PO001123,PROD0190,4,103323.28,2026-10-13,2026-10-25,3,1
POITEM0003902,PO001124,PROD0072,7,2931.74,2026-10-06,2026-10-04,6,0
POITEM0003903,PO001124,PROD0146,19,120613.18,2026-10-06,2026-10-09,17,2
POITEM0003904,PO001124,PROD0184,48,13073.45,2026-10-06,2026-10-25,44,0
POITEM0003905,PO001124,PROD0214,73,146910.66,2026-10-06,2026-10-30,69,1
POITEM0003906,PO001125,PROD0013,1,145137.99,2026-09-16,2026-09-13,0,0
POITEM0003907,PO001125,PROD0212,43,10219.91,2026-09-16,2026-09-20,41,1
POITEM0003908,PO001125,PROD0168,15,106276.98,2026-09-16,2026-09-26,13,1
POITEM0003909,PO001126,PROD0184,8,16979.73,2026-10-02,2026-10-14,7,0
POITEM0003910,PO001126,PROD0177,28,142891.71,2026-10-02,2026-10-27,26,2
POITEM0003911,PO001126,PROD0230,94,33599.73,2026-10-02,2026-10-13,91,0
POITEM0003912,PO001126,PROD0182,37,47335.22,2026-10-02,2026-10-05,34,0
POITEM0003913,PO001126,PROD0165,8,115297.6,2026-10-02,2026-10-06,7,0
POITEM0003914,PO001127,PROD0062,52,85430.08,2026-10-11,2026-10-18,51,1
POITEM0003915,PO001127,PROD0017,10,144165.14,2026-10-11,2026-10-27,9,0
POITEM0003916,PO001127,PROD0090,43,41724.81,2026-10-11,2026-10-12,41,2
POITEM0003917,PO001128,PROD0168,62,123450.43,2026-09-28,2026-10-02,58,3
POITEM0003918,PO001128,PROD0027,41,142886.24,2026-09-28,2026-10-04,38,0
POITEM0003919,PO001128,PROD0071,26,124682.89,2026-09-28,2026-09-24,24,2
POITEM0003920,PO001128,PROD0132,82,78089.48,2026-09-28,2026-09-23,80,0
POITEM0003921,PO001128,PROD0166,52,130994.5,2026-09-28,2026-10-09,49,2
POITEM0003922,PO001128,PROD0056,49,33543.19,2026-09-28,2026-10-02,46,3
POITEM0003923,PO001129,PROD0125,58,49308.31,2026-10-09,2026-10-21,56,1
POITEM0003924,PO001130,PROD0024,78,19492.34,2026-10-14,2026-10-10,70,2
POITEM0003925,PO001131,PROD0203,52,84155.09,2026-09-23,2026-10-16,50,2
POITEM0003926,PO001131,PROD0234,68,20684.39,2026-09-23,2026-10-10,61,3
POITEM0003927,PO001131,PROD0169,62,64298.05,2026-09-23,2026-10-10,59,0
POITEM0003928,PO001131,PROD0027,56,113998.13,2026-09-23,2026-09-20,52,0
POITEM0003929,PO001132,PROD0133,55,83354.75,2026-10-21,2026-11-10,52,3
POITEM0003930,PO001132,PROD0238,15,91924.32,2026-10-21,2026-10-18,13,2
POITEM0003931,PO001132,PROD0100,74,137487.96,2026-10-21,2026-10-31,67,6
POITEM0003932,PO001133,PROD0092,67,126969.11,2026-09-16,2026-09-17,63,1
POITEM0003933,PO001133,PROD0149,21,152763.87,2026-09-16,2026-09-24,20,0
POITEM0003934,PO001133,PROD0189,61,44298.17,2026-09-16,2026-10-08,59,0
POITEM0003935,PO001133,PROD0183,93,61889.76,2026-09-16,2026-09-21,84,0
POITEM0003936,PO001134,PROD0249,48,51334.0,2026-10-08,2026-10-09,45,2
POITEM0003937,PO001134,PROD0138,46,3777.75,2026-10-08,2026-10-23,44,2
POITEM0003938,PO001134,PROD0054,9,79515.09,2026-10-08,2026-10-21,8,1
POITEM0003939,PO001135,PROD0084,70,120860.92,2026-09-20,2026-09-26,64,1
POITEM0003940,PO001135,PROD0113,47,105674.91,2026-09-20,2026-10-15,44,1
POITEM0003941,PO001135,PROD0181,32,140984.59,2026-09-20,2026-10-03,29,1
POITEM0003942,PO001135,PROD0039,37,60896.88,2026-09-20,2026-09-20,36,1
POITEM0003943,PO001136,PROD0169,100,51459.79,2026-10-09,2026-10-26,94,3
POITEM0003944,PO001136,PROD0037,43,96571.14,2026-10-09,2026-10-21,40,0
POITEM0003945,PO001136,PROD0025,9,37283.65,2026-10-09,2026-10-25,8,1
POITEM0003946,PO001136,PROD0120,70,139170.98,2026-10-09,2026-10-30,63,4
POITEM0003947,PO001137,PROD0110,27,29861.73,2026-09-21,2026-09-16,26,0
POITEM0003948,PO001137,PROD0141,1,164389.3,2026-09-21,2026-09-20,0,1
POITEM0003949,PO001137,PROD0125,27,43276.94,2026-09-21,2026-09-21,25,1
POITEM0003950,PO001137,PROD0155,23,30438.71,2026-09-21,2026-10-01,22,1
POITEM0003951,PO001138,PROD0152,29,60695.16,2026-10-09,2026-10-12,28,1
POITEM0003952,PO001138,PROD0144,9,60219.01,2026-10-09,2026-10-24,8,1
POITEM0003953,PO001138,PROD0208,95,50053.5,2026-10-09,2026-10-26,87,0
POITEM0003954,PO001138,PROD0166,22,94635.4,2026-10-09,2026-10-14,20,0
POITEM0003955,PO001139,PROD0095,31,53664.64,2026-09-14,2026-09-09,29,2
POITEM0003956,PO001139,PROD0242,60,73162.56,2026-09-14,2026-10-05,59,0
POITEM0003957,PO001139,PROD0077,1,102646.15,2026-09-14,2026-09-26,0,1
POITEM0003958,PO001139,PROD0110,17,21867.07,2026-09-14,2026-10-07,15,2
POITEM0003959,PO001139,PROD0028,2,149804.42,2026-09-14,2026-09-29,1,1
POITEM0003960,PO001140,PROD0143,92,158411.54,2026-09-27,2026-10-19,84,2
POITEM0003961,PO001140,PROD0222,62,115659.36,2026-09-27,2026-10-17,57,3
POITEM0003962,PO001141,PROD0117,97,46004.63,2026-09-23,2026-09-21,87,1
POITEM0003963,PO001141,PROD0236,98,5597.98,2026-09-23,2026-10-04,91,4
POITEM0003964,PO001141,PROD0192,18,5110.13,2026-09-23,2026-09-28,17,0
POITEM0003965,PO001141,PROD0244,89,63405.24,2026-09-23,2026-10-11,81,7
POITEM0003966,PO001142,PROD0130,78,88043.38,2026-09-18,2026-09-14,74,0
POITEM0003967,PO001142,PROD0236,57,5433.42,2026-09-18,2026-10-12,56,0
POITEM0003968,PO001142,PROD0100,19,144452.31,2026-09-18,2026-09-15,17,0
POITEM0003969,PO001142,PROD0051,19,140341.72,2026-09-18,2026-10-05,17,1
POITEM0003970,PO001142,PROD0001,19,5322.59,2026-09-18,2026-09-19,17,1
POITEM0003971,PO001142,PROD0200,87,12352.36,2026-09-18,2026-09-22,80,7
POITEM0003972,PO001143,PROD0228,7,102042.33,2026-09-13,2026-09-19,6,1
POITEM0003973,PO001143,PROD0174,89,126290.5,2026-09-13,2026-09-29,86,3
POITEM0003974,PO001144,PROD0025,92,36872.8,2026-09-27,2026-10-20,90,1
POITEM0003975,PO001144,PROD0194,16,48520.52,2026-09-27,2026-10-13,15,1
POITEM0003976,PO001144,PROD0159,14,95767.67,2026-09-27,2026-10-04,12,1
POITEM0003977,PO001144,PROD0214,91,162873.97,2026-09-27,2026-10-11,85,3
POITEM0003978,PO001145,PROD0198,99,39850.33,2026-10-14,2026-10-23,90,6
POITEM0003979,PO001145,PROD0103,38,26934.5,2026-10-14,2026-10-10,35,3
POITEM0003980,PO001145,PROD0104,68,166163.15,2026-10-14,2026-11-05,63,1
POITEM0003981,PO001146,PROD0074,35,42049.6,2026-10-01,2026-09-26,34,0
POITEM0003982,PO001146,PROD0200,79,12354.04,2026-10-01,2026-10-18,77,1
POITEM0003983,PO001147,PROD0042,37,47236.17,2026-09-22,2026-10-17,34,1
POITEM0003984,PO001147,PROD0240,87,15130.2,2026-09-22,2026-09-29,82,5
POITEM0003985,PO001148,PROD0094,89,91959.23,2026-09-28,2026-09-28,80,2
POITEM0003986,PO001148,PROD0051,12,127808.66,2026-09-28,2026-10-11,11,0
POITEM0003987,PO001148,PROD0200,98,13247.39,2026-09-28,2026-10-01,89,3
POITEM0003988,PO001148,PROD0118,80,134320.67,2026-09-28,2026-10-15,77,0
POITEM0003989,PO001148,PROD0160,59,12966.59,2026-09-28,2026-09-23,56,2
POITEM0003990,PO001148,PROD0052,89,40024.13,2026-09-28,2026-10-02,88,1
POITEM0003991,PO001149,PROD0063,64,80921.06,2026-10-13,2026-11-02,59,5
POITEM0003992,PO001149,PROD0108,76,121573.05,2026-10-13,2026-10-11,75,0
POITEM0003993,PO001149,PROD0013,43,158740.11,2026-10-13,2026-10-09,41,2
POITEM0003994,PO001149,PROD0196,90,69494.95,2026-10-13,2026-10-11,85,0
POITEM0003995,PO001149,PROD0030,9,72263.22,2026-10-13,2026-10-20,8,0
POITEM0003996,PO001149,PROD0086,54,116275.12,2026-10-13,2026-10-08,49,0
POITEM0003997,PO001150,PROD0009,74,35685.38,2026-10-07,2026-10-24,73,0
POITEM0003998,PO001150,PROD0035,86,130739.63,2026-10-07,2026-10-10,85,1
POITEM0003999,PO001150,PROD0103,44,30354.59,2026-10-07,2026-10-21,42,1
POITEM0004000,PO001150,PROD0090,72,33374.74,2026-10-07,2026-10-31,67,1
POITEM0004001,PO001150,PROD0144,29,56687.25,2026-10-07,2026-10-12,26,2
POITEM0004002,PO001151,PROD0129,12,128766.73,2026-09-19,2026-10-03,11,0
POITEM0004003,PO001151,PROD0183,14,51399.8,2026-09-19,2026-09-23,13,1
POITEM0004004,PO001151,PROD0053,61,18550.36,2026-09-19,2026-10-02,58,0
POITEM0004005,PO001151,PROD0092,33,163715.42,2026-09-19,2026-09-26,30,1
POITEM0004006,PO001151,PROD0126,91,33894.54,2026-09-19,2026-09-30,87,3
POITEM0004007,PO001152,PROD0100,20,132803.54,2026-10-13,2026-10-08,19,0
POITEM0004008,PO001152,PROD0219,12,23025.38,2026-10-13,2026-11-07,11,1
POITEM0004009,PO001152,PROD0073,89,94723.16,2026-10-13,2026-10-12,88,1
POITEM0004010,PO001152,PROD0174,55,141505.54,2026-10-13,2026-10-19,54,0
POITEM0004011,PO001152,PROD0213,100,4020.71,2026-10-13,2026-10-24,94,1
POITEM0004012,PO001152,PROD0062,40,86599.88,2026-10-13,2026-10-20,37,2
POITEM0004013,PO001153,PROD0220,22,40054.9,2026-09-15,2026-10-03,19,3
POITEM0004014,PO001153,PROD0228,86,94334.68,2026-09-15,2026-09-14,84,1
POITEM0004015,PO001153,PROD0152,1,64882.01,2026-09-15,2026-09-11,0,0
POITEM0004016,PO001154,PROD0226,70,134383.16,2026-10-06,2026-10-13,63,0
POITEM0004017,PO001154,PROD0189,12,46187.57,2026-10-06,2026-10-10,11,1
POITEM0004018,PO001154,PROD0173,3,138728.51,2026-10-06,2026-10-11,2,0
POITEM0004019,PO001154,PROD0169,76,48831.9,2026-10-06,2026-10-01,75,1
POITEM0004020,PO001154,PROD0037,36,80849.39,2026-10-06,2026-10-07,35,0
POITEM0004021,PO001154,PROD0006,64,40629.07,2026-10-06,2026-10-29,61,0
POITEM0004022,PO001155,PROD0245,8,70109.94,2026-09-23,2026-10-16,7,0
POITEM0004023,PO001155,PROD0167,31,105547.11,2026-09-23,2026-09-28,29,1
POITEM0004024,PO001155,PROD0052,84,42175.95,2026-09-23,2026-10-17,78,1
POITEM0004025,PO001155,PROD0187,49,70259.98,2026-09-23,2026-10-07,44,5
POITEM0004026,PO001156,PROD0208,12,58981.53,2026-10-03,2026-10-27,10,0
POITEM0004027,PO001156,PROD0004,8,84676.89,2026-10-03,2026-10-21,7,0
POITEM0004028,PO001157,PROD0014,31,122722.12,2026-10-03,2026-09-30,30,1
POITEM0004029,PO001157,PROD0135,67,25750.02,2026-10-03,2026-10-01,64,0
POITEM0004030,PO001157,PROD0211,40,76367.87,2026-10-03,2026-10-25,39,0
POITEM0004031,PO001157,PROD0153,23,117242.28,2026-10-03,2026-10-14,22,0
POITEM0004032,PO001157,PROD0151,43,49212.81,2026-10-03,2026-10-20,42,1
POITEM0004033,PO001158,PROD0086,70,103400.12,2026-10-06,2026-10-29,66,4
POITEM0004034,PO001159,PROD0160,7,17858.47,2026-09-29,2026-10-13,6,0
POITEM0004035,PO001159,PROD0175,7,78996.28,2026-09-29,2026-10-23,6,1
POITEM0004036,PO001160,PROD0057,32,101586.14,2026-10-14,2026-11-02,30,1
POITEM0004037,PO001160,PROD0163,51,20354.8,2026-10-14,2026-10-14,47,4
POITEM0004038,PO001160,PROD0114,83,40273.59,2026-10-14,2026-10-09,75,8
POITEM0004039,PO001160,PROD0107,11,17163.84,2026-10-14,2026-10-13,10,0
POITEM0004040,PO001160,PROD0109,87,848.26,2026-10-14,2026-10-29,78,6
POITEM0004041,PO001160,PROD0023,67,45761.93,2026-10-14,2026-10-11,65,1
POITEM0004042,PO001161,PROD0078,33,69918.6,2026-10-11,2026-10-30,30,3
POITEM0004043,PO001161,PROD0200,1,13350.27,2026-10-11,2026-11-02,0,1
POITEM0004044,PO001161,PROD0118,92,134335.05,2026-10-11,2026-10-13,89,0
POITEM0004045,PO001161,PROD0229,12,66477.49,2026-10-11,2026-10-07,11,1
POITEM0004046,PO001161,PROD0179,88,125225.12,2026-10-11,2026-10-23,79,3
POITEM0004047,PO001162,PROD0200,56,13037.43,2026-09-15,2026-09-25,55,0
POITEM0004048,PO001162,PROD0190,78,101622.23,2026-09-15,2026-09-24,74,4
POITEM0004049,PO001162,PROD0063,65,100946.68,2026-09-15,2026-09-19,60,1
POITEM0004050,PO001162,PROD0003,13,49970.67,2026-09-15,2026-09-27,12,0
POITEM0004051,PO001162,PROD0221,96,83858.83,2026-09-15,2026-09-19,93,1
POITEM0004052,PO001162,PROD0157,86,167742.16,2026-09-15,2026-09-23,78,3
POITEM0004053,PO001163,PROD0105,83,93790.15,2026-10-14,2026-10-09,78,5
POITEM0004054,PO001163,PROD0188,14,91621.59,2026-10-14,2026-10-21,12,1
POITEM0004055,PO001163,PROD0222,55,118593.79,2026-10-14,2026-10-24,54,0
POITEM0004056,PO001163,PROD0092,66,136914.72,2026-10-14,2026-10-24,65,1
POITEM0004057,PO001164,PROD0223,68,123558.6,2026-10-14,2026-10-26,61,3
POITEM0004058,PO001164,PROD0230,53,35120.73,2026-10-14,2026-11-07,52,0
POITEM0004059,PO001164,PROD0033,56,22283.6,2026-10-14,2026-10-26,50,4
POITEM0004060,PO001164,PROD0169,86,46213.46,2026-10-14,2026-10-30,78,5
POITEM0004061,PO001165,PROD0023,94,59634.71,2026-09-26,2026-10-11,86,6
POITEM0004062,PO001166,PROD0042,21,39772.84,2026-10-15,2026-10-15,20,1
POITEM0004063,PO001166,PROD0118,56,96113.19,2026-10-15,2026-10-23,53,3
POITEM0004064,PO001166,PROD0237,66,123304.17,2026-10-15,2026-11-05,65,0
POITEM0004065,PO001166,PROD0103,73,23437.35,2026-10-15,2026-11-01,70,1
POITEM0004066,PO001166,PROD0045,58,47919.94,2026-10-15,2026-10-30,53,3
POITEM0004067,PO001166,PROD0152,11,49957.15,2026-10-15,2026-11-09,10,1
POITEM0004068,PO001167,PROD0044,83,43650.22,2026-10-20,2026-11-03,81,2
POITEM0004069,PO001167,PROD0048,92,88289.35,2026-10-20,2026-11-01,87,4
POITEM0004070,PO001167,PROD0141,1,154138.95,2026-10-20,2026-10-29,0,1
POITEM0004071,PO001168,PROD0150,69,151110.49,2026-10-19,2026-10-17,65,1
POITEM0004072,PO001168,PROD0062,42,91104.29,2026-10-19,2026-10-24,38,4
POITEM0004073,PO001168,PROD0207,62,82489.96,2026-10-19,2026-10-29,58,3
POITEM0004074,PO001168,PROD0082,20,17555.36,2026-10-19,2026-10-27,18,1
POITEM0004075,PO001168,PROD0145,78,2749.14,2026-10-19,2026-11-09,71,7
POITEM0004076,PO001169,PROD0076,25,24368.93,2026-09-19,2026-10-13,23,2
POITEM0004077,PO001169,PROD0007,48,57987.89,2026-09-19,2026-10-14,46,2
POITEM0004078,PO001169,PROD0141,69,140875.17,2026-09-19,,65,2
POITEM0004079,PO001169,PROD0215,4,133548.7,2026-09-19,2026-10-13,3,0
POITEM0004080,PO001170,PROD0241,14,67321.6,2026-09-20,2026-10-13,13,1
POITEM0004081,PO001170,PROD0240,43,15112.17,2026-09-20,2026-09-30,40,1
POITEM0004082,PO001170,PROD0075,74,83668.75,2026-09-20,2026-09-17,70,1
POITEM0004083,PO001170,PROD0032,76,35787.23,2026-09-20,2026-10-15,72,2
POITEM0004084,PO001170,PROD0198,51,36761.54,2026-09-20,2026-09-26,46,0
POITEM0004085,PO001170,PROD0113,69,93024.54,2026-09-20,2026-10-02,67,1
POITEM0004086,PO001171,PROD0166,15,136577.92,2026-09-18,2026-10-09,13,1
POITEM0004087,PO001172,PROD0110,47,25392.63,2026-09-13,2026-10-02,43,0
POITEM0004088,PO001172,PROD0011,1,38049.76,2026-09-13,2026-09-30,0,0
POITEM0004089,PO001172,PROD0015,34,86252.98,2026-09-13,2026-09-16,33,0
POITEM0004090,PO001172,PROD0224,67,44732.62,2026-09-13,2026-10-08,61,3
POITEM0004091,PO001172,PROD0167,72,89281.86,2026-09-13,2026-10-04,70,1
POITEM0004092,PO001173,PROD0164,81,71610.97,2026-10-19,2026-10-21,77,0
POITEM0004093,PO001173,PROD0119,100,95995.23,2026-10-19,2026-10-18,95,4
POITEM0004094,PO001173,PROD0013,26,136151.06,2026-10-19,2026-10-14,23,0
POITEM0004095,PO001174,PROD0188,20,76489.1,2026-09-17,2026-09-22,18,2
POITEM0004096,PO001175,PROD0017,83,123127.47,2026-09-24,2026-10-05,80,3
POITEM0004097,PO001176,PROD0010,3,11121.6,2026-09-23,2026-09-30,2,1
POITEM0004098,PO001176,PROD0127,20,154357.59,2026-09-23,2026-09-23,19,0
POITEM0004099,PO001176,PROD0071,30,125573.69,2026-09-23,2026-10-15,28,0
POITEM0004100,PO001176,PROD0044,53,46940.52,2026-09-23,2026-10-07,50,1
POITEM0004101,PO001176,PROD0147,16,78502.04,2026-09-23,2026-10-08,15,0
POITEM0004102,PO001176,PROD0194,50,52966.99,2026-09-23,2026-09-23,46,0
POITEM0004103,PO001177,PROD0201,64,7494.39,2026-10-02,2026-10-17,60,1
POITEM0004104,PO001178,PROD0241,18,84686.56,2026-10-05,2026-10-25,17,1
POITEM0004105,PO001179,PROD0232,84,99729.37,2026-10-11,2026-10-28,81,3
POITEM0004106,PO001179,PROD0099,18,156014.66,2026-10-11,2026-10-14,16,2
POITEM0004107,PO001180,PROD0116,95,39788.15,2026-10-21,2026-11-05,89,2
POITEM0004108,PO001180,PROD0094,4,114538.84,2026-10-21,2026-11-07,3,1
POITEM0004109,PO001180,PROD0062,64,100591.99,2026-10-21,2026-11-13,62,2
POITEM0004110,PO001180,PROD0121,12,118740.97,2026-10-21,2026-11-10,11,1
POITEM0004111,PO001180,PROD0242,40,69317.93,2026-10-21,2026-10-28,39,1
POITEM0004112,PO001181,PROD0174,33,128504.72,2026-10-10,2026-10-06,30,3
POITEM0004113,PO001181,PROD0199,70,111818.84,2026-10-10,2026-11-02,68,1
POITEM0004114,PO001181,PROD0233,27,2283.6,2026-10-10,2026-10-16,24,2
POITEM0004115,PO001181,PROD0127,33,144843.18,2026-10-10,2026-11-04,30,2
POITEM0004116,PO001182,PROD0066,93,115341.49,2026-10-12,2026-10-09,90,2
POITEM0004117,PO001182,PROD0085,49,36859.27,2026-10-12,2026-10-27,46,3
POITEM0004118,PO001183,PROD0250,46,94324.35,2026-10-16,2026-11-09,45,0
POITEM0004119,PO001183,PROD0138,86,3769.07,2026-10-16,2026-11-03,78,4
POITEM0004120,PO001183,PROD0170,65,39077.87,2026-10-16,2026-10-17,62,2
POITEM0004121,PO001183,PROD0211,72,71816.21,2026-10-16,2026-11-03,67,1
POITEM0004122,PO001183,PROD0108,85,101822.64,2026-10-16,2026-11-10,76,5
POITEM0004123,PO001184,PROD0141,54,149062.19,2026-10-02,2026-10-23,51,3
POITEM0004124,PO001184,PROD0242,28,64664.0,2026-10-02,2026-10-10,25,3
POITEM0004125,PO001184,PROD0110,39,21770.8,2026-10-02,2026-10-13,35,2
POITEM0004126,PO001184,PROD0162,31,162451.59,2026-10-02,2026-10-01,28,0
POITEM0004127,PO001184,PROD0041,85,137234.9,2026-10-02,2026-10-22,77,7
POITEM0004128,PO001184,PROD0219,61,29040.2,2026-10-02,2026-10-08,60,1
POITEM0004129,PO001185,PROD0237,66,120915.6,2026-10-10,2026-11-02,61,4
POITEM0004130,PO001186,PROD0063,84,88787.66,2026-09-15,2026-09-23,79,4
POITEM0004131,PO001186,PROD0041,72,123847.7,2026-09-15,2026-09-16,69,2
POITEM0004132,PO001186,PROD0198,39,34374.76,2026-09-15,2026-09-17,38,1
POITEM0004133,PO001187,PROD0177,46,109675.14,2026-09-19,2026-09-14,45,1
POITEM0004134,PO001187,PROD0087,41,143049.65,2026-09-19,2026-10-09,37,0
POITEM0004135,PO001187,PROD0222,47,108228.32,2026-09-19,2026-10-07,43,0
POITEM0004136,PO001187,PROD0138,77,3564.78,2026-09-19,2026-09-19,71,4
POITEM0004137,PO001187,PROD0009,35,36890.43,2026-09-19,2026-09-26,32,3
POITEM0004138,PO001188,PROD0188,2,100100.33,2026-09-18,2026-09-14,1,1
POITEM0004139,PO001188,PROD0211,26,81683.78,2026-09-18,2026-09-21,23,1
POITEM0004140,PO001189,PROD0195,60,22193.51,2026-10-12,2026-10-21,56,1
POITEM0004141,PO001189,PROD0051,95,123609.58,2026-10-12,2026-10-22,93,0
POITEM0004142,PO001189,PROD0146,76,135570.87,2026-10-12,2026-10-17,73,2
POITEM0004143,PO001189,PROD0012,82,26125.38,2026-10-12,2026-11-01,77,2
POITEM0004144,PO001189,PROD0179,86,110414.95,2026-10-12,2026-10-27,83,0
POITEM0004145,PO001190,PROD0144,4,49200.38,2026-10-09,2026-10-06,3,1
POITEM0004146,PO001190,PROD0237,18,155068.6,2026-10-09,2026-10-14,16,2
POITEM0004147,PO001191,PROD0029,87,1035.06,2026-10-12,2026-10-11,84,0
POITEM0004148,PO001191,PROD0091,39,14406.27,2026-10-12,2026-10-17,36,0
POITEM0004149,PO001191,PROD0010,85,10531.07,2026-10-12,2026-10-12,80,4
POITEM0004150,PO001192,PROD0080,27,18655.76,2026-10-04,2026-10-09,25,0
POITEM0004151,PO001193,PROD0036,60,56094.74,2026-09-18,2026-10-02,55,2
POITEM0004152,PO001194,PROD0176,63,78462.61,2026-09-14,2026-09-28,62,1
POITEM0004153,PO001194,PROD0173,25,146289.2,2026-09-14,2026-09-11,24,0
POITEM0004154,PO001194,PROD0060,15,111001.12,2026-09-14,2026-09-13,14,0
POITEM0004155,PO001194,PROD0212,85,10273.7,2026-09-14,2026-09-20,77,0
POITEM0004156,PO001194,PROD0058,36,106408.45,2026-09-14,2026-10-06,33,1
POITEM0004157,PO001194,PROD0193,52,146645.26,2026-09-14,2026-09-20,48,1
POITEM0004158,PO001195,PROD0210,56,45249.73,2026-10-13,2026-11-03,54,2
POITEM0004159,PO001195,PROD0068,49,30429.36,2026-10-13,2026-11-05,45,1
POITEM0004160,PO001195,PROD0039,86,59021.58,2026-10-13,2026-10-19,80,0
POITEM0004161,PO001195,PROD0142,89,126430.53,2026-10-13,2026-10-09,88,1
POITEM0004162,PO001196,PROD0058,92,102939.85,2026-10-06,2026-10-22,83,5
POITEM0004163,PO001196,PROD0136,45,130227.77,2026-10-06,2026-10-10,41,2
POITEM0004164,PO001196,PROD0050,11,46479.67,2026-10-06,2026-10-09,10,1
POITEM0004165,PO001196,PROD0142,6,144035.69,2026-10-06,2026-10-26,5,0
POITEM0004166,PO001197,PROD0060,86,107863.03,2026-09-21,2026-10-14,80,2
POITEM0004167,PO001197,PROD0083,45,157876.85,2026-09-21,2026-10-12,42,2
POITEM0004168,PO001197,PROD0025,41,42060.8,2026-09-21,2026-10-10,37,1
POITEM0004169,PO001197,PROD0021,89,127340.72,2026-09-21,2026-09-30,85,0
POITEM0004170,PO001197,PROD0123,98,17225.89,2026-09-21,2026-09-29,88,2
POITEM0004171,PO001198,PROD0048,54,81442.43,2026-09-25,2026-10-04,53,0
POITEM0004172,PO001198,PROD0140,32,25230.4,2026-09-25,2026-10-04,31,1
POITEM0004173,PO001198,PROD0217,50,52659.46,2026-09-25,2026-09-23,48,0
POITEM0004174,PO001198,PROD0028,12,157949.73,2026-09-25,2026-10-11,11,1
POITEM0004175,PO001199,PROD0096,93,53789.76,2026-09-22,2026-10-11,84,2
POITEM0004176,PO001199,PROD0247,98,116080.4,2026-09-22,2026-09-30,92,2
POITEM0004177,PO001199,PROD0109,13,739.88,2026-09-22,2026-09-22,12,1
POITEM0004178,PO001199,PROD0185,4,90492.9,2026-09-22,2026-10-03,3,1
POITEM0004179,PO001200,PROD0031,57,58640.78,2026-10-02,2026-10-09,51,1
POITEM0004180,PO001200,PROD0131,2,128747.89,2026-10-02,2026-10-15,1,0
POITEM0004181,PO001200,PROD0250,55,98827.94,2026-10-02,2026-10-15,53,0
POITEM0004182,PO001200,PROD0201,11,9372.59,2026-10-02,2026-10-16,10,1
POITEM0004183,PO001200,PROD0168,31,90129.83,2026-10-02,2026-09-27,30,0
POITEM0004184,PO001201,PROD0154,96,48425.43,2026-09-14,2026-09-24,91,0
POITEM0004185,PO001201,PROD0087,40,136042.7,2026-09-14,2026-09-19,37,0
POITEM0004186,PO001201,PROD0244,92,79258.06,2026-09-14,2026-09-19,84,8
POITEM0004187,PO001201,PROD0019,19,227499.83,2026-09-14,2026-10-08,17,0
POITEM0004188,PO001201,PROD0112,87,126639.92,2026-09-14,2026-10-01,79,6
POITEM0004189,PO001202,PROD0059,23,31719.37,2026-09-14,2026-10-09,21,0
POITEM0004190,PO001202,PROD0174,36,136916.2,2026-09-14,2026-10-04,33,1
POITEM0004191,PO001202,PROD0206,100,158683.29,2026-09-14,2026-09-25,94,4
POITEM0004192,PO001202,PROD0026,68,55381.52,2026-09-14,2026-10-09,63,0
POITEM0004193,PO001203,PROD0129,12,157125.25,2026-10-01,2026-10-17,11,1
POITEM0004194,PO001203,PROD0089,84,90619.76,2026-10-01,2026-09-30,81,0
POITEM0004195,PO001203,PROD0218,19,25408.97,2026-10-01,2026-10-07,17,2
POITEM0004196,PO001204,PROD0103,47,23330.37,2026-09-13,2026-09-09,46,0
POITEM0004197,PO001204,PROD0077,71,128779.61,2026-09-13,2026-09-13,67,1
POITEM0004198,PO001205,PROD0064,33,68662.75,2026-10-20,2026-10-19,30,3
POITEM0004199,PO001206,PROD0197,49,113076.69,2026-10-08,2026-10-17,46,1
POITEM0004200,PO001206,PROD0095,78,44812.01,2026-10-08,2026-10-22,77,0
POITEM0004201,PO001206,PROD0114,15,33584.23,2026-10-08,2026-10-25,14,1
POITEM0004202,PO001207,PROD0152,37,67206.06,2026-09-14,2026-09-29,36,1
POITEM0004203,PO001207,PROD0007,25,67327.49,2026-09-14,2026-10-07,24,0
POITEM0004204,PO001207,PROD0192,67,6297.98,2026-09-14,2026-10-06,64,1
POITEM0004205,PO001208,PROD0077,29,111083.18,2026-10-09,2026-11-02,28,0
POITEM0004206,PO001208,PROD0064,5,91904.9,2026-10-09,2026-10-25,4,0
POITEM0004207,PO001208,PROD0112,86,124472.75,2026-10-09,2026-10-22,79,7
POITEM0004208,PO001208,PROD0227,62,73506.94,2026-10-09,2026-10-07,58,0
POITEM0004209,PO001208,PROD0158,42,110244.82,2026-10-09,2026-10-04,41,1
POITEM0004210,PO001208,PROD0096,19,53889.5,2026-10-09,2026-10-25,18,0
POITEM0004211,PO001209,PROD0240,44,15663.49,2026-10-05,2026-10-25,39,0
POITEM0004212,PO001209,PROD0120,58,139639.81,2026-10-05,2026-10-06,57,0
POITEM0004213,PO001209,PROD0155,66,23287.86,2026-10-05,2026-10-03,63,3
POITEM0004214,PO001209,PROD0033,19,19647.75,2026-10-05,2026-10-21,17,2
POITEM0004215,PO001209,PROD0100,11,105231.1,2026-10-05,2026-10-23,10,0
POITEM0004216,PO001209,PROD0232,94,114552.49,2026-10-05,2026-10-16,86,7
POITEM0004217,PO001210,PROD0210,20,37382.1,2026-09-25,2026-09-25,19,0
POITEM0004218,PO001210,PROD0159,76,132624.08,2026-09-25,2026-10-07,73,1
POITEM0004219,PO001211,PROD0146,42,123268.82,2026-10-20,2026-10-29,41,0
POITEM0004220,PO001211,PROD0231,87,53765.37,2026-10-20,2026-10-29,81,3
POITEM0004221,PO001211,PROD0020,100,83776.07,2026-10-20,2026-10-30,93,1
POITEM0004222,PO001211,PROD0202,99,95335.68,2026-10-20,2026-10-15,98,1
POITEM0004223,PO001212,PROD0145,88,2347.78,2026-10-12,2026-10-21,86,1
POITEM0004224,PO001212,PROD0132,1,87713.4,2026-10-12,2026-10-21,0,1
POITEM0004225,PO001213,PROD0218,80,24728.65,2026-10-06,2026-10-27,76,0
POITEM0004226,PO001213,PROD0153,48,122554.71,2026-10-06,2026-10-28,47,0
POITEM0004227,PO001213,PROD0190,8,75554.85,2026-10-06,2026-10-09,7,1
POITEM0004228,PO001214,PROD0014,23,119501.29,2026-10-01,2026-09-26,21,0
POITEM0004229,PO001214,PROD0003,100,52320.16,2026-10-01,2026-10-16,98,1
POITEM0004230,PO001214,PROD0208,96,53055.62,2026-10-01,2026-10-21,94,2
POITEM0004231,PO001215,PROD0144,72,53132.01,2026-09-25,2026-10-09,68,0
POITEM0004232,PO001215,PROD0127,28,150364.23,2026-09-25,2026-10-13,25,2
POITEM0004233,PO001216,PROD0089,65,85275.85,2026-10-02,2026-10-09,62,3
POITEM0004234,PO001216,PROD0226,98,120316.65,2026-10-02,2026-10-09,95,0
POITEM0004235,PO001216,PROD0015,31,102511.83,2026-10-02,2026-10-17,28,0
POITEM0004236,PO001216,PROD0044,35,40526.82,2026-10-02,2026-09-27,33,2
POITEM0004237,PO001216,PROD0153,100,122576.91,2026-10-02,2026-10-20,90,3
POITEM0004238,PO001216,PROD0081,35,52344.68,2026-10-02,2026-10-10,33,2
POITEM0004239,PO001217,PROD0118,69,109926.9,2026-10-05,2026-10-22,67,2
POITEM0004240,PO001217,PROD0174,19,151722.83,2026-10-05,2026-10-07,17,1
POITEM0004241,PO001217,PROD0090,70,41877.56,2026-10-05,2026-10-16,67,0
POITEM0004242,PO001217,PROD0077,6,114554.82,2026-10-05,2026-10-02,5,0
POITEM0004243,PO001217,PROD0161,71,78866.6,2026-10-05,2026-10-21,68,1
POITEM0004244,PO001217,PROD0018,58,28078.55,2026-10-05,2026-10-05,57,0
POITEM0004245,PO001218,PROD0224,97,49515.24,2026-10-15,2026-10-20,93,0
POITEM0004246,PO001219,PROD0063,49,90395.77,2026-09-27,2026-09-23,45,0
POITEM0004247,PO001219,PROD0072,70,2550.71,2026-09-27,2026-10-01,66,1
POITEM0004248,PO001220,PROD0001,31,4659.32,2026-10-05,2026-10-17,29,2
POITEM0004249,PO001220,PROD0026,71,58746.59,2026-10-05,2026-10-05,70,1
POITEM0004250,PO001221,PROD0045,99,38225.52,2026-10-15,2026-10-27,98,0
POITEM0004251,PO001221,PROD0009,88,41807.0,2026-10-15,2026-11-02,83,0
POITEM0004252,PO001222,PROD0100,53,133379.61,2026-10-12,2026-10-14,50,3
POITEM0004253,PO001222,PROD0134,2,81470.12,2026-10-12,2026-10-14,1,0
POITEM0004254,PO001222,PROD0032,84,32407.62,2026-10-12,2026-11-06,80,3
POITEM0004255,PO001222,PROD0186,32,5758.03,2026-10-12,2026-10-30,30,1
POITEM0004256,PO001222,PROD0200,77,12437.99,2026-10-12,2026-10-07,72,3
POITEM0004257,PO001222,PROD0164,96,68738.79,2026-10-12,2026-10-23,86,9
POITEM0004258,PO001223,PROD0079,6,133684.35,2026-09-19,2026-09-15,5,0
POITEM0004259,PO001223,PROD0166,46,99083.5,2026-09-19,2026-09-18,45,0
POITEM0004260,PO001223,PROD0125,33,34495.46,2026-09-19,2026-10-06,31,2
POITEM0004261,PO001223,PROD0110,13,23213.28,2026-09-19,2026-10-08,12,0
POITEM0004262,PO001223,PROD0124,61,57650.14,2026-09-19,2026-10-13,56,0
POITEM0004263,PO001223,PROD0048,59,79756.52,2026-09-19,2026-09-17,55,3
POITEM0004264,PO001224,PROD0069,47,6682.58,2026-09-23,2026-10-15,42,0
POITEM0004265,PO001224,PROD0144,84,69416.57,2026-09-23,2026-10-09,79,4
POITEM0004266,PO001225,PROD0083,1,137226.28,2026-10-01,2026-10-12,0,1
POITEM0004267,PO001225,PROD0027,11,122175.5,2026-10-01,2026-10-20,10,0
POITEM0004268,PO001225,PROD0047,100,94374.16,2026-10-01,2026-10-14,97,0
POITEM0004269,PO001225,PROD0056,80,32490.31,2026-10-01,2026-10-04,78,2
POITEM0004270,PO001225,PROD0118,39,128159.09,2026-10-01,2026-10-07,35,2
POITEM0004271,PO001226,PROD0108,19,90410.89,2026-09-19,2026-10-03,17,1
POITEM0004272,PO001226,PROD0156,45,103655.78,2026-09-19,2026-09-24,41,3
POITEM0004273,PO001226,PROD0121,15,101878.3,2026-09-19,,13,0
POITEM0004274,PO001227,PROD0110,57,24420.34,2026-09-20,2026-09-29,54,0
POITEM0004275,PO001227,PROD0128,89,72674.95,2026-09-20,2026-10-09,84,5
POITEM0004276,PO001227,PROD0021,65,142654.11,2026-09-20,2026-10-01,62,3
POITEM0004277,PO001227,PROD0061,97,47847.12,2026-09-20,2026-09-19,90,6
POITEM0004278,PO001228,PROD0150,52,138231.54,2026-09-13,2026-09-11,51,0
POITEM0004279,PO001228,PROD0091,95,16778.09,2026-09-13,2026-09-20,87,6
POITEM0004280,PO001229,PROD0140,48,24997.83,2026-09-23,2026-09-29,44,3
POITEM0004281,PO001229,PROD0057,27,122939.91,2026-09-23,2026-10-02,26,0
POITEM0004282,PO001229,PROD0241,26,85596.69,2026-09-23,2026-10-05,24,2
POITEM0004283,PO001229,PROD0007,62,64805.19,2026-09-23,2026-10-11,58,2
POITEM0004284,PO001230,PROD0043,94,71007.12,2026-09-28,2026-09-27,89,1
POITEM0004285,PO001231,PROD0168,86,90877.77,2026-09-21,2026-09-28,78,1
POITEM0004286,PO001231,PROD0238,39,127183.42,2026-09-21,2026-09-25,38,1
POITEM0004287,PO001231,PROD0184,49,14459.55,2026-09-21,2026-09-21,46,3
POITEM0004288,PO001231,PROD0195,55,19108.07,2026-09-21,2026-09-22,53,2
POITEM0004289,PO001231,PROD0245,28,69629.49,2026-09-21,2026-09-16,27,1
POITEM0004290,PO001231,PROD0074,88,38786.43,2026-09-21,2026-09-19,80,1
POITEM0004291,PO001232,PROD0107,39,15083.8,2026-10-16,2026-10-16,36,0
POITEM0004292,PO001232,PROD0200,48,12665.6,2026-10-16,2026-10-16,46,1
POITEM0004293,PO001232,PROD0025,66,33641.8,2026-10-16,2026-10-18,60,0
POITEM0004294,PO001232,PROD0176,77,76001.17,2026-10-16,2026-10-23,76,1
POITEM0004295,PO001233,PROD0228,54,86321.49,2026-09-22,2026-09-25,51,3
POITEM0004296,PO001233,PROD0237,4,131309.49,2026-09-22,2026-10-13,3,1
POITEM0004297,PO001234,PROD0081,50,53538.73,2026-10-04,2026-10-17,48,2
POITEM0004298,PO001234,PROD0097,62,114942.77,2026-10-04,2026-10-28,61,0
POITEM0004299,PO001234,PROD0138,28,3616.04,2026-10-04,2026-10-11,25,1
POITEM0004300,PO001234,PROD0145,1,2959.86,2026-10-04,2026-09-29,0,1
POITEM0004301,PO001235,PROD0057,83,108978.07,2026-09-15,2026-09-17,81,1
POITEM0004302,PO001235,PROD0125,94,39045.81,2026-09-15,2026-09-17,91,0
POITEM0004303,PO001235,PROD0175,98,69395.07,2026-09-15,2026-09-21,91,2
POITEM0004304,PO001235,PROD0155,96,23157.37,2026-09-15,2026-10-10,94,0
POITEM0004305,PO001235,PROD0236,100,5827.1,2026-09-15,2026-10-10,97,0
POITEM0004306,PO001236,PROD0165,43,161537.59,2026-10-16,2026-10-30,40,1
POITEM0004307,PO001236,PROD0043,36,79564.5,2026-10-16,2026-10-13,34,0
POITEM0004308,PO001236,PROD0124,34,54135.85,2026-10-16,2026-10-12,32,1
POITEM0004309,PO001236,PROD0240,96,16110.8,2026-10-16,2026-11-09,95,0
POITEM0004310,PO001236,PROD0015,75,116442.9,2026-10-16,2026-10-14,73,0
POITEM0004311,PO001236,PROD0099,70,160441.26,2026-10-16,2026-10-25,66,1
POITEM0004312,PO001237,PROD0132,36,83968.94,2026-10-18,2026-10-28,35,0
POITEM0004313,PO001237,PROD0041,67,145407.48,2026-10-18,2026-10-19,66,0
POITEM0004314,PO001238,PROD0138,15,3806.06,2026-09-30,2026-10-09,14,1
POITEM0004315,PO001239,PROD0014,58,137473.56,2026-10-08,2026-10-19,57,1
POITEM0004316,PO001239,PROD0218,74,24716.82,2026-10-08,2026-10-18,72,1
POITEM0004317,PO001239,PROD0212,75,12552.39,2026-10-08,2026-10-22,69,3
POITEM0004318,PO001239,PROD0123,80,16413.64,2026-10-08,2026-10-22,76,0
POITEM0004319,PO001239,PROD0086,41,110359.79,2026-10-08,2026-10-08,38,1
POITEM0004320,PO001239,PROD0174,14,142818.35,2026-10-08,2026-10-18,13,0
POITEM0004321,PO001240,PROD0072,70,2617.47,2026-10-11,2026-11-02,64,3
POITEM0004322,PO001241,PROD0107,95,18903.3,2026-09-15,2026-09-13,90,4
POITEM0004323,PO001241,PROD0092,80,153915.86,2026-09-15,2026-09-27,75,5
POITEM0004324,PO001241,PROD0133,14,85889.83,2026-09-15,2026-10-10,13,0
POITEM0004325,PO001242,PROD0020,88,82054.65,2026-10-01,2026-10-23,83,5
POITEM0004326,PO001242,PROD0127,41,155789.84,2026-10-01,2026-10-09,38,1
POITEM0004327,PO001242,PROD0055,13,133642.83,2026-10-01,2026-10-09,12,0
POITEM0004328,PO001242,PROD0162,13,136278.09,2026-10-01,2026-10-01,11,2
POITEM0004329,PO001243,PROD0245,58,73182.74,2026-10-16,2026-11-06,55,1
POITEM0004330,PO001243,PROD0094,96,105812.75,2026-10-16,2026-11-07,90,6
POITEM0004331,PO001243,PROD0214,54,175243.95,2026-10-16,2026-10-14,52,1
POITEM0004332,PO001243,PROD0091,77,16272.3,2026-10-16,2026-10-20,72,4
POITEM0004333,PO001244,PROD0056,65,44898.14,2026-10-20,2026-10-17,63,0
POITEM0004334,PO001244,PROD0125,74,47489.0,2026-10-20,2026-11-10,67,3
POITEM0004335,PO001244,PROD0234,68,16771.06,2026-10-20,2026-11-11,63,5
POITEM0004336,PO001244,PROD0144,91,53272.36,2026-10-20,2026-11-02,89,2
POITEM0004337,PO001245,PROD0228,22,79198.17,2026-09-20,2026-10-07,19,0
POITEM0004338,PO001245,PROD0150,15,122791.93,2026-09-20,2026-10-09,13,0
POITEM0004339,PO001245,PROD0014,83,114295.66,2026-09-20,2026-10-11,81,0
POITEM0004340,PO001245,PROD0101,64,103590.23,2026-09-20,2026-09-17,57,6
POITEM0004341,PO001245,PROD0136,64,110750.91,2026-09-20,2026-09-26,60,1
POITEM0004342,PO001246,PROD0179,89,94326.61,2026-09-20,2026-09-21,86,3
POITEM0004343,PO001246,PROD0044,16,51115.79,2026-09-20,2026-10-10,15,0
POITEM0004344,PO001246,PROD0030,10,87500.0,2026-09-20,2026-09-30,9,1
POITEM0004345,PO001246,PROD0100,35,144097.61,2026-09-20,2026-10-03,34,0
POITEM0004346,PO001246,PROD0057,97,122192.9,2026-09-20,2026-10-12,87,0
POITEM0004347,PO001246,PROD0206,40,179102.58,2026-09-20,2026-10-07,39,0
POITEM0004348,PO001247,PROD0122,21,101058.43,2026-09-13,2026-09-27,19,1
POITEM0004349,PO001247,PROD0173,96,149001.39,2026-09-13,2026-09-17,95,1
POITEM0004350,PO001248,PROD0199,89,104820.46,2026-10-17,2026-10-25,85,1
POITEM0004351,PO001248,PROD0086,88,121635.76,2026-10-17,2026-10-31,83,4
POITEM0004352,PO001248,PROD0129,71,145823.57,2026-10-17,2026-11-05,67,0
POITEM0004353,PO001248,PROD0058,20,139764.1,2026-10-17,2026-10-27,18,1
POITEM0004354,PO001248,PROD0088,94,87528.15,2026-10-17,2026-10-18,91,1
POITEM0004355,PO001249,PROD0234,100,20417.52,2026-10-01,2026-10-26,95,2
POITEM0004356,PO001249,PROD0083,14,168335.8,2026-10-01,2026-10-10,13,1
POITEM0004357,PO001250,PROD0214,77,126455.95,2026-10-07,2026-10-24,72,5
POITEM0004358,PO001251,PROD0083,9,119206.45,2026-10-20,2026-11-04,8,1
POITEM0004359,PO001251,PROD0143,64,146123.97,2026-10-20,2026-11-11,63,1
POITEM0004360,PO001252,PROD0232,14,135147.63,2026-09-22,2026-10-13,12,2
POITEM0004361,PO001252,PROD0240,24,13099.99,2026-09-22,2026-10-09,23,0
POITEM0004362,PO001253,PROD0208,70,51559.97,2026-10-10,2026-10-17,64,1
POITEM0004363,PO001253,PROD0010,74,14080.99,2026-10-10,2026-10-24,73,1
POITEM0004364,PO001253,PROD0032,46,33762.78,2026-10-10,2026-10-13,45,0
POITEM0004365,PO001253,PROD0179,27,105701.85,2026-10-10,2026-10-28,26,1
POITEM0004366,PO001254,PROD0060,50,113671.19,2026-09-17,2026-09-18,45,0
POITEM0004367,PO001254,PROD0025,78,41846.54,2026-09-17,2026-09-19,73,0
POITEM0004368,PO001254,PROD0081,99,58591.86,2026-09-17,2026-10-07,92,7
POITEM0004369,PO001255,PROD0103,100,20862.65,2026-10-18,2026-11-12,91,9
POITEM0004370,PO001255,PROD0134,6,77513.02,2026-10-18,2026-11-02,5,1
POITEM0004371,PO001255,PROD0170,90,43399.0,2026-10-18,2026-11-03,87,2
POITEM0004372,PO001255,PROD0189,47,48625.86,2026-10-18,2026-11-10,45,2
POITEM0004373,PO001255,PROD0087,69,128364.96,2026-10-18,2026-10-27,68,0
POITEM0004374,PO001256,PROD0072,79,2704.67,2026-10-10,2026-10-24,74,1
POITEM0004375,PO001256,PROD0235,90,6504.36,2026-10-10,2026-10-08,83,7
POITEM0004376,PO001256,PROD0187,62,60592.73,2026-10-10,2026-10-25,59,1
POITEM0004377,PO001256,PROD0009,43,32656.86,2026-10-10,2026-10-25,40,0
POITEM0004378,PO001256,PROD0144,54,64387.61,2026-10-10,2026-10-17,50,4
POITEM0004379,PO001256,PROD0192,9,5395.78,2026-10-10,2026-10-07,8,0
POITEM0004380,PO001257,PROD0247,61,110543.23,2026-09-22,2026-09-23,55,3
POITEM0004381,PO001257,PROD0160,58,15128.79,2026-09-22,2026-09-17,55,3
POITEM0004382,PO001258,PROD0035,38,159116.2,2026-10-15,2026-10-10,36,2
POITEM0004383,PO001258,PROD0031,24,73592.54,2026-10-15,2026-10-19,21,1
POITEM0004384,PO001258,PROD0123,84,13697.46,2026-10-15,2026-10-15,77,2
POITEM0004385,PO001258,PROD0169,95,49042.81,2026-10-15,2026-11-06,88,4
POITEM0004386,PO001258,PROD0058,13,111285.12,2026-10-15,2026-11-01,12,0
POITEM0004387,PO001258,PROD0181,8,148929.98,2026-10-15,2026-10-23,7,0
POITEM0004388,PO001259,PROD0188,56,92664.23,2026-10-13,2026-10-18,52,2
POITEM0004389,PO001259,PROD0061,2,53359.11,2026-10-13,2026-10-11,1,0
POITEM0004390,PO001260,PROD0203,98,69739.77,2026-10-21,2026-11-02,88,4
POITEM0004391,PO001260,PROD0080,20,21070.43,2026-10-21,2026-11-06,19,0
POITEM0004392,PO001260,PROD0075,21,110229.92,2026-10-21,2026-11-07,19,1
POITEM0004393,PO001260,PROD0069,32,7383.36,2026-10-21,2026-11-10,31,1
POITEM0004394,PO001260,PROD0044,1,49467.73,2026-10-21,2026-11-07,0,1
POITEM0004395,PO001260,PROD0076,57,26543.04,2026-10-21,2026-10-29,52,2
POITEM0004396,PO001261,PROD0229,66,66450.93,2026-10-19,2026-10-27,63,0
POITEM0004397,PO001261,PROD0241,44,78614.17,2026-10-19,2026-10-27,42,1
POITEM0004398,PO001261,PROD0024,2,20405.44,2026-10-19,2026-11-02,1,1
POITEM0004399,PO001261,PROD0031,14,75221.87,2026-10-19,2026-10-23,13,1
POITEM0004400,PO001261,PROD0172,45,149169.79,2026-10-19,2026-10-20,40,4
POITEM0004401,PO001261,PROD0189,70,41160.34,2026-10-19,2026-11-02,66,0
POITEM0004402,PO001262,PROD0120,41,151427.72,2026-10-06,2026-10-10,38,1
POITEM0004403,PO001262,PROD0010,39,13376.03,2026-10-06,2026-10-27,35,2
POITEM0004404,PO001263,PROD0176,82,71586.11,2026-10-20,2026-11-03,79,0
POITEM0004405,PO001264,PROD0233,10,2067.7,2026-09-24,2026-10-10,9,0
POITEM0004406,PO001264,PROD0212,4,11338.11,2026-09-24,2026-10-09,3,0
POITEM0004407,PO001264,PROD0046,41,6379.91,2026-09-24,2026-10-01,38,2
POITEM0004408,PO001264,PROD0099,79,142669.61,2026-09-24,2026-09-27,71,2
POITEM0004409,PO001264,PROD0221,96,96607.47,2026-09-24,2026-10-07,89,2
POITEM0004410,PO001265,PROD0163,23,23407.06,2026-10-18,2026-10-20,22,1
POITEM0004411,PO001266,PROD0183,85,52669.84,2026-10-02,2026-10-26,84,1
POITEM0004412,PO001266,PROD0098,77,147562.11,2026-10-02,2026-10-02,72,1
POITEM0004413,PO001266,PROD0111,73,76008.42,2026-10-02,2026-10-08,72,0
POITEM0004414,PO001266,PROD0150,30,147420.46,2026-10-02,2026-10-14,27,3
POITEM0004415,PO001267,PROD0146,33,137177.87,2026-10-21,2026-10-18,32,0
POITEM0004416,PO001268,PROD0211,87,74355.12,2026-10-12,2026-10-07,84,1
POITEM0004417,PO001268,PROD0139,40,99421.1,2026-10-12,2026-10-11,38,1
POITEM0004418,PO001268,PROD0201,84,7883.17,2026-10-12,2026-10-27,77,2
POITEM0004419,PO001268,PROD0194,38,59667.95,2026-10-12,2026-10-07,37,1
POITEM0004420,PO001268,PROD0050,55,40790.57,2026-10-12,2026-10-28,52,1
POITEM0004421,PO001268,PROD0156,66,93558.87,2026-10-12,2026-10-30,62,1
POITEM0004422,PO001269,PROD0105,39,108055.19,2026-10-03,2026-10-19,38,0
POITEM0004423,PO001269,PROD0049,31,6826.44,2026-10-03,2026-10-06,30,0
POITEM0004424,PO001269,PROD0052,61,41446.48,2026-10-03,2026-10-09,60,0
POITEM0004425,PO001270,PROD0135,94,32611.35,2026-10-07,2026-10-03,92,2
POITEM0004426,PO001270,PROD0098,56,120439.96,2026-10-07,2026-10-26,52,2
POITEM0004427,PO001270,PROD0112,37,124637.11,2026-10-07,2026-10-07,34,2
POITEM0004428,PO001270,PROD0232,32,100204.45,2026-10-07,2026-10-25,31,0
POITEM0004429,PO001270,PROD0157,50,166295.95,2026-10-07,2026-11-01,45,4
POITEM0004430,PO001270,PROD0066,18,149338.93,2026-10-07,2026-10-19,17,1
POITEM0004431,PO001271,PROD0006,27,39643.35,2026-10-11,2026-10-16,26,0
POITEM0004432,PO001271,PROD0116,74,36294.88,2026-10-11,2026-11-02,68,2
POITEM0004433,PO001271,PROD0069,21,5988.19,2026-10-11,2026-10-30,19,2
POITEM0004434,PO001272,PROD0232,78,120811.13,2026-10-02,2026-10-05,76,1
POITEM0004435,PO001272,PROD0240,81,17224.38,2026-10-02,2026-10-24,77,0
POITEM0004436,PO001272,PROD0134,32,85928.03,2026-10-02,2026-10-15,29,3
POITEM0004437,PO001272,PROD0207,78,67421.28,2026-10-02,2026-10-24,77,1
POITEM0004438,PO001272,PROD0160,37,12910.0,2026-10-02,2026-10-07,34,1
POITEM0004439,PO001272,PROD0096,42,59166.37,2026-10-02,2026-10-16,39,0
POITEM0004440,PO001273,PROD0104,59,161822.77,2026-10-17,2026-10-15,54,4
POITEM0004441,PO001273,PROD0085,67,33134.71,2026-10-17,2026-10-18,62,0
POITEM0004442,PO001273,PROD0012,5,26238.28,2026-10-17,2026-11-05,4,1
POITEM0004443,PO001273,PROD0067,36,51266.31,2026-10-17,2026-10-16,35,1
POITEM0004444,PO001274,PROD0240,37,17939.8,2026-10-13,2026-10-31,34,3
POITEM0004445,PO001274,PROD0071,86,105210.62,2026-10-13,2026-10-20,82,4
POITEM0004446,PO001275,PROD0111,79,101267.66,2026-09-14,2026-09-27,78,1
POITEM0004447,PO001275,PROD0116,59,33672.29,2026-09-14,2026-09-09,57,1
POITEM0004448,PO001275,PROD0151,90,44291.53,2026-09-14,2026-09-12,81,7
POITEM0004449,PO001275,PROD0138,90,3197.08,2026-09-14,2026-10-06,85,5
POITEM0004450,PO001276,PROD0224,56,43968.93,2026-09-18,2026-10-01,50,0
POITEM0004451,PO001277,PROD0217,34,69063.24,2026-10-20,2026-11-03,31,3
POITEM0004452,PO001278,PROD0021,4,130094.11,2026-10-09,2026-11-03,3,0
POITEM0004453,PO001279,PROD0067,58,44178.53,2026-09-20,2026-09-18,54,2
POITEM0004454,PO001279,PROD0204,51,90189.98,2026-09-20,2026-09-30,48,2
POITEM0004455,PO001279,PROD0244,54,60544.43,2026-09-20,2026-09-28,51,2
POITEM0004456,PO001279,PROD0184,1,12952.85,2026-09-20,2026-10-05,0,1
POITEM0004457,PO001279,PROD0239,10,81967.57,2026-09-20,2026-10-02,9,1
POITEM0004458,PO001280,PROD0176,13,78071.66,2026-09-22,2026-09-29,11,1
POITEM0004459,PO001281,PROD0075,24,105454.04,2026-09-23,2026-09-24,22,1
POITEM0004460,PO001281,PROD0067,89,51126.61,2026-09-23,2026-09-24,84,2
POITEM0004461,PO001281,PROD0145,79,2948.05,2026-09-23,2026-10-16,75,3
POITEM0004462,PO001281,PROD0228,74,99434.39,2026-09-23,2026-10-04,69,2
POITEM0004463,PO001281,PROD0186,3,6747.91,2026-09-23,2026-10-16,2,1
POITEM0004464,PO001281,PROD0175,42,73999.66,2026-09-23,2026-10-12,41,0
POITEM0004465,PO001282,PROD0086,30,101305.23,2026-09-16,2026-09-26,29,1
POITEM0004466,PO001282,PROD0201,40,9252.94,2026-09-16,2026-09-12,36,1
POITEM0004467,PO001282,PROD0105,92,102875.74,2026-09-16,2026-10-04,85,4
POITEM0004468,PO001282,PROD0220,23,36445.35,2026-09-16,2026-10-06,21,2
POITEM0004469,PO001282,PROD0182,56,57884.17,2026-09-16,2026-09-13,51,3
POITEM0004470,PO001282,PROD0148,90,123303.87,2026-09-16,2026-09-28,87,1
POITEM0004471,PO001283,PROD0206,39,134446.42,2026-10-03,2026-10-28,35,0
POITEM0004472,PO001283,PROD0115,17,100979.3,2026-10-03,2026-10-08,15,0
POITEM0004473,PO001283,PROD0032,88,34741.82,2026-10-03,2026-10-25,79,3
POITEM0004474,PO001284,PROD0083,96,171756.73,2026-10-21,2026-10-21,93,3
POITEM0004475,PO001284,PROD0224,39,41190.46,2026-10-21,2026-11-01,36,0
POITEM0004476,PO001284,PROD0181,81,137439.32,2026-10-21,2026-10-29,77,1
POITEM0004477,PO001284,PROD0126,67,33320.18,2026-10-21,2026-11-05,61,2
POITEM0004478,PO001284,PROD0110,74,28895.45,2026-10-21,2026-10-23,68,6
POITEM0004479,PO001285,PROD0105,50,91192.83,2026-09-20,2026-09-21,49,1
POITEM0004480,PO001285,PROD0221,66,91929.78,2026-09-20,2026-09-26,61,1
POITEM0004481,PO001285,PROD0144,3,62450.64,2026-09-20,2026-10-08,2,0
POITEM0004482,PO001285,PROD0223,3,113354.21,2026-09-20,2026-10-09,2,0
POITEM0004483,PO001285,PROD0014,98,142486.84,2026-09-20,2026-09-19,97,1
POITEM0004484,PO001285,PROD0172,71,148312.25,2026-09-20,2026-10-03,70,1
POITEM0004485,PO001286,PROD0086,84,104465.27,2026-09-17,2026-09-18,78,0
POITEM0004486,PO001286,PROD0022,98,139265.26,2026-09-17,2026-09-21,94,4
POITEM0004487,PO001286,PROD0248,48,8294.09,2026-09-17,2026-09-16,44,3
POITEM0004488,PO001286,PROD0207,59,94330.98,2026-09-17,2026-09-23,57,2
POITEM0004489,PO001286,PROD0157,49,174349.3,2026-09-17,2026-10-06,48,1
POITEM0004490,PO001287,PROD0229,28,60602.54,2026-10-18,2026-10-25,25,2
POITEM0004491,PO001288,PROD0038,96,94395.95,2026-10-18,2026-10-26,89,3
POITEM0004492,PO001288,PROD0014,33,132836.43,2026-10-18,2026-10-22,32,1
POITEM0004493,PO001288,PROD0243,28,31528.37,2026-10-18,2026-11-02,26,2
POITEM0004494,PO001288,PROD0050,34,35683.05,2026-10-18,2026-10-25,31,3
POITEM0004495,PO001289,PROD0190,10,78902.95,2026-10-11,2026-10-27,9,0
POITEM0004496,PO001289,PROD0184,26,14904.95,2026-10-11,2026-10-13,23,2
POITEM0004497,PO001289,PROD0063,57,94057.56,2026-10-11,2026-10-27,52,3
POITEM0004498,PO001289,PROD0060,12,121150.14,2026-10-11,2026-10-21,11,0
POITEM0004499,PO001289,PROD0027,58,128626.58,2026-10-11,2026-11-03,54,1
POITEM0004500,PO001289,PROD0138,16,4615.32,2026-10-11,2026-11-03,14,1
POITEM0004501,PO001290,PROD0072,60,2733.09,2026-09-23,2026-10-02,58,1
POITEM0004502,PO001290,PROD0222,23,115016.72,2026-09-23,2026-10-09,22,1
POITEM0004503,PO001290,PROD0092,18,134752.45,2026-09-23,2026-09-30,17,0
POITEM0004504,PO001291,PROD0114,6,29854.19,2026-10-11,2026-10-22,5,1
POITEM0004505,PO001291,PROD0138,64,3614.95,2026-10-11,2026-10-14,58,6
POITEM0004506,PO001291,PROD0081,64,54699.6,2026-10-11,2026-11-05,61,2
POITEM0004507,PO001291,PROD0179,79,92722.57,2026-10-11,2026-10-14,76,2
POITEM0004508,PO001292,PROD0062,43,104324.3,2026-09-23,2026-09-22,39,4
POITEM0004509,PO001292,PROD0241,46,76580.68,2026-09-23,2026-10-15,44,0
POITEM0004510,PO001292,PROD0074,58,36155.24,2026-09-23,2026-10-11,54,3
POITEM0004511,PO001292,PROD0215,33,122771.63,2026-09-23,2026-10-16,31,0
POITEM0004512,PO001292,PROD0129,97,164012.89,2026-09-23,2026-10-13,93,1
POITEM0004513,PO001292,PROD0183,61,49626.16,2026-09-23,2026-09-30,57,3
POITEM0004514,PO001293,PROD0143,34,165554.47,2026-10-07,2026-10-29,30,1
POITEM0004515,PO001293,PROD0122,3,106232.31,2026-10-07,2026-11-01,2,1
POITEM0004516,PO001293,PROD0073,54,67739.89,2026-10-07,2026-10-16,53,1
POITEM0004517,PO001293,PROD0007,11,61323.91,2026-10-07,2026-10-11,10,1
POITEM0004518,PO001294,PROD0052,10,36635.23,2026-10-01,2026-10-06,9,1
POITEM0004519,PO001294,PROD0077,99,114422.03,2026-10-01,2026-10-02,96,1
POITEM0004520,PO001294,PROD0023,8,41249.04,2026-10-01,2026-10-15,7,0
POITEM0004521,PO001295,PROD0165,92,121706.47,2026-10-02,2026-09-28,85,4
POITEM0004522,PO001296,PROD0009,93,34024.93,2026-10-18,2026-10-29,88,1
POITEM0004523,PO001296,PROD0204,31,94087.29,2026-10-18,2026-11-05,28,2
POITEM0004524,PO001296,PROD0105,93,82654.26,2026-10-18,2026-10-21,84,5
POITEM0004525,PO001296,PROD0096,32,54444.71,2026-10-18,2026-10-29,31,1
POITEM0004526,PO001296,PROD0102,84,11393.91,2026-10-18,2026-11-03,83,1
POITEM0004527,PO001296,PROD0092,47,153885.77,2026-10-18,2026-10-20,45,1
POITEM0004528,PO001297,PROD0234,87,19391.16,2026-10-15,2026-10-14,85,1
POITEM0004529,PO001297,PROD0052,56,32148.87,2026-10-15,2026-10-11,53,0
POITEM0004530,PO001298,PROD0067,60,54392.91,2026-09-29,2026-09-24,57,0
POITEM0004531,PO001299,PROD0016,95,154670.48,2026-10-03,2026-10-05,86,4
POITEM0004532,PO001300,PROD0193,10,138991.81,2026-09-21,2026-09-18,9,1
POITEM0004533,PO001300,PROD0171,41,121625.33,2026-09-21,2026-09-18,38,0
POITEM0004534,PO001300,PROD0093,71,148354.78,2026-09-21,2026-09-19,70,1
POITEM0004535,PO001300,PROD0212,65,12435.5,2026-09-21,2026-09-22,63,2
POITEM0004536,PO001300,PROD0108,58,100640.38,2026-09-21,2026-10-11,52,2
POITEM0004537,PO001301,PROD0110,40,21169.86,2026-09-13,2026-09-23,36,3
POITEM0004538,PO001301,PROD0020,55,81114.16,2026-09-13,2026-10-07,51,0
POITEM0004539,PO001301,PROD0080,66,23555.88,2026-09-13,2026-09-28,64,2
POITEM0004540,PO001301,PROD0187,53,60830.91,2026-09-13,2026-09-24,48,3
POITEM0004541,PO001302,PROD0001,53,4617.36,2026-10-14,2026-10-21,50,3
POITEM0004542,PO001302,PROD0072,71,2348.06,2026-10-14,2026-11-06,64,2
POITEM0004543,PO001302,PROD0185,91,106528.94,2026-10-14,2026-10-28,89,0
POITEM0004544,PO001302,PROD0119,95,89902.07,2026-10-14,2026-10-20,89,5
POITEM0004545,PO001302,PROD0188,18,80811.15,2026-10-14,2026-10-20,17,1
POITEM0004546,PO001302,PROD0150,44,134887.19,2026-10-14,2026-10-28,40,4
POITEM0004547,PO001303,PROD0005,80,155966.37,2026-09-17,2026-09-14,75,2
POITEM0004548,PO001303,PROD0135,92,28050.39,2026-09-17,2026-09-17,86,5
POITEM0004549,PO001303,PROD0165,30,138081.02,2026-09-17,2026-10-04,28,0
POITEM0004550,PO001304,PROD0187,24,66172.19,2026-10-21,2026-11-03,22,2
POITEM0004551,PO001305,PROD0128,37,50624.22,2026-10-12,2026-11-03,36,0
POITEM0004552,PO001305,PROD0109,41,788.64,2026-10-12,2026-10-15,37,3
POITEM0004553,PO001306,PROD0062,20,105460.11,2026-09-14,2026-09-11,19,1
POITEM0004554,PO001306,PROD0160,8,17241.24,2026-09-14,2026-09-20,7,0
POITEM0004555,PO001306,PROD0137,28,39325.22,2026-09-14,2026-10-07,27,0
POITEM0004556,PO001306,PROD0109,69,970.27,2026-09-14,2026-09-21,63,3
POITEM0004557,PO001306,PROD0045,5,51843.42,2026-09-14,2026-09-18,4,1
POITEM0004558,PO001306,PROD0235,40,8696.31,2026-09-14,2026-09-23,39,0
POITEM0004559,PO001307,PROD0142,12,161003.44,2026-10-02,2026-10-05,11,1
POITEM0004560,PO001307,PROD0152,94,65859.62,2026-10-02,2026-10-20,86,8
POITEM0004561,PO001308,PROD0043,39,76642.5,2026-10-06,2026-10-28,35,2
POITEM0004562,PO001308,PROD0067,17,48467.44,2026-10-06,2026-10-01,16,0
POITEM0004563,PO001308,PROD0117,42,49101.14,2026-10-06,2026-10-20,39,2
POITEM0004564,PO001309,PROD0027,96,133537.27,2026-09-13,2026-10-05,94,2
POITEM0004565,PO001309,PROD0005,22,118313.85,2026-09-13,2026-10-07,20,2
POITEM0004566,PO001309,PROD0239,29,65007.21,2026-09-13,2026-10-03,28,1
POITEM0004567,PO001310,PROD0058,96,101959.09,2026-10-15,2026-10-31,92,3
POITEM0004568,PO001310,PROD0215,53,120957.78,2026-10-15,2026-10-19,48,3
POITEM0004569,PO001310,PROD0092,62,164814.21,2026-10-15,2026-10-19,55,1
POITEM0004570,PO001310,PROD0022,27,137799.6,2026-10-15,2026-10-12,24,1
POITEM0004571,PO001310,PROD0138,47,3907.63,2026-10-15,2026-10-12,44,1
POITEM0004572,PO001310,PROD0235,2,6846.54,2026-10-15,2026-10-14,1,1
POITEM0004573,PO001311,PROD0096,54,52475.63,2026-09-24,2026-10-13,52,1
POITEM0004574,PO001311,PROD0051,69,158451.98,2026-09-24,2026-10-15,65,0
POITEM0004575,PO001311,PROD0069,45,6746.03,2026-09-24,2026-09-25,41,4
POITEM0004576,PO001311,PROD0231,68,51585.56,2026-09-24,2026-10-13,62,4
POITEM0004577,PO001311,PROD0242,47,67499.72,2026-09-24,2026-10-09,43,1
POITEM0004578,PO001312,PROD0031,80,66290.95,2026-10-19,2026-11-08,76,4
POITEM0004579,PO001312,PROD0126,8,45034.96,2026-10-19,2026-11-08,7,1
POITEM0004580,PO001312,PROD0141,91,156123.22,2026-10-19,2026-11-11,89,2
POITEM0004581,PO001312,PROD0155,10,27396.94,2026-10-19,2026-11-12,9,0
POITEM0004582,PO001312,PROD0084,71,125693.22,2026-10-19,2026-10-26,64,5
POITEM0004583,PO001312,PROD0088,47,81006.32,2026-10-19,2026-11-08,45,2
POITEM0004584,PO001313,PROD0097,59,94652.91,2026-09-14,2026-09-20,54,4
POITEM0004585,PO001314,PROD0056,27,41204.73,2026-10-18,2026-11-12,26,0
POITEM0004586,PO001314,PROD0138,76,3865.28,2026-10-18,2026-10-20,73,2
POITEM0004587,PO001315,PROD0196,92,78790.36,2026-09-16,2026-10-05,84,0
POITEM0004588,PO001315,PROD0245,94,60389.93,2026-09-16,2026-09-12,90,1
POITEM0004589,PO001315,PROD0147,69,79020.25,2026-09-16,2026-09-13,62,4
POITEM0004590,PO001315,PROD0024,50,17475.71,2026-09-16,2026-09-17,46,2
POITEM0004591,PO001315,PROD0141,17,148597.51,2026-09-16,2026-10-03,15,2
POITEM0004592,PO001316,PROD0080,21,20200.88,2026-09-30,2026-09-28,20,1
POITEM0004593,PO001316,PROD0235,74,7496.54,2026-09-30,2026-10-09,69,5
POITEM0004594,PO001317,PROD0196,7,75578.89,2026-09-15,2026-10-06,6,0
POITEM0004595,PO001317,PROD0217,23,61601.03,2026-09-15,2026-09-12,22,1
POITEM0004596,PO001318,PROD0121,25,122051.1,2026-10-09,2026-10-13,23,0
POITEM0004597,PO001318,PROD0232,12,114535.83,2026-10-09,2026-10-13,11,1
POITEM0004598,PO001319,PROD0051,32,139077.88,2026-10-04,2026-10-01,30,1
POITEM0004599,PO001320,PROD0092,9,126836.96,2026-09-28,2026-10-03,8,0
POITEM0004600,PO001320,PROD0093,5,143554.6,2026-09-28,2026-09-29,4,0
POITEM0004601,PO001320,PROD0051,40,158361.34,2026-09-28,2026-10-02,36,0
POITEM0004602,PO001320,PROD0218,58,29629.9,2026-09-28,2026-10-07,56,2
POITEM0004603,PO001320,PROD0014,12,119836.09,2026-09-28,2026-10-14,11,0
POITEM0004604,PO001320,PROD0244,7,55432.78,2026-09-28,2026-10-12,6,1
POITEM0004605,PO001321,PROD0158,85,103492.15,2026-09-19,2026-10-08,81,2
POITEM0004606,PO001321,PROD0141,41,130524.67,2026-09-19,2026-09-28,40,1
POITEM0004607,PO001321,PROD0078,95,55348.19,2026-09-19,2026-10-10,87,6
POITEM0004608,PO001322,PROD0192,40,5939.45,2026-10-04,2026-10-09,37,2
POITEM0004609,PO001322,PROD0205,16,101972.57,2026-10-04,2026-10-24,14,2
POITEM0004610,PO001323,PROD0250,53,86204.18,2026-09-28,2026-10-23,51,2
POITEM0004611,PO001323,PROD0048,77,87375.63,2026-09-28,2026-10-01,72,2
POITEM0004612,PO001323,PROD0153,20,145003.97,2026-09-28,2026-09-24,19,1
POITEM0004613,PO001323,PROD0152,40,52350.6,2026-09-28,2026-10-14,39,0
POITEM0004614,PO001323,PROD0026,80,75563.9,2026-09-28,2026-10-22,73,1
POITEM0004615,PO001323,PROD0037,3,71985.13,2026-09-28,2026-10-06,2,0
POITEM0004616,PO001324,PROD0192,3,5159.14,2026-09-28,2026-09-24,2,0
POITEM0004617,PO001324,PROD0098,21,139672.14,2026-09-28,2026-10-14,20,1
POITEM0004618,PO001324,PROD0165,18,151163.78,2026-09-28,2026-10-18,17,0
POITEM0004619,PO001324,PROD0177,52,134680.71,2026-09-28,2026-10-10,46,1
POITEM0004620,PO001324,PROD0158,54,101793.82,2026-09-28,2026-10-19,52,2
POITEM0004621,PO001324,PROD0024,17,14169.3,2026-09-28,2026-09-27,15,2
POITEM0004622,PO001325,PROD0163,64,25123.26,2026-09-19,2026-09-25,61,3
POITEM0004623,PO001326,PROD0167,49,99996.49,2026-10-07,2026-10-28,47,2
POITEM0004624,PO001326,PROD0201,73,9157.42,2026-10-07,2026-10-26,67,3
POITEM0004625,PO001327,PROD0008,25,97987.59,2026-09-16,2026-10-01,24,1
POITEM0004626,PO001327,PROD0136,64,107102.62,2026-09-16,2026-09-29,58,6
POITEM0004627,PO001328,PROD0023,30,50001.56,2026-09-16,2026-09-15,29,1
POITEM0004628,PO001328,PROD0191,64,4385.41,2026-09-16,2026-09-15,59,1
POITEM0004629,PO001328,PROD0001,71,4556.65,2026-09-16,2026-10-01,70,1
POITEM0004630,PO001328,PROD0003,7,43867.38,2026-09-16,2026-10-03,6,0
POITEM0004631,PO001328,PROD0089,21,96991.85,2026-09-16,2026-09-15,19,0
POITEM0004632,PO001328,PROD0146,6,172445.21,2026-09-16,2026-10-11,5,1
POITEM0004633,PO001329,PROD0144,64,66916.98,2026-10-09,2026-10-27,58,1
POITEM0004634,PO001329,PROD0087,33,135305.84,2026-10-09,2026-10-29,32,0
POITEM0004635,PO001329,PROD0158,72,129959.92,2026-10-09,2026-10-18,66,0
POITEM0004636,PO001330,PROD0157,12,162394.24,2026-10-07,2026-10-11,11,1
POITEM0004637,PO001330,PROD0090,24,33454.48,2026-10-07,2026-10-30,22,2
POITEM0004638,PO001331,PROD0085,87,45260.0,2026-10-04,2026-10-15,82,5
POITEM0004639,PO001332,PROD0181,19,142191.3,2026-10-04,2026-10-28,18,1
POITEM0004640,PO001333,PROD0207,49,78240.74,2026-10-21,2026-10-17,47,1
POITEM0004641,PO001334,PROD0008,24,112914.76,2026-10-15,2026-10-18,22,0
POITEM0004642,PO001334,PROD0045,54,48286.65,2026-10-15,2026-11-04,53,1
POITEM0004643,PO001334,PROD0203,39,86573.08,2026-10-15,2026-11-07,38,1
POITEM0004644,PO001334,PROD0240,34,13077.41,2026-10-15,2026-10-24,31,3
POITEM0004645,PO001334,PROD0213,89,4098.41,2026-10-15,2026-10-29,80,5
POITEM0004646,PO001335,PROD0184,75,13494.7,2026-09-24,2026-09-19,71,2
POITEM0004647,PO001336,PROD0163,65,18060.07,2026-10-20,2026-11-07,60,4
POITEM0004648,PO001337,PROD0085,34,40921.29,2026-09-22,2026-09-23,32,0
POITEM0004649,PO001337,PROD0112,13,126685.62,2026-09-22,2026-10-15,12,1
POITEM0004650,PO001337,PROD0101,43,97871.81,2026-09-22,2026-10-07,42,1
POITEM0004651,PO001337,PROD0247,56,110925.37,2026-09-22,2026-10-12,51,1
POITEM0004652,PO001337,PROD0177,29,108067.89,2026-09-22,2026-10-03,28,1
POITEM0004653,PO001338,PROD0131,49,128060.56,2026-10-01,2026-10-07,47,1
POITEM0004654,PO001338,PROD0238,90,120942.28,2026-10-01,2026-10-25,86,4
POITEM0004655,PO001338,PROD0114,80,41963.8,2026-10-01,2026-10-22,76,1
POITEM0004656,PO001338,PROD0187,10,62571.3,2026-10-01,2026-10-02,9,1
POITEM0004657,PO001338,PROD0226,85,105257.29,2026-10-01,2026-10-26,83,0
POITEM0004658,PO001339,PROD0166,18,137019.66,2026-09-22,2026-10-13,17,0
POITEM0004659,PO001339,PROD0033,12,19665.23,2026-09-22,2026-09-20,11,0
POITEM0004660,PO001339,PROD0227,72,82845.24,2026-09-22,2026-09-29,67,0
POITEM0004661,PO001339,PROD0238,36,116616.43,2026-09-22,2026-10-02,35,1
POITEM0004662,PO001340,PROD0193,79,138390.37,2026-09-25,2026-09-20,72,3
POITEM0004663,PO001340,PROD0115,66,111941.45,2026-09-25,2026-09-20,64,0
POITEM0004664,PO001340,PROD0232,43,118281.2,2026-09-25,2026-09-23,41,2
POITEM0004665,PO001340,PROD0226,94,128253.36,2026-09-25,2026-09-28,90,4
POITEM0004666,PO001340,PROD0021,76,122799.43,2026-09-25,2026-10-15,75,1
POITEM0004667,PO001340,PROD0148,94,132680.32,2026-09-25,2026-09-27,93,0
POITEM0004668,PO001341,PROD0146,97,124987.03,2026-09-25,2026-09-23,87,4
POITEM0004669,PO001341,PROD0075,59,116755.28,2026-09-25,2026-10-15,54,4
POITEM0004670,PO001341,PROD0079,94,160452.2,2026-09-25,2026-09-21,92,1
POITEM0004671,PO001341,PROD0019,30,159815.85,2026-09-25,2026-09-29,29,1
POITEM0004672,PO001341,PROD0151,17,42805.29,2026-09-25,2026-10-07,16,0
POITEM0004673,PO001341,PROD0183,76,50543.31,2026-09-25,2026-10-01,71,0
POITEM0004674,PO001342,PROD0105,73,108220.59,2026-10-04,2026-10-09,68,5
POITEM0004675,PO001342,PROD0122,29,92661.72,2026-10-04,2026-10-03,27,2
POITEM0004676,PO001342,PROD0056,94,40327.42,2026-10-04,2026-10-11,93,1
POITEM0004677,PO001342,PROD0164,2,67862.4,2026-10-04,2026-10-24,1,1
POITEM0004678,PO001342,PROD0015,66,113601.53,2026-10-04,2026-10-23,62,4
POITEM0004679,PO001342,PROD0210,52,35871.44,2026-10-04,2026-10-25,49,3
POITEM0004680,PO001343,PROD0098,20,132266.09,2026-10-02,2026-10-15,18,0
POITEM0004681,PO001343,PROD0177,48,142473.44,2026-10-02,2026-10-21,45,1
POITEM0004682,PO001343,PROD0170,21,53959.52,2026-10-02,2026-10-13,20,0
POITEM0004683,PO001344,PROD0138,68,4221.28,2026-10-14,2026-10-15,61,2
POITEM0004684,PO001344,PROD0231,32,54589.88,2026-10-14,2026-10-20,29,1
POITEM0004685,PO001344,PROD0001,6,5842.37,2026-10-14,2026-10-22,5,1
POITEM0004686,PO001344,PROD0195,55,18465.22,2026-10-14,2026-10-26,52,2
POITEM0004687,PO001344,PROD0196,88,74884.05,2026-10-14,2026-11-08,81,6
POITEM0004688,PO001344,PROD0029,63,1244.5,2026-10-14,2026-11-07,57,3
POITEM0004689,PO001345,PROD0127,36,127457.07,2026-09-26,2026-10-01,33,1
POITEM0004690,PO001345,PROD0129,62,152320.2,2026-09-26,2026-09-29,59,2
POITEM0004691,PO001345,PROD0005,74,138751.45,2026-09-26,2026-10-01,70,4
POITEM0004692,PO001345,PROD0157,61,139893.24,2026-09-26,2026-10-01,60,0
POITEM0004693,PO001345,PROD0243,11,22725.91,2026-09-26,2026-09-28,10,1
POITEM0004694,PO001345,PROD0103,82,29352.22,2026-09-26,2026-09-27,80,0
POITEM0004695,PO001346,PROD0083,91,128116.28,2026-09-24,2026-09-29,84,2
POITEM0004696,PO001346,PROD0230,65,42329.33,2026-09-24,2026-10-11,59,4
POITEM0004697,PO001346,PROD0089,63,93385.88,2026-09-24,2026-09-27,61,2
POITEM0004698,PO001346,PROD0176,91,85954.82,2026-09-24,2026-10-03,82,4
POITEM0004699,PO001347,PROD0248,88,7835.86,2026-09-17,2026-09-14,85,2
POITEM0004700,PO001348,PROD0099,55,157342.87,2026-09-25,2026-10-04,49,2
POITEM0004701,PO001348,PROD0176,98,64681.58,2026-09-25,2026-09-23,91,1
POITEM0004702,PO001348,PROD0228,79,83490.72,2026-09-25,2026-10-09,75,3
POITEM0004703,PO001348,PROD0238,55,128482.42,2026-09-25,2026-09-28,51,2
POITEM0004704,PO001348,PROD0041,29,171509.7,2026-09-25,2026-09-28,26,3
POITEM0004705,PO001349,PROD0202,99,73163.17,2026-09-25,2026-10-01,89,10
POITEM0004706,PO001349,PROD0082,56,16789.03,2026-09-25,2026-09-29,55,0
POITEM0004707,PO001349,PROD0019,79,119002.95,2026-09-25,2026-10-02,75,3
POITEM0004708,PO001350,PROD0154,2,49063.29,2026-09-24,2026-10-18,1,0
POITEM0004709,PO001350,PROD0110,73,21760.6,2026-09-24,2026-10-19,67,1
POITEM0004710,PO001350,PROD0061,45,47598.74,2026-09-24,2026-10-12,42,1
POITEM0004711,PO001350,PROD0240,8,14191.46,2026-09-24,2026-10-15,7,0
POITEM0004712,PO001350,PROD0185,51,94766.28,2026-09-24,2026-10-14,49,0
POITEM0004713,PO001351,PROD0022,98,142861.12,2026-09-25,2026-10-13,89,5
POITEM0004714,PO001352,PROD0122,36,87678.2,2026-09-21,2026-09-20,35,0
POITEM0004715,PO001352,PROD0167,68,123835.46,2026-09-21,2026-09-24,67,0
POITEM0004716,PO001352,PROD0164,40,91745.99,2026-09-21,2026-10-10,36,4
POITEM0004717,PO001352,PROD0040,22,137166.68,2026-09-21,2026-10-01,19,3
POITEM0004718,PO001352,PROD0045,53,41573.75,2026-09-21,2026-10-03,48,0
POITEM0004719,PO001353,PROD0161,84,95899.7,2026-10-12,2026-10-29,81,0
POITEM0004720,PO001353,PROD0134,11,88699.45,2026-10-12,2026-11-01,10,0
POITEM0004721,PO001353,PROD0197,36,141564.65,2026-10-12,2026-10-07,32,1
POITEM0004722,PO001353,PROD0066,26,107125.58,2026-10-12,2026-11-05,25,1
POITEM0004723,PO001353,PROD0112,71,100258.49,2026-10-12,2026-10-07,65,0
POITEM0004724,PO001354,PROD0223,96,97315.6,2026-10-10,2026-10-12,88,5
POITEM0004725,PO001354,PROD0057,68,106357.13,2026-10-10,2026-10-17,64,3
POITEM0004726,PO001354,PROD0113,96,103206.79,2026-10-10,2026-10-20,92,0
POITEM0004727,PO001355,PROD0084,54,132251.78,2026-09-21,2026-10-14,49,0
POITEM0004728,PO001355,PROD0067,45,44160.53,2026-09-21,2026-09-23,42,1
POITEM0004729,PO001355,PROD0070,51,101685.45,2026-09-21,2026-09-17,49,2
POITEM0004730,PO001356,PROD0125,96,44507.25,2026-10-06,2026-10-27,88,6
POITEM0004731,PO001356,PROD0220,82,40817.2,2026-10-06,2026-10-23,78,1
POITEM0004732,PO001356,PROD0069,64,6483.7,2026-10-06,2026-10-05,61,0
POITEM0004733,PO001356,PROD0239,81,74503.86,2026-10-06,2026-10-11,77,1
POITEM0004734,PO001357,PROD0237,39,145812.87,2026-10-20,2026-11-03,35,4
POITEM0004735,PO001357,PROD0179,9,121107.79,2026-10-20,2026-10-18,8,0
POITEM0004736,PO001357,PROD0219,91,20645.06,2026-10-20,2026-10-31,90,1
POITEM0004737,PO001357,PROD0204,53,117917.92,2026-10-20,2026-10-29,48,5
POITEM0004738,PO001358,PROD0237,95,131837.22,2026-09-16,2026-09-12,87,2
POITEM0004739,PO001358,PROD0175,11,80137.83,2026-09-16,2026-10-09,10,1
POITEM0004740,PO001358,PROD0040,42,179332.93,2026-09-16,2026-10-04,40,2
POITEM0004741,PO001358,PROD0206,85,145145.11,2026-09-16,2026-09-17,81,4
POITEM0004742,PO001358,PROD0129,32,130445.64,2026-09-16,2026-10-08,31,0
POITEM0004743,PO001358,PROD0094,87,113827.51,2026-09-16,2026-09-26,83,3
POITEM0004744,PO001359,PROD0224,18,41217.46,2026-10-14,2026-10-11,16,0
POITEM0004745,PO001359,PROD0082,50,14771.94,2026-10-14,2026-10-14,49,1
POITEM0004746,PO001359,PROD0141,34,145328.61,2026-10-14,2026-10-15,31,2
POITEM0004747,PO001360,PROD0123,37,14685.52,2026-09-23,2026-10-11,36,1
POITEM0004748,PO001360,PROD0165,1,118436.09,2026-09-23,2026-10-02,0,0
POITEM0004749,PO001360,PROD0132,62,91213.63,2026-09-23,2026-10-14,61,1
POITEM0004750,PO001360,PROD0069,11,6268.07,2026-09-23,2026-10-09,10,0
POITEM0004751,PO001361,PROD0130,48,94656.19,2026-10-16,2026-10-13,44,1
POITEM0004752,PO001361,PROD0017,74,110980.46,2026-10-16,2026-11-01,71,2
POITEM0004753,PO001361,PROD0117,39,50864.26,2026-10-16,2026-10-14,38,1
POITEM0004754,PO001361,PROD0124,78,47646.75,2026-10-16,2026-11-04,75,1
POITEM0004755,PO001361,PROD0096,44,60585.15,2026-10-16,2026-10-17,42,2
POITEM0004756,PO001362,PROD0110,36,29153.37,2026-10-13,2026-10-27,35,0
POITEM0004757,PO001363,PROD0195,83,23380.09,2026-10-08,2026-10-13,77,5
POITEM0004758,PO001363,PROD0173,74,136744.83,2026-10-08,2026-10-18,66,4
POITEM0004759,PO001363,PROD0063,57,81070.76,2026-10-08,2026-10-17,52,3
POITEM0004760,PO001363,PROD0133,45,77082.28,2026-10-08,2026-10-15,41,2
POITEM0004761,PO001363,PROD0200,75,11872.64,2026-10-08,2026-10-31,67,0
POITEM0004762,PO001364,PROD0005,93,165241.18,2026-10-11,2026-10-25,83,4
POITEM0004763,PO001364,PROD0093,84,154581.6,2026-10-11,2026-10-31,76,3
POITEM0004764,PO001364,PROD0084,82,159895.77,2026-10-11,2026-11-01,81,1
POITEM0004765,PO001364,PROD0078,29,64550.13,2026-10-11,2026-10-30,28,1
POITEM0004766,PO001365,PROD0121,53,84085.48,2026-10-10,2026-10-30,52,0
POITEM0004767,PO001365,PROD0169,19,64846.43,2026-10-10,2026-10-28,18,0
POITEM0004768,PO001365,PROD0127,75,162548.96,2026-10-10,2026-10-13,70,4
POITEM0004769,PO001365,PROD0027,7,148179.92,2026-10-10,2026-10-20,6,1
POITEM0004770,PO001365,PROD0087,89,131807.1,2026-10-10,2026-10-12,80,4
POITEM0004771,PO001366,PROD0089,27,96886.63,2026-09-29,2026-10-05,24,3
POITEM0004772,PO001367,PROD0032,15,31388.94,2026-10-16,2026-10-14,14,1
POITEM0004773,PO001367,PROD0014,83,140106.26,2026-10-16,2026-10-19,79,3
POITEM0004774,PO001367,PROD0170,59,41588.72,2026-10-16,2026-11-07,53,1
POITEM0004775,PO001367,PROD0013,99,160779.82,2026-10-16,2026-10-20,98,1
POITEM0004776,PO001368,PROD0170,85,51782.93,2026-10-04,2026-10-07,80,5
POITEM0004777,PO001368,PROD0019,69,162214.22,2026-10-04,2026-10-14,64,1
POITEM0004778,PO001369,PROD0091,47,14899.1,2026-10-14,2026-10-23,44,2
POITEM0004779,PO001369,PROD0242,52,73138.07,2026-10-14,2026-10-17,50,0
POITEM0004780,PO001370,PROD0088,83,88383.03,2026-09-27,2026-10-22,77,5
POITEM0004781,PO001370,PROD0070,82,84530.48,2026-09-27,2026-10-07,74,4
POITEM0004782,PO001371,PROD0101,69,104363.59,2026-10-15,2026-10-20,63,5
POITEM0004783,PO001372,PROD0120,86,115837.62,2026-09-20,2026-09-25,83,1
POITEM0004784,PO001372,PROD0055,31,165958.09,2026-09-20,2026-10-12,30,0
POITEM0004785,PO001372,PROD0159,69,89952.18,2026-09-20,2026-09-26,68,1
POITEM0004786,PO001373,PROD0142,100,175223.78,2026-09-25,2026-10-11,98,2
POITEM0004787,PO001373,PROD0005,75,150335.53,2026-09-25,2026-10-15,69,6
POITEM0004788,PO001373,PROD0214,45,179516.14,2026-09-25,2026-10-05,41,4
POITEM0004789,PO001374,PROD0214,65,134446.39,2026-10-21,2026-10-19,61,3
POITEM0004790,PO001374,PROD0125,52,34781.88,2026-10-21,2026-10-17,51,0
POITEM0004791,PO001374,PROD0093,68,146604.29,2026-10-21,2026-11-09,64,2
POITEM0004792,PO001375,PROD0164,31,86535.72,2026-10-02,2026-10-03,29,2
POITEM0004793,PO001375,PROD0031,95,54073.19,2026-10-02,2026-10-17,91,2
POITEM0004794,PO001375,PROD0199,57,106227.26,2026-10-02,2026-09-27,53,2
POITEM0004795,PO001375,PROD0050,3,48271.65,2026-10-02,2026-10-11,2,0
POITEM0004796,PO001375,PROD0106,33,1387.72,2026-10-02,2026-10-09,30,3
POITEM0004797,PO001375,PROD0043,82,74547.83,2026-10-02,2026-10-19,80,0
POITEM0004798,PO001376,PROD0187,76,82555.32,2026-09-13,2026-09-23,71,5
POITEM0004799,PO001376,PROD0127,89,158454.9,2026-09-13,2026-09-15,86,2
POITEM0004800,PO001376,PROD0172,16,115031.72,2026-09-13,2026-09-25,14,1
POITEM0004801,PO001377,PROD0082,28,21196.13,2026-09-26,2026-10-06,26,1
POITEM0004802,PO001377,PROD0147,48,79878.13,2026-09-26,2026-10-13,44,3
POITEM0004803,PO001377,PROD0088,5,94257.84,2026-09-26,2026-09-24,4,1
POITEM0004804,PO001377,PROD0011,4,41552.09,2026-09-26,2026-09-27,3,1
POITEM0004805,PO001377,PROD0133,13,84659.95,2026-09-26,2026-09-21,11,0
POITEM0004806,PO001377,PROD0183,59,53870.47,2026-09-26,2026-10-02,53,4
POITEM0004807,PO001378,PROD0008,57,128294.13,2026-10-03,2026-10-21,54,0
POITEM0004808,PO001378,PROD0169,50,47924.75,2026-10-03,2026-10-12,45,4
POITEM0004809,PO001378,PROD0217,83,54710.07,2026-10-03,2026-10-06,79,4
POITEM0004810,PO001378,PROD0011,5,38644.21,2026-10-03,2026-10-13,4,1
POITEM0004811,PO001378,PROD0195,90,16431.5,2026-10-03,2026-10-17,83,2
POITEM0004812,PO001378,PROD0027,68,148033.54,2026-10-03,2026-10-08,66,1
POITEM0004813,PO001379,PROD0026,96,56376.53,2026-10-11,2026-10-31,94,1
POITEM0004814,PO001379,PROD0102,75,13312.79,2026-10-11,2026-10-31,73,0
POITEM0004815,PO001379,PROD0232,86,123967.88,2026-10-11,2026-10-23,83,3
POITEM0004816,PO001379,PROD0181,57,166542.7,2026-10-11,2026-10-18,52,5
POITEM0004817,PO001379,PROD0040,32,160285.66,2026-10-11,2026-10-17,30,0
POITEM0004818,PO001379,PROD0029,55,988.83,2026-10-11,2026-10-21,49,1
POITEM0004819,PO001380,PROD0226,46,99384.09,2026-09-21,2026-10-08,44,2
POITEM0004820,PO001380,PROD0173,77,140072.32,2026-09-21,2026-09-29,73,0
POITEM0004821,PO001380,PROD0204,63,82521.98,2026-09-21,2026-09-17,59,3
POITEM0004822,PO001381,PROD0035,69,172538.1,2026-09-27,2026-09-28,64,2
POITEM0004823,PO001381,PROD0137,100,46405.25,2026-09-27,2026-09-24,97,1
POITEM0004824,PO001382,PROD0206,14,170323.66,2026-10-03,2026-10-22,13,0
POITEM0004825,PO001382,PROD0089,79,94851.45,2026-10-03,2026-09-28,74,0
POITEM0004826,PO001383,PROD0049,60,9422.81,2026-10-04,2026-10-28,55,2
POITEM0004827,PO001383,PROD0013,22,134174.21,2026-10-04,2026-10-14,19,2
POITEM0004828,PO001383,PROD0155,79,29798.07,2026-10-04,2026-10-06,74,3
POITEM0004829,PO001384,PROD0218,41,24555.15,2026-10-08,2026-10-18,37,4
POITEM0004830,PO001384,PROD0173,53,157462.55,2026-10-08,2026-10-17,52,0
POITEM0004831,PO001384,PROD0237,89,137498.14,2026-10-08,2026-10-11,85,4
POITEM0004832,PO001384,PROD0058,3,118806.63,2026-10-08,2026-10-09,2,0
POITEM0004833,PO001385,PROD0014,47,147447.61,2026-10-17,2026-11-05,42,5
POITEM0004834,PO001385,PROD0235,56,7117.38,2026-10-17,2026-11-07,52,2
POITEM0004835,PO001385,PROD0117,72,51285.13,2026-10-17,2026-11-07,68,1
POITEM0004836,PO001385,PROD0173,50,137560.66,2026-10-17,2026-11-07,45,0
POITEM0004837,PO001385,PROD0185,66,91579.59,2026-10-17,2026-10-17,60,6
POITEM0004838,PO001385,PROD0059,44,32997.45,2026-10-17,2026-10-17,39,5
POITEM0004839,PO001386,PROD0061,76,63794.82,2026-10-19,2026-11-13,71,2
POITEM0004840,PO001386,PROD0230,91,40982.85,2026-10-19,2026-11-07,88,0
POITEM0004841,PO001386,PROD0187,19,78401.0,2026-10-19,2026-11-11,17,2
POITEM0004842,PO001386,PROD0121,98,99185.28,2026-10-19,2026-10-30,91,6
POITEM0004843,PO001387,PROD0241,17,81616.74,2026-09-19,2026-10-05,16,0
POITEM0004844,PO001387,PROD0150,26,152235.27,2026-09-19,2026-10-09,25,0
POITEM0004845,PO001387,PROD0027,10,112684.84,2026-09-19,2026-09-22,9,0
POITEM0004846,PO001387,PROD0023,42,52648.79,2026-09-19,2026-10-11,39,1
POITEM0004847,PO001388,PROD0022,63,115259.02,2026-10-21,2026-11-10,62,0
POITEM0004848,PO001388,PROD0237,43,120731.1,2026-10-21,2026-11-10,42,1
POITEM0004849,PO001388,PROD0028,51,146810.05,2026-10-21,2026-11-09,49,1
POITEM0004850,PO001388,PROD0150,58,119083.3,2026-10-21,2026-11-15,53,2
POITEM0004851,PO001389,PROD0162,28,157197.91,2026-10-01,2026-10-01,25,2
POITEM0004852,PO001389,PROD0070,88,86207.27,2026-10-01,2026-10-22,82,2
POITEM0004853,PO001389,PROD0097,36,99537.45,2026-10-01,2026-10-05,33,0
POITEM0004854,PO001389,PROD0235,15,8153.05,2026-10-01,2026-10-12,13,0
POITEM0004855,PO001389,PROD0096,99,45176.54,2026-10-01,2026-10-18,95,4
POITEM0004856,PO001389,PROD0180,86,148089.71,2026-10-01,2026-10-23,80,6
POITEM0004857,PO001390,PROD0088,25,74780.69,2026-09-16,2026-09-27,23,0
POITEM0004858,PO001390,PROD0022,88,162994.81,2026-09-16,2026-09-21,86,0
POITEM0004859,PO001390,PROD0055,8,162486.99,2026-09-16,2026-09-17,7,0
POITEM0004860,PO001390,PROD0098,89,143560.11,2026-09-16,2026-09-29,80,3
POITEM0004861,PO001390,PROD0236,57,6959.67,2026-09-16,2026-10-07,55,2
POITEM0004862,PO001390,PROD0116,55,44080.71,2026-09-16,2026-09-27,50,2
POITEM0004863,PO001391,PROD0138,100,3210.86,2026-10-08,2026-10-31,95,2
POITEM0004864,PO001392,PROD0241,86,83586.78,2026-10-13,2026-10-12,84,0
POITEM0004865,PO001392,PROD0021,4,112352.44,2026-10-13,2026-11-07,3,0
POITEM0004866,PO001392,PROD0067,34,50836.85,2026-10-13,2026-10-29,31,1
POITEM0004867,PO001392,PROD0098,26,160712.27,2026-10-13,2026-10-15,24,1
POITEM0004868,PO001393,PROD0250,13,109866.36,2026-10-02,2026-09-30,12,0
POITEM0004869,PO001393,PROD0016,57,151549.18,2026-10-02,2026-10-02,53,4
POITEM0004870,PO001393,PROD0231,27,63220.37,2026-10-02,2026-10-26,25,1
POITEM0004871,PO001394,PROD0051,1,145573.88,2026-10-02,2026-10-13,0,1
POITEM0004872,PO001395,PROD0236,62,6454.77,2026-09-22,2026-09-18,57,5
POITEM0004873,PO001395,PROD0075,74,92617.66,2026-09-22,2026-09-17,73,1
POITEM0004874,PO001395,PROD0120,85,116446.09,2026-09-22,2026-10-08,83,1
POITEM0004875,PO001395,PROD0233,56,2807.68,2026-09-22,2026-09-20,50,4
POITEM0004876,PO001396,PROD0199,49,105586.18,2026-10-04,2026-10-03,45,4
POITEM0004877,PO001396,PROD0120,48,110352.04,2026-10-04,2026-09-29,45,3
POITEM0004878,PO001397,PROD0168,9,129021.67,2026-10-19,2026-11-03,8,1
POITEM0004879,PO001397,PROD0124,24,59922.87,2026-10-19,2026-11-13,22,0
POITEM0004880,PO001397,PROD0177,64,143639.93,2026-10-19,2026-10-18,58,0
POITEM0004881,PO001397,PROD0215,37,140790.41,2026-10-19,2026-10-31,35,2
POITEM0004882,PO001398,PROD0102,14,14207.99,2026-10-02,2026-10-13,13,1
POITEM0004883,PO001398,PROD0144,74,65549.89,2026-10-02,2026-10-04,66,0
POITEM0004884,PO001398,PROD0013,29,144821.63,2026-10-02,2026-10-25,27,2
POITEM0004885,PO001398,PROD0169,21,52587.22,2026-10-02,2026-10-09,19,1
POITEM0004886,PO001398,PROD0077,84,104052.84,2026-10-02,2026-10-07,79,3
POITEM0004887,PO001399,PROD0158,39,129677.27,2026-10-10,2026-10-08,35,4
POITEM0004888,PO001399,PROD0110,79,29503.45,2026-10-10,2026-10-07,74,3
POITEM0004889,PO001399,PROD0120,5,140074.35,2026-10-10,2026-10-15,4,0
POITEM0004890,PO001400,PROD0175,33,76303.94,2026-09-15,2026-10-05,31,2
POITEM0004891,PO001400,PROD0006,5,37986.26,2026-09-15,2026-10-10,4,1
POITEM0004892,PO001400,PROD0100,83,142768.85,2026-09-15,2026-09-10,81,0
POITEM0004893,PO001400,PROD0201,39,7012.16,2026-09-15,2026-09-14,35,2
POITEM0004894,PO001400,PROD0234,85,17869.36,2026-09-15,2026-09-13,77,7
POITEM0004895,PO001401,PROD0014,48,133074.51,2026-09-17,2026-09-29,43,4
POITEM0004896,PO001401,PROD0032,13,35362.51,2026-09-17,2026-09-18,11,1
POITEM0004897,PO001401,PROD0142,70,139751.01,2026-09-17,2026-09-16,67,3
POITEM0004898,PO001401,PROD0018,60,29291.0,2026-09-17,2026-10-12,59,0
POITEM0004899,PO001401,PROD0189,60,51647.6,2026-09-17,2026-09-20,56,1
POITEM0004900,PO001401,PROD0222,16,93086.03,2026-09-17,2026-10-12,15,1
POITEM0004901,PO001402,PROD0018,32,34087.01,2026-10-18,2026-11-02,31,1
POITEM0004902,PO001402,PROD0154,94,42902.12,2026-10-18,2026-10-17,93,1
POITEM0004903,PO001403,PROD0103,1,23195.27,2026-10-03,2026-10-02,0,0
POITEM0004904,PO001403,PROD0204,15,116044.81,2026-10-03,2026-10-11,13,2
POITEM0004905,PO001404,PROD0238,59,128098.52,2026-09-15,2026-09-21,54,2
POITEM0004906,PO001404,PROD0194,66,67105.38,2026-09-15,2026-09-10,61,1
POITEM0004907,PO001404,PROD0007,78,75872.85,2026-09-15,2026-09-17,70,3
POITEM0004908,PO001404,PROD0141,99,159937.67,2026-09-15,2026-09-21,94,4
POITEM0004909,PO001404,PROD0182,30,52854.51,2026-09-15,2026-10-04,27,2
POITEM0004910,PO001404,PROD0131,25,135010.6,2026-09-15,2026-10-01,22,0
POITEM0004911,PO001405,PROD0105,47,97477.43,2026-10-08,2026-10-17,43,1
POITEM0004912,PO001406,PROD0218,40,32133.12,2026-09-29,2026-10-04,36,2
POITEM0004913,PO001406,PROD0022,49,124999.79,2026-09-29,2026-10-12,45,1
POITEM0004914,PO001406,PROD0123,99,14362.85,2026-09-29,2026-10-16,91,5
POITEM0004915,PO001407,PROD0007,21,64484.0,2026-10-12,2026-10-30,20,0
POITEM0004916,PO001408,PROD0013,98,158264.65,2026-09-30,2026-09-27,93,1
POITEM0004917,PO001408,PROD0233,70,1999.32,2026-09-30,2026-10-02,67,1
POITEM0004918,PO001408,PROD0207,12,71027.81,2026-09-30,2026-10-13,11,1
POITEM0004919,PO001409,PROD0132,75,71674.75,2026-09-19,2026-10-06,70,3
POITEM0004920,PO001409,PROD0244,73,64495.27,2026-09-19,2026-10-02,71,0
POITEM0004921,PO001409,PROD0163,29,19001.77,2026-09-19,2026-09-24,27,2
POITEM0004922,PO001410,PROD0026,63,58148.73,2026-09-17,2026-10-04,61,0
POITEM0004923,PO001410,PROD0127,25,176901.15,2026-09-17,2026-09-13,23,1
POITEM0004924,PO001410,PROD0238,53,110354.35,2026-09-17,2026-09-28,52,1
POITEM0004925,PO001410,PROD0021,8,128209.16,2026-09-17,2026-10-10,7,1
POITEM0004926,PO001411,PROD0034,33,54832.72,2026-10-11,2026-11-04,31,2
POITEM0004927,PO001412,PROD0002,51,85256.09,2026-10-17,2026-10-20,50,0
POITEM0004928,PO001412,PROD0085,98,39703.65,2026-10-17,2026-11-01,88,10
POITEM0004929,PO001412,PROD0024,72,19326.5,2026-10-17,2026-10-30,67,2
POITEM0004930,PO001412,PROD0247,27,84831.49,2026-10-17,2026-10-19,26,1
POITEM0004931,PO001413,PROD0144,72,66818.24,2026-10-02,2026-10-11,71,1
POITEM0004932,PO001413,PROD0067,59,59415.17,2026-10-02,2026-10-11,58,1
POITEM0004933,PO001413,PROD0030,8,65227.52,2026-10-02,2026-09-27,7,1
POITEM0004934,PO001413,PROD0194,36,63689.52,2026-10-02,2026-10-04,33,2
POITEM0004935,PO001414,PROD0242,92,77514.05,2026-09-25,2026-10-19,88,4
POITEM0004936,PO001414,PROD0245,92,59597.12,2026-09-25,2026-10-04,91,0
POITEM0004937,PO001414,PROD0168,11,110808.59,2026-09-25,2026-10-10,10,1
POITEM0004938,PO001415,PROD0012,29,30309.7,2026-09-18,2026-09-18,27,1
POITEM0004939,PO001415,PROD0059,75,32912.68,2026-09-18,,71,3
POITEM0004940,PO001416,PROD0213,97,4584.96,2026-09-25,2026-10-05,94,2
POITEM0004941,PO001416,PROD0185,44,101141.13,2026-09-25,2026-09-23,42,0
POITEM0004942,PO001416,PROD0186,39,5222.62,2026-09-25,2026-10-07,38,1
POITEM0004943,PO001416,PROD0116,69,43059.47,2026-09-25,2026-10-17,63,0
POITEM0004944,PO001416,PROD0086,76,89344.56,2026-09-25,2026-09-29,75,1
POITEM0004945,PO001416,PROD0234,93,20952.42,2026-09-25,2026-10-15,92,0
POITEM0004946,PO001417,PROD0139,12,116668.31,2026-09-23,2026-09-29,11,1
POITEM0004947,PO001418,PROD0220,44,41694.53,2026-10-03,2026-10-25,41,2
POITEM0004948,PO001419,PROD0124,59,48068.57,2026-10-08,2026-10-22,57,2
POITEM0004949,PO001419,PROD0014,47,127557.68,2026-10-08,2026-10-29,45,2
POITEM0004950,PO001420,PROD0228,16,96483.72,2026-09-19,2026-09-17,15,0
POITEM0004951,PO001420,PROD0077,7,95244.69,2026-09-19,2026-09-29,6,1
POITEM0004952,PO001420,PROD0206,51,133724.35,2026-09-19,2026-09-23,46,3
POITEM0004953,PO001420,PROD0123,47,17524.45,2026-09-19,2026-09-23,43,2
POITEM0004954,PO001420,PROD0106,54,1416.11,2026-09-19,2026-09-24,51,3
POITEM0004955,PO001420,PROD0213,20,4266.97,2026-09-19,2026-09-30,18,2
POITEM0004956,PO001421,PROD0039,74,63754.22,2026-10-03,2026-10-04,72,1
POITEM0004957,PO001421,PROD0043,65,70527.04,2026-10-03,2026-10-08,60,2
POITEM0004958,PO001421,PROD0100,88,143351.92,2026-10-03,2026-09-28,86,0
POITEM0004959,PO001421,PROD0175,75,86660.13,2026-10-03,2026-09-28,68,4
POITEM0004960,PO001422,PROD0098,2,136905.77,2026-09-30,2026-10-21,1,1
POITEM0004961,PO001422,PROD0136,49,100262.06,2026-09-30,2026-10-18,46,1
POITEM0004962,PO001422,PROD0220,84,41011.87,2026-09-30,2026-10-17,78,6
POITEM0004963,PO001422,PROD0090,53,42256.69,2026-09-30,2026-09-27,52,0
POITEM0004964,PO001422,PROD0190,67,86843.27,2026-09-30,2026-09-29,65,1
POITEM0004965,PO001422,PROD0107,71,13648.32,2026-09-30,2026-10-10,69,0
POITEM0004966,PO001423,PROD0197,59,105252.14,2026-09-26,2026-10-05,53,4
POITEM0004967,PO001423,PROD0221,48,91225.1,2026-09-26,2026-10-05,45,0
POITEM0004968,PO001423,PROD0114,97,40905.17,2026-09-26,2026-10-11,90,3
POITEM0004969,PO001423,PROD0227,73,80274.18,2026-09-26,2026-10-09,69,3
POITEM0004970,PO001423,PROD0113,19,100996.54,2026-09-26,2026-10-03,17,0
POITEM0004971,PO001424,PROD0120,96,143641.47,2026-10-17,2026-11-06,93,3
POITEM0004972,PO001424,PROD0151,9,52695.89,2026-10-17,2026-11-02,8,0
POITEM0004973,PO001424,PROD0048,8,72181.7,2026-10-17,2026-11-11,7,1
POITEM0004974,PO001424,PROD0226,98,111563.59,2026-10-17,2026-10-19,94,2
POITEM0004975,PO001425,PROD0034,71,52756.76,2026-09-19,2026-10-03,70,1
POITEM0004976,PO001426,PROD0048,5,86132.58,2026-10-03,2026-10-11,4,0
POITEM0004977,PO001426,PROD0170,37,52225.02,2026-10-03,2026-10-04,36,0
POITEM0004978,PO001427,PROD0050,100,49228.33,2026-09-14,2026-09-16,94,0
POITEM0004979,PO001427,PROD0176,19,71567.28,2026-09-14,2026-09-15,17,2
POITEM0004980,PO001428,PROD0238,3,90596.17,2026-09-27,2026-10-17,2,1
POITEM0004981,PO001428,PROD0059,91,37580.23,2026-09-27,2026-10-20,86,0
POITEM0004982,PO001428,PROD0065,49,16901.42,2026-09-27,2026-10-10,48,1
POITEM0004983,PO001428,PROD0072,91,2365.85,2026-09-27,2026-09-29,85,5
POITEM0004984,PO001428,PROD0098,1,137212.18,2026-09-27,2026-10-04,0,1
POITEM0004985,PO001429,PROD0034,51,59298.45,2026-09-20,2026-09-25,48,1
POITEM0004986,PO001429,PROD0049,77,8432.92,2026-09-20,2026-09-24,75,0
POITEM0004987,PO001429,PROD0088,18,97687.37,2026-09-20,2026-10-01,16,1
POITEM0004988,PO001429,PROD0113,32,111091.26,2026-09-20,2026-09-30,30,2
POITEM0004989,PO001429,PROD0138,7,3624.6,2026-09-20,2026-09-16,6,1
POITEM0004990,PO001429,PROD0226,34,115681.64,2026-09-20,2026-09-23,31,2
POITEM0004991,PO001430,PROD0137,44,40103.92,2026-09-18,2026-09-20,42,0
POITEM0004992,PO001430,PROD0123,15,16373.35,2026-09-18,2026-10-13,13,2
POITEM0004993,PO001430,PROD0200,81,11214.57,2026-09-18,2026-10-07,79,2
POITEM0004994,PO001431,PROD0066,22,107014.29,2026-09-22,2026-09-28,21,1
POITEM0004995,PO001432,PROD0232,1,125190.4,2026-10-21,2026-10-26,0,0
POITEM0004996,PO001432,PROD0037,57,73863.67,2026-10-21,2026-10-29,51,6
POITEM0004997,PO001432,PROD0136,39,102345.86,2026-10-21,2026-10-20,35,2
POITEM0004998,PO001433,PROD0205,72,119275.95,2026-09-30,2026-10-22,65,6
POITEM0004999,PO001433,PROD0008,71,120323.13,2026-09-30,2026-10-11,68,3
POITEM0005000,PO001433,PROD0123,70,13706.52,2026-09-30,2026-10-07,63,0
POITEM0005001,PO001434,PROD0047,17,79115.74,2026-10-01,2026-10-01,15,0
POITEM0005002,PO001434,PROD0011,32,49874.42,2026-10-01,2026-10-24,29,0
POITEM0005003,PO001434,PROD0059,62,41741.72,2026-10-01,2026-09-27,58,0
POITEM0005004,PO001434,PROD0185,80,89491.79,2026-10-01,2026-10-18,76,2
POITEM0005005,PO001434,PROD0152,72,65644.97,2026-10-01,2026-10-08,66,3
POITEM0005006,PO001434,PROD0244,27,58532.01,2026-10-01,2026-10-26,25,2
POITEM0005007,PO001435,PROD0170,73,43262.12,2026-09-28,2026-10-09,68,3
POITEM0005008,PO001435,PROD0034,21,56224.51,2026-09-28,2026-10-22,19,2
POITEM0005009,PO001435,PROD0139,64,106359.02,2026-09-28,2026-09-29,61,0
POITEM0005010,PO001435,PROD0208,33,55589.86,2026-09-28,2026-10-18,32,0
POITEM0005011,PO001435,PROD0121,40,104959.47,2026-09-28,2026-10-11,38,1
POITEM0005012,PO001436,PROD0045,61,51332.45,2026-09-27,2026-10-21,57,4
POITEM0005013,PO001436,PROD0148,51,147191.84,2026-09-27,2026-10-01,49,1
POITEM0005014,PO001436,PROD0210,15,44076.54,2026-09-27,2026-10-05,13,0
POITEM0005015,PO001436,PROD0029,31,1378.36,2026-09-27,2026-09-28,27,1
POITEM0005016,PO001437,PROD0143,42,157735.86,2026-10-11,2026-10-08,40,2
POITEM0005017,PO001437,PROD0130,6,116608.3,2026-10-11,2026-10-11,5,1
POITEM0005018,PO001437,PROD0002,40,103972.67,2026-10-11,2026-10-16,37,0
POITEM0005019,PO001437,PROD0121,20,96924.98,2026-10-11,2026-11-05,18,0
POITEM0005020,PO001437,PROD0005,19,146363.42,2026-10-11,2026-10-27,18,0
POITEM0005021,PO001438,PROD0181,63,119068.73,2026-09-16,2026-09-22,60,2
POITEM0005022,PO001438,PROD0168,47,120704.81,2026-09-16,2026-10-11,45,1
POITEM0005023,PO001438,PROD0193,9,149588.7,2026-09-16,2026-09-23,8,1
POITEM0005024,PO001438,PROD0001,68,5923.73,2026-09-16,2026-09-26,67,0
POITEM0005025,PO001438,PROD0022,85,130203.26,2026-09-16,2026-10-08,77,1
POITEM0005026,PO001438,PROD0186,8,5620.31,2026-09-16,2026-10-08,7,1
POITEM0005027,PO001439,PROD0107,41,16539.83,2026-09-24,2026-10-09,39,2
POITEM0005028,PO001439,PROD0034,3,58314.52,2026-09-24,2026-10-13,2,0
POITEM0005029,PO001439,PROD0224,46,37516.4,2026-09-24,2026-09-24,45,1
POITEM0005030,PO001439,PROD0120,88,124074.23,2026-09-24,2026-10-10,87,1
POITEM0005031,PO001440,PROD0071,7,91209.85,2026-10-10,2026-10-12,6,1
POITEM0005032,PO001440,PROD0044,8,40066.96,2026-10-10,2026-10-20,7,1
POITEM0005033,PO001440,PROD0212,38,10302.51,2026-10-10,2026-10-28,36,2
POITEM0005034,PO001441,PROD0052,74,42856.6,2026-10-10,2026-11-04,69,2
POITEM0005035,PO001441,PROD0004,65,93235.94,2026-10-10,2026-11-04,62,3
POITEM0005036,PO001442,PROD0231,89,58913.4,2026-10-11,2026-10-23,87,0
POITEM0005037,PO001442,PROD0061,51,53503.08,2026-10-11,2026-10-23,47,0
POITEM0005038,PO001443,PROD0013,34,169080.66,2026-09-18,2026-09-23,33,1
POITEM0005039,PO001443,PROD0204,77,118663.65,2026-09-18,2026-09-17,76,0
POITEM0005040,PO001443,PROD0023,18,43037.17,2026-09-18,2026-09-25,17,1
POITEM0005041,PO001443,PROD0222,10,108712.05,2026-09-18,2026-09-21,9,1
POITEM0005042,PO001444,PROD0181,1,138707.06,2026-09-23,2026-09-21,0,1
POITEM0005043,PO001444,PROD0026,6,68093.34,2026-09-23,2026-10-11,5,0
POITEM0005044,PO001444,PROD0159,73,75286.67,2026-09-23,2026-10-01,72,1
POITEM0005045,PO001444,PROD0163,78,24707.93,2026-09-23,2026-10-15,71,7
POITEM0005046,PO001444,PROD0118,86,129998.13,2026-09-23,2026-09-22,82,0
POITEM0005047,PO001445,PROD0034,16,51401.06,2026-10-10,2026-11-01,14,2
POITEM0005048,PO001445,PROD0090,20,43402.33,2026-10-10,2026-10-22,19,1
POITEM0005049,PO001445,PROD0019,17,143146.17,2026-10-10,2026-10-12,16,0
POITEM0005050,PO001445,PROD0147,91,56983.75,2026-10-10,2026-10-09,86,4
POITEM0005051,PO001445,PROD0012,58,22507.22,2026-10-10,2026-10-31,53,0
POITEM0005052,PO001446,PROD0148,26,161607.37,2026-10-07,2026-10-26,25,1
POITEM0005053,PO001446,PROD0166,75,112419.64,2026-10-07,2026-10-12,69,4
POITEM0005054,PO001446,PROD0218,21,28932.2,2026-10-07,2026-10-20,20,0
POITEM0005055,PO001447,PROD0138,81,4304.19,2026-09-22,2026-10-16,79,1
POITEM0005056,PO001447,PROD0247,42,101459.04,2026-09-22,2026-10-12,40,0
POITEM0005057,PO001447,PROD0241,10,66858.56,2026-09-22,2026-09-30,9,0
POITEM0005058,PO001448,PROD0166,22,111788.02,2026-10-02,2026-09-27,20,1
POITEM0005059,PO001448,PROD0114,43,41190.9,2026-10-02,2026-10-23,42,1
POITEM0005060,PO001448,PROD0022,39,121493.86,2026-10-02,2026-10-19,35,0
POITEM0005061,PO001448,PROD0073,40,76329.03,2026-10-02,2026-10-26,37,1
POITEM0005062,PO001448,PROD0154,39,52172.48,2026-10-02,2026-10-14,38,1
POITEM0005063,PO001449,PROD0150,21,158027.49,2026-09-17,2026-09-24,20,0
POITEM0005064,PO001449,PROD0106,45,1752.58,2026-09-17,2026-10-01,42,0
POITEM0005065,PO001450,PROD0237,23,119777.64,2026-09-13,2026-09-17,21,2
POITEM0005066,PO001450,PROD0140,74,28568.49,2026-09-13,2026-10-08,72,1
POITEM0005067,PO001450,PROD0061,94,51803.8,2026-09-13,2026-09-22,88,1
POITEM0005068,PO001450,PROD0178,98,97101.53,2026-09-13,2026-10-07,97,1
POITEM0005069,PO001450,PROD0018,91,28840.88,2026-09-13,2026-10-03,88,3
POITEM0005070,PO001451,PROD0044,39,51996.58,2026-10-08,2026-10-09,36,2
POITEM0005071,PO001451,PROD0226,26,119428.99,2026-10-08,2026-10-23,25,1
POITEM0005072,PO001451,PROD0193,39,128353.89,2026-10-08,2026-10-22,38,1
POITEM0005073,PO001451,PROD0067,67,45090.65,2026-10-08,2026-10-18,60,2
POITEM0005074,PO001452,PROD0250,15,113317.8,2026-10-02,2026-10-07,14,1
POITEM0005075,PO001452,PROD0222,97,133704.61,2026-10-02,2026-10-19,93,2
POITEM0005076,PO001452,PROD0097,29,133392.55,2026-10-02,2026-10-25,28,0
POITEM0005077,PO001452,PROD0093,21,160435.34,2026-10-02,2026-10-16,20,0
POITEM0005078,PO001452,PROD0122,98,85540.71,2026-10-02,2026-10-22,97,0
POITEM0005079,PO001453,PROD0238,3,107990.44,2026-10-07,2026-10-22,2,1
POITEM0005080,PO001453,PROD0137,17,43387.84,2026-10-07,2026-10-11,16,1
POITEM0005081,PO001453,PROD0166,75,115387.04,2026-10-07,2026-10-29,67,6
POITEM0005082,PO001454,PROD0161,4,111007.69,2026-10-10,2026-10-28,3,0
POITEM0005083,PO001455,PROD0074,90,36965.78,2026-10-14,2026-10-20,82,7
POITEM0005084,PO001455,PROD0003,30,40202.66,2026-10-14,2026-10-24,27,3
POITEM0005085,PO001455,PROD0154,17,53882.8,2026-10-14,2026-10-18,15,0
POITEM0005086,PO001455,PROD0017,52,146318.86,2026-10-14,2026-10-21,47,5
POITEM0005087,PO001455,PROD0108,100,92772.73,2026-10-14,2026-10-31,91,2
POITEM0005088,PO001456,PROD0094,77,81282.94,2026-09-28,2026-09-27,75,0
POITEM0005089,PO001456,PROD0067,29,57822.58,2026-09-28,2026-10-06,27,2
POITEM0005090,PO001457,PROD0014,98,112178.39,2026-09-22,2026-09-19,90,4
POITEM0005091,PO001457,PROD0153,81,132840.14,2026-09-22,2026-09-18,80,0
POITEM0005092,PO001458,PROD0086,91,93975.11,2026-10-21,2026-10-19,88,3
POITEM0005093,PO001458,PROD0038,24,108201.8,2026-10-21,2026-11-11,22,0
POITEM0005094,PO001458,PROD0120,51,131522.02,2026-10-21,2026-10-25,46,0
POITEM0005095,PO001458,PROD0062,34,110962.87,2026-10-21,2026-10-31,31,2
POITEM0005096,PO001458,PROD0028,54,147222.09,2026-10-21,2026-11-03,48,6
POITEM0005097,PO001458,PROD0242,2,87565.26,2026-10-21,2026-11-13,1,0
POITEM0005098,PO001459,PROD0017,29,145057.91,2026-09-18,2026-09-19,28,1
POITEM0005099,PO001459,PROD0134,79,91460.07,2026-09-18,2026-09-29,74,5
POITEM0005100,PO001459,PROD0069,35,7087.85,2026-09-18,2026-09-27,32,2
POITEM0005101,PO001459,PROD0033,21,16690.1,2026-09-18,2026-09-18,19,2
POITEM0005102,PO001459,PROD0236,69,5685.87,2026-09-18,2026-10-03,68,0
POITEM0005103,PO001459,PROD0157,98,124771.5,2026-09-18,2026-10-03,93,2
POITEM0005104,PO001460,PROD0107,62,16850.6,2026-10-16,2026-11-05,59,0
POITEM0005105,PO001460,PROD0176,46,83924.72,2026-10-16,2026-10-18,41,4
POITEM0005106,PO001460,PROD0234,3,18759.37,2026-10-16,2026-11-05,2,0
POITEM0005107,PO001460,PROD0178,22,119578.15,2026-10-16,2026-10-24,21,0
POITEM0005108,PO001460,PROD0124,95,68418.64,2026-10-16,2026-10-20,85,7
POITEM0005109,PO001461,PROD0200,93,12430.11,2026-09-29,2026-09-30,85,2
POITEM0005110,PO001461,PROD0061,78,47192.52,2026-09-29,2026-10-12,72,0
POITEM0005111,PO001461,PROD0104,74,151172.05,2026-09-29,2026-09-25,68,5
POITEM0005112,PO001461,PROD0084,82,138667.82,2026-09-29,2026-09-25,81,1
POITEM0005113,PO001461,PROD0003,39,53242.91,2026-09-29,2026-10-20,36,3
POITEM0005114,PO001461,PROD0011,53,43489.67,2026-09-29,2026-09-26,50,2
POITEM0005115,PO001462,PROD0038,63,97130.07,2026-10-02,2026-10-04,60,2
POITEM0005116,PO001462,PROD0116,41,35508.9,2026-10-02,2026-10-05,40,0
POITEM0005117,PO001462,PROD0129,92,154241.19,2026-10-02,2026-10-26,88,2
POITEM0005118,PO001463,PROD0165,16,131049.75,2026-10-05,2026-10-12,14,2
POITEM0005119,PO001463,PROD0064,64,93315.7,2026-10-05,2026-10-19,60,1
POITEM0005120,PO001464,PROD0181,47,125487.74,2026-10-08,2026-10-28,43,2
POITEM0005121,PO001464,PROD0192,74,5220.73,2026-10-08,2026-10-10,72,2
POITEM0005122,PO001464,PROD0016,26,123096.52,2026-10-08,2026-10-12,24,0
POITEM0005123,PO001464,PROD0189,88,44370.74,2026-10-08,2026-10-21,84,3
POITEM0005124,PO001464,PROD0111,76,98897.23,2026-10-08,2026-10-03,74,1
POITEM0005125,PO001464,PROD0114,41,34744.02,2026-10-08,2026-10-30,36,1
POITEM0005126,PO001465,PROD0200,89,13158.91,2026-09-19,2026-09-25,85,1
POITEM0005127,PO001465,PROD0172,66,130421.0,2026-09-19,2026-09-29,63,1
POITEM0005128,PO001465,PROD0152,43,52716.07,2026-09-19,2026-09-28,41,0
POITEM0005129,PO001465,PROD0222,32,98968.65,2026-09-19,2026-10-10,31,0
POITEM0005130,PO001465,PROD0047,29,90159.67,2026-09-19,2026-09-21,28,0
POITEM0005131,PO001465,PROD0203,62,70523.57,2026-09-19,2026-09-21,58,2
POITEM0005132,PO001466,PROD0064,87,91028.21,2026-10-01,2026-10-02,80,0
POITEM0005133,PO001466,PROD0162,24,173475.65,2026-10-01,2026-10-03,23,1
POITEM0005134,PO001466,PROD0230,40,40400.76,2026-10-01,2026-09-29,37,1
POITEM0005135,PO001467,PROD0076,61,27365.23,2026-09-21,2026-10-15,58,2
POITEM0005136,PO001467,PROD0195,3,19892.79,2026-09-21,2026-10-06,2,1
POITEM0005137,PO001468,PROD0183,59,57724.08,2026-10-19,2026-10-19,54,0
POITEM0005138,PO001468,PROD0210,31,38075.74,2026-10-19,2026-10-21,27,2
POITEM0005139,PO001469,PROD0083,10,134603.36,2026-09-24,2026-10-01,9,0
POITEM0005140,PO001470,PROD0064,17,93895.02,2026-10-11,2026-10-16,15,0
POITEM0005141,PO001470,PROD0211,4,81297.64,2026-10-11,2026-10-21,3,0
POITEM0005142,PO001471,PROD0243,69,31713.19,2026-09-18,2026-10-10,66,3
POITEM0005143,PO001471,PROD0092,7,153297.43,2026-09-18,2026-10-08,6,1
POITEM0005144,PO001471,PROD0084,82,123452.69,2026-09-18,2026-10-05,73,0
POITEM0005145,PO001472,PROD0039,88,62059.41,2026-10-20,2026-11-05,82,2
POITEM0005146,PO001472,PROD0230,44,43366.01,2026-10-20,2026-10-27,41,2
POITEM0005147,PO001472,PROD0166,10,130894.74,2026-10-20,2026-10-17,9,0
POITEM0005148,PO001473,PROD0209,12,109676.91,2026-09-30,2026-09-29,11,1
POITEM0005149,PO001473,PROD0096,30,53149.04,2026-09-30,2026-10-11,28,0
POITEM0005150,PO001473,PROD0220,63,43458.44,2026-09-30,2026-10-19,57,4
POITEM0005151,PO001474,PROD0151,12,43817.05,2026-09-19,2026-10-11,11,0
POITEM0005152,PO001475,PROD0250,92,82338.28,2026-09-30,2026-10-18,91,0
POITEM0005153,PO001475,PROD0227,94,103541.72,2026-09-30,2026-10-17,85,4
POITEM0005154,PO001475,PROD0089,79,76832.27,2026-09-30,2026-10-25,74,2
POITEM0005155,PO001475,PROD0232,98,131956.59,2026-09-30,2026-09-27,94,4
POITEM0005156,PO001475,PROD0006,92,41506.05,2026-09-30,2026-10-22,89,3
POITEM0005157,PO001475,PROD0090,15,32616.2,2026-09-30,2026-10-05,14,1
POITEM0005158,PO001476,PROD0092,16,152392.24,2026-10-10,2026-11-02,15,1
POITEM0005159,PO001476,PROD0128,56,71178.32,2026-10-10,2026-10-30,54,0
POITEM0005160,PO001476,PROD0244,23,60619.25,2026-10-10,2026-11-04,21,2
POITEM0005161,PO001477,PROD0167,56,109562.59,2026-10-08,2026-10-06,50,5
POITEM0005162,PO001477,PROD0034,53,62465.53,2026-10-08,2026-10-07,48,0
POITEM0005163,PO001477,PROD0072,86,2920.14,2026-10-08,2026-10-24,81,4
POITEM0005164,PO001477,PROD0105,85,78286.21,2026-10-08,2026-10-14,84,1
POITEM0005165,PO001477,PROD0063,31,113198.51,2026-10-08,2026-10-13,29,0
POITEM0005166,PO001477,PROD0005,2,128190.25,2026-10-08,2026-10-30,1,0
POITEM0005167,PO001478,PROD0112,6,103333.08,2026-09-19,2026-09-23,5,0
POITEM0005168,PO001478,PROD0241,8,77680.39,2026-09-19,2026-09-24,7,1
POITEM0005169,PO001478,PROD0019,65,144603.67,2026-09-19,2026-10-09,64,1
POITEM0005170,PO001478,PROD0081,86,56878.7,2026-09-19,2026-10-04,81,3
POITEM0005171,PO001479,PROD0115,25,127355.18,2026-09-20,2026-10-06,23,0
POITEM0005172,PO001479,PROD0118,89,134113.42,2026-09-20,2026-10-15,82,6
POITEM0005173,PO001479,PROD0225,4,129129.34,2026-09-20,2026-10-14,3,0
POITEM0005174,PO001479,PROD0020,96,87825.18,2026-09-20,2026-10-09,94,2
POITEM0005175,PO001479,PROD0079,5,172150.28,2026-09-20,2026-09-18,4,0
POITEM0005176,PO001480,PROD0235,37,7348.3,2026-10-11,2026-10-30,34,3
POITEM0005177,PO001481,PROD0025,20,37705.99,2026-09-25,2026-10-05,19,0
POITEM0005178,PO001481,PROD0218,69,25092.06,2026-09-25,2026-10-09,65,1
POITEM0005179,PO001481,PROD0013,5,158078.62,2026-09-25,2026-09-28,4,1
POITEM0005180,PO001481,PROD0188,85,95745.9,2026-09-25,2026-09-23,81,3
POITEM0005181,PO001481,PROD0056,32,44745.7,2026-09-25,2026-10-07,29,0
POITEM0005182,PO001481,PROD0154,53,42525.0,2026-09-25,2026-10-20,50,3
POITEM0005183,PO001482,PROD0138,88,3311.76,2026-10-03,2026-10-09,87,1
POITEM0005184,PO001482,PROD0188,77,70486.3,2026-10-03,2026-09-29,75,1
POITEM0005185,PO001482,PROD0091,81,14900.04,2026-10-03,2026-09-29,75,5
POITEM0005186,PO001482,PROD0023,76,41861.49,2026-10-03,2026-10-10,73,2
POITEM0005187,PO001482,PROD0136,52,117510.35,2026-10-03,2026-10-22,48,4
POITEM0005188,PO001482,PROD0210,69,49410.68,2026-10-03,2026-10-22,64,1
POITEM0005189,PO001483,PROD0123,2,14564.55,2026-09-18,2026-09-28,1,0
POITEM0005190,PO001483,PROD0046,92,5010.64,2026-09-18,2026-09-28,91,0
POITEM0005191,PO001483,PROD0135,1,29361.47,2026-09-18,2026-10-06,0,0
POITEM0005192,PO001483,PROD0009,87,34565.96,2026-09-18,2026-10-04,83,2
POITEM0005193,PO001484,PROD0040,27,153854.7,2026-10-21,2026-10-27,26,1
POITEM0005194,PO001484,PROD0162,37,129528.66,2026-10-21,2026-10-16,34,3
POITEM0005195,PO001484,PROD0050,67,49308.91,2026-10-21,2026-10-23,60,0
POITEM0005196,PO001484,PROD0118,69,133524.65,2026-10-21,2026-10-23,62,0
POITEM0005197,PO001485,PROD0155,67,30194.67,2026-10-15,2026-11-03,62,4
POITEM0005198,PO001485,PROD0114,75,36917.25,2026-10-15,2026-10-30,68,5
POITEM0005199,PO001485,PROD0244,14,57088.15,2026-10-15,2026-10-30,12,1
POITEM0005200,PO001485,PROD0227,45,74972.88,2026-10-15,2026-10-19,41,4
POITEM0005201,PO001486,PROD0053,34,23036.26,2026-10-18,2026-10-25,32,1
POITEM0005202,PO001486,PROD0106,34,1724.02,2026-10-18,2026-10-31,32,0
POITEM0005203,PO001486,PROD0119,56,106594.67,2026-10-18,2026-10-25,52,4
POITEM0005204,PO001486,PROD0229,66,65487.95,2026-10-18,2026-11-05,62,3
POITEM0005205,PO001486,PROD0021,58,143771.4,2026-10-18,2026-10-24,53,0
POITEM0005206,PO001487,PROD0087,11,104491.93,2026-09-20,2026-09-28,10,1
POITEM0005207,PO001487,PROD0196,46,72974.56,2026-09-20,2026-09-28,45,0
POITEM0005208,PO001487,PROD0126,45,43774.83,2026-09-20,2026-10-06,40,4
POITEM0005209,PO001487,PROD0229,47,56229.25,2026-09-20,2026-10-11,44,3
POITEM0005210,PO001487,PROD0026,27,70131.13,2026-09-20,2026-09-24,25,0
POITEM0005211,PO001488,PROD0129,7,152113.22,2026-09-26,2026-10-20,6,1
POITEM0005212,PO001489,PROD0151,19,43350.02,2026-09-14,2026-09-09,17,2
POITEM0005213,PO001489,PROD0239,5,81859.74,2026-09-14,2026-09-13,4,1
POITEM0005214,PO001490,PROD0214,98,170940.39,2026-09-29,2026-10-19,92,1
POITEM0005215,PO001490,PROD0247,31,103003.78,2026-09-29,2026-10-18,30,1
POITEM0005216,PO001490,PROD0089,91,95031.78,2026-09-29,2026-10-09,85,3
POITEM0005217,PO001490,PROD0110,31,22596.83,2026-09-29,2026-09-24,30,0
POITEM0005218,PO001490,PROD0085,13,39666.05,2026-09-29,2026-10-06,11,1
POITEM0005219,PO001491,PROD0143,54,166301.12,2026-10-14,2026-10-12,49,2
POITEM0005220,PO001491,PROD0124,37,47507.54,2026-10-14,2026-10-26,33,3
POITEM0005221,PO001491,PROD0028,87,141897.2,2026-10-14,2026-10-13,84,0
POITEM0005222,PO001491,PROD0152,14,56346.77,2026-10-14,2026-10-13,13,1
POITEM0005223,PO001491,PROD0201,86,7735.64,2026-10-14,2026-10-10,83,1
POITEM0005224,PO001491,PROD0042,48,33045.81,2026-10-14,2026-11-08,47,1
POITEM0005225,PO001492,PROD0083,8,130251.33,2026-10-21,2026-10-26,7,1
POITEM0005226,PO001492,PROD0007,76,56601.38,2026-10-21,2026-10-17,74,2
POITEM0005227,PO001492,PROD0169,96,50714.18,2026-10-21,2026-11-08,87,0
POITEM0005228,PO001493,PROD0145,73,2900.28,2026-10-18,2026-11-09,71,1
POITEM0005229,PO001493,PROD0151,52,44743.45,2026-10-18,2026-11-02,50,1
POITEM0005230,PO001493,PROD0236,31,6657.16,2026-10-18,2026-10-29,30,1
POITEM0005231,PO001493,PROD0141,18,137692.1,2026-10-18,2026-10-22,17,1
POITEM0005232,PO001493,PROD0216,13,109036.85,2026-10-18,2026-10-25,12,0
POITEM0005233,PO001493,PROD0054,2,88646.34,2026-10-18,2026-10-19,1,1
POITEM0005234,PO001494,PROD0135,99,26718.13,2026-09-29,2026-10-15,94,0
POITEM0005235,PO001494,PROD0057,4,112249.29,2026-09-29,2026-09-24,3,0
POITEM0005236,PO001495,PROD0058,79,114985.17,2026-10-04,2026-10-08,78,0
POITEM0005237,PO001495,PROD0081,3,48595.25,2026-10-04,2026-10-14,2,1
POITEM0005238,PO001495,PROD0041,14,165457.62,2026-10-04,2026-10-13,13,1
POITEM0005239,PO001496,PROD0070,50,108627.61,2026-09-21,2026-09-20,48,2
POITEM0005240,PO001496,PROD0106,80,1527.69,2026-09-21,2026-10-01,76,1
POITEM0005241,PO001496,PROD0194,46,60964.79,2026-09-21,2026-09-19,44,2
POITEM0005242,PO001497,PROD0205,20,130890.44,2026-09-13,2026-09-22,18,1
POITEM0005243,PO001497,PROD0097,81,105648.16,2026-09-13,2026-09-20,74,0
POITEM0005244,PO001497,PROD0041,1,124897.13,2026-09-13,2026-09-13,0,0
POITEM0005245,PO001497,PROD0038,32,126370.41,2026-09-13,2026-09-09,30,0
POITEM0005246,PO001497,PROD0087,29,136604.3,2026-09-13,2026-10-06,27,1
POITEM0005247,PO001498,PROD0096,49,62394.98,2026-10-10,2026-10-28,46,3
POITEM0005248,PO001499,PROD0219,14,28216.66,2026-10-21,2026-10-21,13,1
POITEM0005249,PO001499,PROD0218,11,31831.53,2026-10-21,2026-11-06,10,1
POITEM0005250,PO001499,PROD0250,67,89490.2,2026-10-21,2026-11-03,64,0
POITEM0005251,PO001499,PROD0245,34,63618.22,2026-10-21,2026-10-19,31,1
POITEM0005252,PO001500,PROD0226,53,120286.92,2026-10-12,2026-10-19,49,3
POITEM0005253,PO001500,PROD0233,6,1966.22,2026-10-12,2026-10-29,5,0
POITEM0005254,PO001500,PROD0004,24,84471.74,2026-10-12,2026-10-13,23,0
POITEM0005255,PO001500,PROD0087,63,137365.59,2026-10-12,2026-10-23,58,4
POITEM0005256,PO001500,PROD0018,38,29612.64,2026-10-12,2026-10-31,36,1
POITEM0005257,PO001501,PROD0163,72,26037.79,2026-10-12,2026-10-19,66,6
POITEM0005258,PO001501,PROD0158,25,125320.89,2026-10-12,2026-10-20,24,0
POITEM0005259,PO001501,PROD0009,42,38461.4,2026-10-12,2026-10-11,41,1
POITEM0005260,PO001501,PROD0150,51,129137.19,2026-10-12,2026-10-26,50,1
POITEM0005261,PO001502,PROD0208,2,54871.63,2026-10-03,2026-10-02,1,0
POITEM0005262,PO001502,PROD0220,34,45613.2,2026-10-03,2026-10-20,32,2
POITEM0005263,PO001502,PROD0073,20,79486.14,2026-10-03,2026-10-06,19,1
POITEM0005264,PO001502,PROD0078,25,52830.89,2026-10-03,2026-10-21,23,0
POITEM0005265,PO001502,PROD0040,32,172366.02,2026-10-03,2026-10-25,28,3
POITEM0005266,PO001503,PROD0119,39,93499.56,2026-09-26,2026-10-02,35,0
POITEM0005267,PO001503,PROD0020,29,82265.59,2026-09-26,2026-10-21,28,0
POITEM0005268,PO001504,PROD0234,69,20465.57,2026-09-26,2026-09-22,68,0
POITEM0005269,PO001505,PROD0174,16,149790.32,2026-09-24,2026-10-18,14,1
POITEM0005270,PO001505,PROD0098,16,164137.87,2026-09-24,2026-10-08,15,0
POITEM0005271,PO001505,PROD0162,86,160355.85,2026-09-24,2026-10-07,83,3
POITEM0005272,PO001505,PROD0151,1,53958.13,2026-09-24,2026-10-01,0,0
POITEM0005273,PO001506,PROD0068,59,27984.76,2026-09-23,2026-10-17,57,0
POITEM0005274,PO001507,PROD0146,14,120610.28,2026-10-10,2026-10-31,13,0
POITEM0005275,PO001507,PROD0214,94,146210.23,2026-10-10,2026-10-15,86,6
POITEM0005276,PO001507,PROD0191,85,4014.33,2026-10-10,2026-10-26,77,2
POITEM0005277,PO001507,PROD0032,39,37129.03,2026-10-10,2026-10-28,38,1
POITEM0005278,PO001507,PROD0213,53,4856.7,2026-10-10,2026-10-22,49,4
POITEM0005279,PO001508,PROD0199,29,101860.49,2026-09-17,2026-09-20,28,0
POITEM0005280,PO001508,PROD0055,36,135550.43,2026-09-17,2026-09-14,34,0
POITEM0005281,PO001508,PROD0075,97,111525.91,2026-09-17,2026-09-14,88,8
POITEM0005282,PO001508,PROD0017,14,144021.36,2026-09-17,2026-09-15,13,0
POITEM0005283,PO001508,PROD0249,40,48567.89,2026-09-17,2026-09-12,36,2
POITEM0005284,PO001508,PROD0012,11,21103.88,2026-09-17,2026-10-04,10,0
POITEM0005285,PO001509,PROD0081,15,53977.48,2026-10-18,2026-10-27,14,0
POITEM0005286,PO001509,PROD0163,40,20192.76,2026-10-18,2026-10-22,39,1
POITEM0005287,PO001510,PROD0129,47,133457.16,2026-10-02,2026-10-10,42,0
POITEM0005288,PO001511,PROD0191,50,4532.25,2026-10-13,2026-10-22,47,0
POITEM0005289,PO001511,PROD0071,38,103017.92,2026-10-13,2026-10-29,35,3
POITEM0005290,PO001511,PROD0203,68,73232.31,2026-10-13,2026-10-14,66,0
POITEM0005291,PO001511,PROD0013,3,174112.06,2026-10-13,2026-10-14,2,0
POITEM0005292,PO001511,PROD0207,34,77698.65,2026-10-13,2026-11-02,32,1
POITEM0005293,PO001512,PROD0070,98,100856.7,2026-09-25,2026-09-24,92,3
POITEM0005294,PO001512,PROD0081,42,62084.29,2026-09-25,2026-10-11,40,1
POITEM0005295,PO001512,PROD0122,77,87861.45,2026-09-25,2026-09-28,74,0
POITEM0005296,PO001512,PROD0033,59,22243.68,2026-09-25,2026-10-13,57,1
POITEM0005297,PO001513,PROD0057,28,87339.33,2026-09-22,2026-10-14,26,1
POITEM0005298,PO001514,PROD0067,75,50026.46,2026-10-05,2026-10-19,69,4
POITEM0005299,PO001514,PROD0159,58,96680.37,2026-10-05,2026-09-30,56,2
POITEM0005300,PO001514,PROD0161,30,105444.36,2026-10-05,2026-10-07,29,0
POITEM0005301,PO001515,PROD0059,12,34257.95,2026-10-15,2026-10-15,11,1
POITEM0005302,PO001515,PROD0101,39,111432.2,2026-10-15,2026-10-12,36,0
POITEM0005303,PO001515,PROD0192,50,6517.08,2026-10-15,2026-10-10,45,1
POITEM0005304,PO001515,PROD0249,22,65577.67,2026-10-15,2026-10-23,20,1
POITEM0005305,PO001515,PROD0158,45,100979.75,2026-10-15,2026-10-17,43,0
POITEM0005306,PO001515,PROD0074,90,37683.27,2026-10-15,2026-10-30,82,8
POITEM0005307,PO001516,PROD0090,63,31342.63,2026-09-15,2026-10-09,59,3
POITEM0005308,PO001517,PROD0023,5,51485.35,2026-10-21,2026-10-18,4,0
POITEM0005309,PO001517,PROD0176,69,91935.15,2026-10-21,2026-11-04,65,3
POITEM0005310,PO001518,PROD0086,42,114037.02,2026-10-12,2026-10-14,39,3
POITEM0005311,PO001518,PROD0076,5,30132.04,2026-10-12,2026-10-19,4,1
POITEM0005312,PO001518,PROD0105,3,90860.47,2026-10-12,2026-10-08,2,1
POITEM0005313,PO001518,PROD0202,57,68366.79,2026-10-12,2026-10-16,55,2
POITEM0005314,PO001518,PROD0025,52,40580.04,2026-10-12,2026-10-21,48,4
POITEM0005315,PO001518,PROD0043,39,76815.25,2026-10-12,2026-11-04,38,1
POITEM0005316,PO001519,PROD0163,66,24479.89,2026-10-11,2026-10-14,61,4
POITEM0005317,PO001519,PROD0150,9,125354.39,2026-10-11,2026-10-20,8,0
POITEM0005318,PO001519,PROD0209,84,128279.1,2026-10-11,2026-10-13,76,6
POITEM0005319,PO001519,PROD0133,14,84324.44,2026-10-11,2026-10-06,13,0
POITEM0005320,PO001519,PROD0152,59,65070.02,2026-10-11,2026-10-31,58,1
POITEM0005321,PO001519,PROD0070,1,102579.51,2026-10-11,2026-10-30,0,0
POITEM0005322,PO001520,PROD0125,29,37322.13,2026-09-20,2026-10-05,28,1
POITEM0005323,PO001520,PROD0244,41,55890.95,2026-09-20,2026-10-03,39,1
POITEM0005324,PO001520,PROD0245,77,62092.44,2026-09-20,2026-09-21,71,6
POITEM0005325,PO001520,PROD0196,26,93666.19,2026-09-20,2026-10-11,25,0
POITEM0005326,PO001521,PROD0136,10,93103.2,2026-10-20,2026-10-29,9,0
POITEM0005327,PO001521,PROD0027,74,122368.56,2026-10-20,2026-11-06,69,3
POITEM0005328,PO001521,PROD0029,7,1350.92,2026-10-20,2026-10-16,6,1
POITEM0005329,PO001521,PROD0239,79,87351.84,2026-10-20,2026-10-15,72,2
POITEM0005330,PO001522,PROD0069,37,6927.14,2026-09-19,2026-09-23,35,0
POITEM0005331,PO001523,PROD0086,55,94166.99,2026-10-10,2026-10-19,51,2
POITEM0005332,PO001523,PROD0218,30,30872.85,2026-10-10,2026-10-12,29,0
POITEM0005333,PO001523,PROD0152,86,56764.37,2026-10-10,2026-10-26,81,4
POITEM0005334,PO001524,PROD0170,53,38581.28,2026-10-17,2026-11-03,48,2
POITEM0005335,PO001524,PROD0145,48,2524.09,2026-10-17,2026-11-11,43,1
POITEM0005336,PO001524,PROD0187,30,82986.43,2026-10-17,2026-10-30,29,0
POITEM0005337,PO001525,PROD0199,28,114731.65,2026-10-17,2026-11-04,27,0
POITEM0005338,PO001525,PROD0175,47,94108.1,2026-10-17,2026-10-19,44,0
POITEM0005339,PO001525,PROD0007,97,67167.26,2026-10-17,2026-10-13,96,1
POITEM0005340,PO001525,PROD0210,80,45046.37,2026-10-17,2026-11-03,72,2
POITEM0005341,PO001526,PROD0161,93,105165.92,2026-10-16,2026-10-23,92,0
POITEM0005342,PO001526,PROD0104,95,157469.82,2026-10-16,2026-10-30,91,3
POITEM0005343,PO001526,PROD0090,83,40662.35,2026-10-16,2026-11-06,82,1
POITEM0005344,PO001526,PROD0055,31,131033.37,2026-10-16,2026-10-14,29,1
POITEM0005345,PO001527,PROD0247,39,91808.64,2026-09-26,2026-10-15,37,1
POITEM0005346,PO001527,PROD0146,89,152212.54,2026-09-26,2026-10-20,81,2
POITEM0005347,PO001528,PROD0130,93,88333.73,2026-09-24,2026-09-23,89,1
POITEM0005348,PO001528,PROD0127,96,131547.42,2026-09-24,2026-10-14,88,8
POITEM0005349,PO001528,PROD0184,45,16799.86,2026-09-24,2026-10-16,41,4
POITEM0005350,PO001529,PROD0220,32,39312.35,2026-09-21,2026-10-12,31,0
POITEM0005351,PO001529,PROD0085,62,36472.85,2026-09-21,2026-10-07,58,3
POITEM0005352,PO001529,PROD0249,71,61462.64,2026-09-21,2026-09-30,69,2
POITEM0005353,PO001529,PROD0170,12,53401.57,2026-09-21,2026-09-24,11,0
POITEM0005354,PO001530,PROD0071,26,118000.3,2026-09-15,2026-10-05,23,0
POITEM0005355,PO001530,PROD0148,98,124690.28,2026-09-15,2026-09-25,91,6
POITEM0005356,PO001531,PROD0240,47,13386.55,2026-10-17,2026-10-23,45,2
POITEM0005357,PO001531,PROD0009,83,38333.65,2026-10-17,2026-10-15,75,7
POITEM0005358,PO001531,PROD0111,30,97561.06,2026-10-17,2026-11-07,27,2
POITEM0005359,PO001531,PROD0002,60,97683.95,2026-10-17,2026-10-31,58,0
POITEM0005360,PO001532,PROD0226,92,113120.65,2026-09-15,2026-09-13,86,3
POITEM0005361,PO001533,PROD0087,51,107429.81,2026-10-17,2026-11-03,47,4
POITEM0005362,PO001533,PROD0007,72,71224.81,2026-10-17,2026-10-31,71,0
POITEM0005363,PO001534,PROD0193,39,125308.16,2026-10-05,2026-10-12,36,1
POITEM0005364,PO001534,PROD0068,76,31736.29,2026-10-05,2026-10-17,75,1
POITEM0005365,PO001534,PROD0101,2,92180.98,2026-10-05,2026-10-03,1,1
POITEM0005366,PO001535,PROD0161,30,107830.16,2026-09-19,2026-10-03,28,2
POITEM0005367,PO001535,PROD0166,31,99386.32,2026-09-19,2026-09-22,29,2
POITEM0005368,PO001535,PROD0084,17,121702.5,2026-09-19,2026-09-29,16,0
POITEM0005369,PO001535,PROD0093,93,143398.73,2026-09-19,2026-10-01,91,1
POITEM0005370,PO001535,PROD0125,51,41248.62,2026-09-19,2026-10-14,47,4
POITEM0005371,PO001535,PROD0002,20,89995.95,2026-09-19,2026-09-25,19,1
POITEM0005372,PO001536,PROD0155,84,23425.7,2026-09-22,2026-09-18,79,2
POITEM0005373,PO001536,PROD0214,4,133552.04,2026-09-22,2026-10-06,3,0
POITEM0005374,PO001537,PROD0014,11,126056.31,2026-09-26,2026-10-16,10,0
POITEM0005375,PO001537,PROD0002,86,94966.94,2026-09-26,2026-10-15,84,2
POITEM0005376,PO001537,PROD0013,8,149434.53,2026-09-26,2026-09-23,7,1
POITEM0005377,PO001537,PROD0171,55,146778.28,2026-09-26,2026-09-23,54,1
POITEM0005378,PO001538,PROD0217,75,60260.19,2026-10-10,2026-10-19,74,0
POITEM0005379,PO001539,PROD0067,96,41436.65,2026-09-23,2026-10-07,90,5
POITEM0005380,PO001539,PROD0202,66,96363.56,2026-09-23,2026-09-20,61,1
POITEM0005381,PO001539,PROD0065,12,13078.6,2026-09-23,2026-10-15,11,0
POITEM0005382,PO001539,PROD0248,1,7545.21,2026-09-23,2026-09-19,0,0
POITEM0005383,PO001539,PROD0198,84,37017.31,2026-09-23,2026-10-12,83,0
POITEM0005384,PO001540,PROD0219,74,26368.36,2026-10-10,2026-10-24,68,0
POITEM0005385,PO001540,PROD0078,98,71025.83,2026-10-10,2026-10-26,90,8
POITEM0005386,PO001540,PROD0171,52,110490.01,2026-10-10,2026-10-20,47,1
POITEM0005387,PO001540,PROD0249,26,60493.4,2026-10-10,2026-10-26,23,1
POITEM0005388,PO001540,PROD0097,10,98628.88,2026-10-10,2026-10-06,9,1
POITEM0005389,PO001541,PROD0068,60,27011.43,2026-09-17,2026-10-12,57,1
POITEM0005390,PO001541,PROD0136,81,127548.86,2026-09-17,2026-09-25,79,1
POITEM0005391,PO001541,PROD0032,41,31891.02,2026-09-17,2026-10-05,37,3
POITEM0005392,PO001541,PROD0127,9,180445.7,2026-09-17,2026-10-01,8,0
POITEM0005393,PO001541,PROD0174,17,164652.39,2026-09-17,2026-09-14,15,2
POITEM0005394,PO001541,PROD0228,71,112810.52,2026-09-17,2026-09-16,66,1
POITEM0005395,PO001542,PROD0106,28,1517.29,2026-10-15,2026-11-03,27,0
POITEM0005396,PO001543,PROD0187,62,75838.78,2026-10-07,2026-10-14,57,0
POITEM0005397,PO001543,PROD0102,82,13621.94,2026-10-07,2026-10-22,79,1
POITEM0005398,PO001543,PROD0211,4,57132.53,2026-10-07,2026-10-06,3,0
POITEM0005399,PO001543,PROD0074,53,35183.15,2026-10-07,2026-10-10,48,0
POITEM0005400,PO001543,PROD0032,89,37258.9,2026-10-07,2026-10-22,82,6
POITEM0005401,PO001544,PROD0062,81,97078.27,2026-10-17,2026-10-31,74,1
POITEM0005402,PO001544,PROD0109,53,918.32,2026-10-17,2026-11-08,48,3
POITEM0005403,PO001544,PROD0130,56,81376.89,2026-10-17,2026-10-20,50,0
POITEM0005404,PO001544,PROD0049,32,9627.81,2026-10-17,2026-10-16,29,1
POITEM0005405,PO001544,PROD0082,74,19391.96,2026-10-17,2026-11-02,67,1
POITEM0005406,PO001545,PROD0147,18,57423.31,2026-09-18,2026-10-08,17,0
POITEM0005407,PO001545,PROD0188,82,84370.15,2026-09-18,2026-10-08,81,1
POITEM0005408,PO001545,PROD0059,59,43864.11,2026-09-18,2026-10-12,57,0
POITEM0005409,PO001545,PROD0169,23,58892.0,2026-09-18,2026-09-25,21,2
POITEM0005410,PO001545,PROD0046,31,5586.97,2026-09-18,2026-09-27,30,1
POITEM0005411,PO001545,PROD0088,78,90920.76,2026-09-18,2026-10-10,74,4
POITEM0005412,PO001546,PROD0083,24,130771.78,2026-09-30,2026-10-05,21,1
POITEM0005413,PO001546,PROD0217,79,75406.35,2026-09-30,2026-10-08,73,6
POITEM0005414,PO001546,PROD0221,33,84657.6,2026-09-30,2026-10-03,30,2
POITEM0005415,PO001546,PROD0043,88,88428.31,2026-09-30,2026-10-11,79,4
POITEM0005416,PO001546,PROD0240,98,17476.2,2026-09-30,2026-10-25,89,3
POITEM0005417,PO001547,PROD0162,56,178897.83,2026-09-19,2026-09-30,54,0
POITEM0005418,PO001547,PROD0110,15,22168.71,2026-09-19,2026-09-16,14,1
POITEM0005419,PO001547,PROD0197,29,112641.2,2026-09-19,2026-09-21,26,0
POITEM0005420,PO001547,PROD0181,55,159369.41,2026-09-19,2026-09-22,51,0
POITEM0005421,PO001547,PROD0187,78,70551.36,2026-09-19,2026-10-06,71,0
POITEM0005422,PO001547,PROD0139,42,97168.78,2026-09-19,2026-10-01,41,1
POITEM0005423,PO001548,PROD0022,90,133785.78,2026-10-02,2026-10-08,89,0
POITEM0005424,PO001548,PROD0216,99,128290.45,2026-10-02,2026-10-17,90,6
POITEM0005425,PO001548,PROD0086,90,91200.64,2026-10-02,2026-10-25,88,0
POITEM0005426,PO001548,PROD0082,100,17231.23,2026-10-02,2026-10-12,90,8
POITEM0005427,PO001549,PROD0238,46,101307.53,2026-10-19,2026-11-01,44,0
POITEM0005428,PO001549,PROD0157,89,164261.4,2026-10-19,2026-10-18,81,0
POITEM0005429,PO001549,PROD0014,92,108412.35,2026-10-19,2026-11-06,91,1
POITEM0005430,PO001549,PROD0044,50,52002.67,2026-10-19,2026-11-13,47,1
POITEM0005431,PO001550,PROD0044,93,52328.82,2026-09-19,2026-10-14,87,3
POITEM0005432,PO001550,PROD0030,51,88419.46,2026-09-19,2026-10-07,47,0
POITEM0005433,PO001550,PROD0106,28,1401.22,2026-09-19,2026-09-18,27,0
POITEM0005434,PO001550,PROD0046,42,5729.94,2026-09-19,2026-09-30,41,1
POITEM0005435,PO001551,PROD0138,1,3706.74,2026-10-07,2026-10-07,0,1
POITEM0005436,PO001552,PROD0169,73,66036.97,2026-09-29,2026-10-24,67,3
POITEM0005437,PO001552,PROD0159,60,100035.17,2026-09-29,2026-10-18,56,1
POITEM0005438,PO001552,PROD0151,93,53837.95,2026-09-29,2026-10-08,87,6
POITEM0005439,PO001553,PROD0051,75,156375.97,2026-10-19,2026-10-24,71,2
POITEM0005440,PO001553,PROD0155,9,24005.12,2026-10-19,2026-11-01,8,0
POITEM0005441,PO001553,PROD0213,33,3978.75,2026-10-19,2026-11-06,32,1
POITEM0005442,PO001553,PROD0092,35,146979.01,2026-10-19,2026-11-04,33,0
POITEM0005443,PO001553,PROD0126,10,35314.56,2026-10-19,2026-10-16,9,1
POITEM0005444,PO001554,PROD0056,28,31572.59,2026-09-28,2026-10-15,27,1
POITEM0005445,PO001554,PROD0101,19,120036.16,2026-09-28,2026-10-23,17,1
POITEM0005446,PO001554,PROD0247,51,81423.4,2026-09-28,2026-10-23,46,5
POITEM0005447,PO001554,PROD0237,60,142579.94,2026-09-28,2026-10-20,57,3
POITEM0005448,PO001554,PROD0117,14,56949.31,2026-09-28,2026-09-26,12,0
POITEM0005449,PO001554,PROD0004,47,88201.2,2026-09-28,2026-10-23,45,2
POITEM0005450,PO001555,PROD0187,27,68434.18,2026-10-05,2026-10-06,25,0
POITEM0005451,PO001555,PROD0218,2,23701.47,2026-10-05,2026-10-17,1,0
POITEM0005452,PO001555,PROD0042,47,45504.41,2026-10-05,2026-10-12,44,1
POITEM0005453,PO001556,PROD0191,66,5540.17,2026-10-10,2026-10-27,63,1
POITEM0005454,PO001557,PROD0247,72,88319.84,2026-10-09,2026-10-08,68,4
POITEM0005455,PO001557,PROD0043,60,78548.06,2026-10-09,2026-10-11,56,1
POITEM0005456,PO001557,PROD0161,15,82862.4,2026-10-09,2026-10-05,14,1
POITEM0005457,PO001557,PROD0065,88,11986.1,2026-10-09,2026-10-26,80,8
POITEM0005458,PO001557,PROD0164,68,79070.89,2026-10-09,2026-10-10,63,0
POITEM0005459,PO001558,PROD0163,30,25744.87,2026-09-28,2026-10-15,28,1
POITEM0005460,PO001558,PROD0113,46,112810.84,2026-09-28,2026-10-17,43,2
POITEM0005461,PO001559,PROD0090,18,77891.26,2026-09-18,2026-09-13,16,0
POITEM0005462,PO001559,PROD0039,79,66991.12,2026-09-18,2026-09-27,75,0
POITEM0005463,PO001559,PROD0048,71,89223.74,2026-09-18,2026-09-22,66,1
POITEM0005464,PO001559,PROD0001,70,4282.4,2026-09-18,2026-09-28,67,2
POITEM0005465,PO001559,PROD0121,87,84181.02,2026-09-18,2026-09-15,82,3
POITEM0005466,PO001560,PROD0184,98,13153.89,2026-10-15,2026-11-07,94,1
POITEM0005467,PO001560,PROD0042,81,46991.19,2026-10-15,2026-10-22,76,2
POITEM0005468,PO001560,PROD0126,9,43165.33,2026-10-15,2026-10-15,8,1
POITEM0005469,PO001560,PROD0157,46,147217.41,2026-10-15,2026-10-20,45,0
POITEM0005470,PO001560,PROD0179,88,127020.31,2026-10-15,2026-11-01,86,0
POITEM0005471,PO001560,PROD0111,3,79761.2,2026-10-15,2026-11-09,2,1
POITEM0005472,PO001561,PROD0009,66,32317.87,2026-10-15,2026-10-13,62,4
POITEM0005473,PO001562,PROD0177,33,124996.39,2026-09-13,2026-09-30,32,0
POITEM0005474,PO001562,PROD0138,17,4525.45,2026-09-13,2026-09-21,16,0
POITEM0005475,PO001562,PROD0197,27,99011.83,2026-09-13,2026-09-30,26,0
POITEM0005476,PO001563,PROD0054,54,67570.25,2026-10-05,2026-09-30,51,3
POITEM0005477,PO001564,PROD0034,42,43608.73,2026-10-21,,39,1
POITEM0005478,PO001564,PROD0062,96,118070.45,2026-10-21,2026-11-05,87,8
POITEM0005479,PO001565,PROD0001,25,4904.94,2026-09-17,2026-10-03,23,1
POITEM0005480,PO001565,PROD0181,88,161821.01,2026-09-17,2026-09-16,86,2
POITEM0005481,PO001566,PROD0051,27,128766.19,2026-10-10,2026-10-23,24,0
POITEM0005482,PO001566,PROD0117,56,53806.96,2026-10-10,2026-10-29,52,4
POITEM0005483,PO001566,PROD0085,19,43372.09,2026-10-10,2026-11-01,17,2
POITEM0005484,PO001567,PROD0222,78,96856.36,2026-09-28,2026-09-26,75,3
POITEM0005485,PO001568,PROD0102,55,11885.6,2026-10-13,2026-10-27,54,1
POITEM0005486,PO001568,PROD0057,72,88088.78,2026-10-13,2026-10-23,66,5
POITEM0005487,PO001568,PROD0032,87,41723.22,2026-10-13,2026-10-17,82,0
POITEM0005488,PO001568,PROD0109,32,971.38,2026-10-13,2026-10-14,29,0
POITEM0005489,PO001568,PROD0216,33,114237.14,2026-10-13,2026-10-19,32,1
POITEM0005490,PO001568,PROD0231,33,52166.06,2026-10-13,2026-10-10,32,0
POITEM0005491,PO001569,PROD0026,75,69982.23,2026-09-26,2026-10-05,70,0
POITEM0005492,PO001569,PROD0112,4,111399.5,2026-09-26,2026-10-12,3,1
POITEM0005493,PO001569,PROD0101,38,88268.56,2026-09-26,2026-10-16,35,2
POITEM0005494,PO001569,PROD0068,71,27704.8,2026-09-26,2026-09-21,66,0
POITEM0005495,PO001570,PROD0187,63,80687.73,2026-10-14,2026-10-22,59,2
POITEM0005496,PO001570,PROD0168,19,129236.62,2026-10-14,2026-10-27,17,1
POITEM0005497,PO001570,PROD0025,89,34825.4,2026-10-14,2026-10-14,87,2
POITEM0005498,PO001571,PROD0151,17,47264.2,2026-10-02,2026-10-06,16,0
POITEM0005499,PO001572,PROD0092,1,117275.42,2026-10-05,2026-10-10,0,0
POITEM0005500,PO001573,PROD0157,91,134572.77,2026-10-16,2026-10-24,90,0
POITEM0005501,PO001573,PROD0247,94,92760.02,2026-10-16,2026-11-03,92,0
POITEM0005502,PO001573,PROD0207,16,86830.87,2026-10-16,2026-10-21,14,0
POITEM0005503,PO001573,PROD0105,91,97138.62,2026-10-16,2026-10-21,89,1
POITEM0005504,PO001573,PROD0158,21,125671.42,2026-10-16,2026-11-02,19,0
POITEM0005505,PO001573,PROD0147,90,63373.84,2026-10-16,2026-10-16,84,1
POITEM0005506,PO001574,PROD0204,71,82911.78,2026-09-13,2026-09-14,68,3
POITEM0005507,PO001574,PROD0142,83,170557.62,2026-09-13,2026-09-22,77,5
POITEM0005508,PO001574,PROD0240,39,16921.29,2026-09-13,2026-09-15,37,1
POITEM0005509,PO001574,PROD0013,35,139497.87,2026-09-13,2026-10-01,31,0
POITEM0005510,PO001574,PROD0084,90,149213.74,2026-09-13,2026-10-05,88,2
POITEM0005511,PO001574,PROD0129,40,150456.92,2026-09-13,2026-09-23,36,3
POITEM0005512,PO001575,PROD0241,96,69106.85,2026-10-06,2026-10-28,87,3
POITEM0005513,PO001575,PROD0088,77,89836.79,2026-10-06,2026-10-12,75,0
POITEM0005514,PO001576,PROD0023,15,42716.3,2026-09-19,2026-10-13,14,1
POITEM0005515,PO001577,PROD0210,41,43636.27,2026-10-05,2026-10-16,39,2
POITEM0005516,PO001577,PROD0084,56,163010.91,2026-10-05,2026-10-26,50,1
POITEM0005517,PO001578,PROD0115,69,129347.68,2026-09-25,2026-09-25,62,6
POITEM0005518,PO001578,PROD0181,6,134470.89,2026-09-25,2026-09-27,5,0
POITEM0005519,PO001578,PROD0140,57,32311.82,2026-09-25,2026-09-28,54,0
POITEM0005520,PO001578,PROD0142,31,155634.9,2026-09-25,2026-09-20,30,1
POITEM0005521,PO001579,PROD0206,65,173182.96,2026-10-04,2026-09-29,59,5
POITEM0005522,PO001579,PROD0232,98,133488.28,2026-10-04,2026-10-17,92,3
POITEM0005523,PO001579,PROD0137,16,43463.93,2026-10-04,2026-10-25,15,1
POITEM0005524,PO001580,PROD0205,40,114789.55,2026-09-30,2026-10-21,39,0
POITEM0005525,PO001581,PROD0156,29,89353.99,2026-09-21,2026-09-27,28,1
POITEM0005526,PO001581,PROD0229,89,58091.51,2026-09-21,2026-10-10,86,2
POITEM0005527,PO001582,PROD0188,42,95686.37,2026-09-20,2026-10-08,40,1
POITEM0005528,PO001582,PROD0094,73,103815.13,2026-09-20,2026-09-28,69,3
POITEM0005529,PO001582,PROD0153,42,152503.88,2026-09-20,2026-09-29,41,1
POITEM0005530,PO001582,PROD0226,77,99519.61,2026-09-20,2026-10-04,75,0
POITEM0005531,PO001582,PROD0047,14,92903.19,2026-09-20,2026-10-06,12,0
POITEM0005532,PO001582,PROD0012,58,29069.7,2026-09-20,2026-10-03,54,4
POITEM0005533,PO001583,PROD0005,40,159744.25,2026-10-05,2026-10-24,37,2
POITEM0005534,PO001583,PROD0182,60,43230.44,2026-10-05,2026-10-13,56,1
POITEM0005535,PO001584,PROD0224,88,37439.1,2026-10-04,2026-10-02,85,0
POITEM0005536,PO001584,PROD0065,50,13094.93,2026-10-04,2026-09-29,47,2
POITEM0005537,PO001584,PROD0084,68,116453.1,2026-10-04,2026-10-17,63,3
POITEM0005538,PO001584,PROD0197,5,134305.46,2026-10-04,2026-10-24,4,0
POITEM0005539,PO001585,PROD0169,22,59865.03,2026-10-01,2026-10-01,21,0
POITEM0005540,PO001585,PROD0238,100,118451.97,2026-10-01,2026-10-02,98,0
POITEM0005541,PO001585,PROD0247,49,85159.48,2026-10-01,2026-10-18,45,4
POITEM0005542,PO001586,PROD0199,66,112896.06,2026-10-15,2026-10-16,64,1
POITEM0005543,PO001586,PROD0097,59,120446.92,2026-10-15,2026-10-23,57,2
POITEM0005544,PO001586,PROD0016,96,132781.85,2026-10-15,2026-10-12,86,2
POITEM0005545,PO001586,PROD0002,86,111138.25,2026-10-15,2026-10-26,83,1
POITEM0005546,PO001586,PROD0235,1,7269.49,2026-10-15,2026-10-31,0,1
POITEM0005547,PO001587,PROD0100,95,115185.56,2026-09-28,2026-09-26,88,3
POITEM0005548,PO001587,PROD0232,94,136341.13,2026-09-28,2026-10-19,92,2
POITEM0005549,PO001587,PROD0028,78,136353.38,2026-09-28,2026-10-17,71,7
POITEM0005550,PO001588,PROD0227,60,77875.4,2026-09-19,2026-09-17,57,2
POITEM0005551,PO001588,PROD0221,90,82760.16,2026-09-19,2026-09-26,88,0
POITEM0005552,PO001588,PROD0217,29,75523.42,2026-09-19,2026-09-20,28,1
POITEM0005553,PO001588,PROD0153,96,127815.4,2026-09-19,2026-10-01,93,2
POITEM0005554,PO001588,PROD0033,19,17897.56,2026-09-19,2026-09-30,17,1
POITEM0005555,PO001589,PROD0165,66,113633.55,2026-09-22,2026-09-29,61,4
POITEM0005556,PO001589,PROD0247,84,115449.33,2026-09-22,2026-09-20,77,4
POITEM0005557,PO001589,PROD0242,100,66283.45,2026-09-22,2026-09-24,99,1
POITEM0005558,PO001589,PROD0144,51,47804.73,2026-09-22,2026-10-09,49,0
POITEM0005559,PO001589,PROD0221,7,80660.81,2026-09-22,2026-10-09,6,0
POITEM0005560,PO001589,PROD0158,83,127109.88,2026-09-22,2026-09-17,75,7
POITEM0005561,PO001590,PROD0128,37,63199.13,2026-09-30,2026-10-14,34,2
POITEM0005562,PO001590,PROD0151,36,38755.8,2026-09-30,2026-10-05,32,3
POITEM0005563,PO001591,PROD0231,40,47912.33,2026-09-25,2026-09-28,36,0
POITEM0005564,PO001591,PROD0165,6,151916.81,2026-09-25,2026-10-04,5,1
POITEM0005565,PO001591,PROD0169,75,53294.35,2026-09-25,2026-10-18,70,1
POITEM0005566,PO001591,PROD0065,96,16655.54,2026-09-25,2026-10-03,95,0
POITEM0005567,PO001591,PROD0223,50,112563.04,2026-09-25,2026-10-10,49,1
POITEM0005568,PO001591,PROD0205,37,106529.05,2026-09-25,2026-10-10,34,1
POITEM0005569,PO001592,PROD0197,46,126552.64,2026-10-16,2026-10-29,44,0
POITEM0005570,PO001592,PROD0116,89,37185.76,2026-10-16,2026-10-23,83,0
POITEM0005571,PO001592,PROD0213,94,4853.54,2026-10-16,2026-10-19,92,0
POITEM0005572,PO001593,PROD0149,66,148014.6,2026-10-13,2026-10-14,64,2
POITEM0005573,PO001593,PROD0167,67,100171.85,2026-10-13,2026-10-18,60,0
POITEM0005574,PO001593,PROD0236,60,6149.23,2026-10-13,2026-11-02,56,4
POITEM0005575,PO001594,PROD0201,41,6721.93,2026-09-30,2026-10-09,40,0
POITEM0005576,PO001594,PROD0147,87,63878.35,2026-09-30,2026-10-10,83,2
POITEM0005577,PO001594,PROD0248,54,6061.28,2026-09-30,2026-10-16,49,4
POITEM0005578,PO001594,PROD0110,10,29188.42,2026-09-30,,9,1
POITEM0005579,PO001594,PROD0094,68,116863.14,2026-09-30,2026-10-04,67,0
POITEM0005580,PO001594,PROD0130,40,94588.73,2026-09-30,2026-10-16,37,0
POITEM0005581,PO001595,PROD0216,8,124616.61,2026-09-16,2026-09-25,7,0
POITEM0005582,PO001595,PROD0245,88,65930.53,2026-09-16,2026-10-07,86,1
POITEM0005583,PO001595,PROD0178,60,113397.49,2026-09-16,2026-10-11,56,3
POITEM0005584,PO001595,PROD0054,13,79325.05,2026-09-16,2026-10-09,12,0
POITEM0005585,PO001596,PROD0169,81,60749.44,2026-10-01,2026-09-26,73,7
POITEM0005586,PO001596,PROD0007,66,60672.58,2026-10-01,2026-10-13,60,1
POITEM0005587,PO001596,PROD0165,50,124140.84,2026-10-01,2026-10-14,49,0
POITEM0005588,PO001597,PROD0049,92,6759.51,2026-10-14,2026-10-31,84,8
POITEM0005589,PO001597,PROD0051,42,132683.11,2026-10-14,2026-10-18,40,0
POITEM0005590,PO001598,PROD0232,53,120937.15,2026-09-13,2026-09-26,48,4
POITEM0005591,PO001598,PROD0049,78,7157.69,2026-09-13,2026-09-18,72,1
POITEM0005592,PO001599,PROD0086,24,104083.4,2026-10-06,2026-10-08,22,0
POITEM0005593,PO001599,PROD0175,98,94329.18,2026-10-06,2026-10-31,92,1
POITEM0005594,PO001599,PROD0197,88,100910.62,2026-10-06,2026-10-26,85,3
POITEM0005595,PO001599,PROD0012,41,23819.05,2026-10-06,2026-10-07,39,0
POITEM0005596,PO001599,PROD0187,59,67225.86,2026-10-06,2026-10-08,56,2
POITEM0005597,PO001600,PROD0172,80,140843.33,2026-09-28,2026-10-07,79,0
POITEM0005598,PO001600,PROD0182,34,48453.15,2026-09-28,2026-10-12,31,0
POITEM0005599,PO001600,PROD0085,25,40149.63,2026-09-28,2026-09-27,24,0
POITEM0005600,PO001600,PROD0208,32,58725.44,2026-09-28,2026-10-01,29,3
POITEM0005601,PO001600,PROD0031,63,56576.64,2026-09-28,2026-09-25,59,2
POITEM0005602,PO001600,PROD0073,55,68611.36,2026-09-28,2026-10-18,51,4
POITEM0005603,PO001601,PROD0227,32,75656.15,2026-09-19,2026-10-06,30,1
POITEM0005604,PO001601,PROD0009,41,42301.18,2026-09-19,2026-09-25,40,1
POITEM0005605,PO001601,PROD0150,89,127978.46,2026-09-19,2026-09-28,85,0
POITEM0005606,PO001602,PROD0010,53,13879.94,2026-09-25,2026-09-23,48,3
POITEM0005607,PO001602,PROD0011,33,49011.41,2026-09-25,2026-09-22,31,0
POITEM0005608,PO001603,PROD0250,47,87573.14,2026-10-04,2026-10-17,44,2
POITEM0005609,PO001603,PROD0080,61,18236.62,2026-10-04,2026-10-24,59,1
POITEM0005610,PO001603,PROD0068,15,26686.95,2026-10-04,2026-10-23,13,0
POITEM0005611,PO001603,PROD0240,14,13265.66,2026-10-04,2026-10-16,13,0
POITEM0005612,PO001604,PROD0153,87,133734.83,2026-09-22,2026-10-10,83,0
POITEM0005613,PO001604,PROD0024,54,17887.56,2026-09-22,2026-09-27,50,0
POITEM0005614,PO001604,PROD0245,57,55468.56,2026-09-22,2026-10-10,55,1
POITEM0005615,PO001604,PROD0163,14,19006.08,2026-09-22,2026-10-15,12,0
POITEM0005616,PO001604,PROD0038,22,119623.32,2026-09-22,2026-10-14,20,0
POITEM0005617,PO001604,PROD0123,70,13755.91,2026-09-22,2026-10-07,66,1
POITEM0005618,PO001605,PROD0182,37,52275.26,2026-09-29,2026-10-07,35,2
POITEM0005619,PO001605,PROD0162,89,163266.82,2026-09-29,2026-10-05,85,1
POITEM0005620,PO001605,PROD0007,86,69972.92,2026-09-29,2026-09-24,79,4
POITEM0005621,PO001605,PROD0094,48,93000.54,2026-09-29,2026-10-05,45,2
POITEM0005622,PO001605,PROD0099,44,129479.23,2026-09-29,2026-10-12,43,1
POITEM0005623,PO001605,PROD0076,7,30845.39,2026-09-29,2026-09-28,6,1
POITEM0005624,PO001606,PROD0181,55,113783.78,2026-10-11,2026-10-06,49,3
POITEM0005625,PO001606,PROD0086,64,93844.87,2026-10-11,2026-10-21,58,6
POITEM0005626,PO001607,PROD0156,28,88857.09,2026-10-13,2026-10-15,27,0
POITEM0005627,PO001607,PROD0206,63,167561.46,2026-10-13,2026-10-21,58,1
POITEM0005628,PO001607,PROD0173,74,131338.42,2026-10-13,2026-10-31,70,4
POITEM0005629,PO001607,PROD0080,8,24320.4,2026-10-13,2026-10-16,7,1
POITEM0005630,PO001607,PROD0237,5,155782.46,2026-10-13,2026-10-08,4,0
POITEM0005631,PO001608,PROD0190,93,99989.42,2026-10-21,2026-11-06,84,2
POITEM0005632,PO001608,PROD0212,55,12763.39,2026-10-21,2026-11-13,50,4
POITEM0005633,PO001608,PROD0063,3,97222.84,2026-10-21,2026-10-21,2,0
POITEM0005634,PO001608,PROD0103,20,23179.71,2026-10-21,2026-10-17,18,2
POITEM0005635,PO001608,PROD0145,57,2064.3,2026-10-21,2026-10-27,51,2
POITEM0005636,PO001608,PROD0097,87,92946.43,2026-10-21,2026-10-16,79,6
POITEM0005637,PO001609,PROD0118,99,105928.21,2026-10-19,2026-11-02,91,0
POITEM0005638,PO001610,PROD0165,4,163827.65,2026-10-17,2026-11-10,3,0
POITEM0005639,PO001610,PROD0241,44,66485.35,2026-10-17,2026-11-02,42,0
POITEM0005640,PO001610,PROD0235,23,8347.27,2026-10-17,2026-10-13,22,0
POITEM0005641,PO001610,PROD0119,27,94402.8,2026-10-17,2026-10-30,25,0
POITEM0005642,PO001611,PROD0080,59,23530.35,2026-10-15,2026-10-23,57,2
POITEM0005643,PO001611,PROD0157,61,156805.85,2026-10-15,2026-11-07,60,0
POITEM0005644,PO001611,PROD0009,15,41208.88,2026-10-15,2026-10-22,14,0
POITEM0005645,PO001612,PROD0019,97,136832.58,2026-09-26,2026-10-12,93,1
POITEM0005646,PO001612,PROD0142,76,168462.26,2026-09-26,2026-10-14,68,1
POITEM0005647,PO001612,PROD0167,95,130393.54,2026-09-26,2026-10-10,87,2
POITEM0005648,PO001612,PROD0050,74,43464.3,2026-09-26,2026-10-20,73,1
POITEM0005649,PO001612,PROD0176,84,70761.87,2026-09-26,2026-10-10,79,1
POITEM0005650,PO001612,PROD0061,15,49875.13,2026-09-26,2026-09-21,14,1
POITEM0005651,PO001613,PROD0007,11,56739.72,2026-09-13,2026-09-13,10,0
POITEM0005652,PO001613,PROD0123,54,14133.16,2026-09-13,2026-09-09,53,0
POITEM0005653,PO001614,PROD0033,84,22547.29,2026-10-16,2026-10-25,76,7
POITEM0005654,PO001614,PROD0227,96,94877.58,2026-10-16,2026-10-19,86,2
POITEM0005655,PO001614,PROD0038,59,90934.05,2026-10-16,2026-11-04,53,0
POITEM0005656,PO001614,PROD0131,41,147406.54,2026-10-16,2026-10-20,40,1
POITEM0005657,PO001614,PROD0060,63,101346.08,2026-10-16,2026-11-03,57,4
POITEM0005658,PO001615,PROD0228,71,86859.55,2026-09-20,2026-10-14,67,1
POITEM0005659,PO001615,PROD0114,8,36343.99,2026-09-20,2026-09-27,7,0
POITEM0005660,PO001615,PROD0203,20,93527.33,2026-09-20,2026-09-20,18,2
POITEM0005661,PO001615,PROD0043,85,90972.17,2026-09-20,2026-10-01,82,0
POITEM0005662,PO001615,PROD0229,11,64544.05,2026-09-20,2026-09-20,10,1
POITEM0005663,PO001616,PROD0142,54,168445.24,2026-10-01,2026-10-18,50,3
POITEM0005664,PO001616,PROD0014,47,119526.08,2026-10-01,2026-10-12,46,1
POITEM0005665,PO001616,PROD0231,18,48964.1,2026-10-01,2026-10-19,16,1
POITEM0005666,PO001616,PROD0075,63,99872.78,2026-10-01,2026-10-09,61,0
POITEM0005667,PO001616,PROD0067,73,55830.3,2026-10-01,2026-10-09,72,0
POITEM0005668,PO001617,PROD0110,20,25736.84,2026-09-16,2026-10-03,18,2
POITEM0005669,PO001617,PROD0227,33,90309.04,2026-09-16,2026-10-10,32,1
POITEM0005670,PO001617,PROD0213,23,3460.66,2026-09-16,2026-09-22,21,1
POITEM0005671,PO001617,PROD0244,28,55684.42,2026-09-16,2026-09-25,26,2
POITEM0005672,PO001617,PROD0068,60,33802.65,2026-09-16,2026-10-03,58,1
POITEM0005673,PO001617,PROD0113,61,121583.44,2026-09-16,2026-09-26,55,4
POITEM0005674,PO001618,PROD0067,90,58361.61,2026-09-13,2026-09-30,88,2
POITEM0005675,PO001618,PROD0004,35,74479.56,2026-09-13,2026-09-21,34,1
POITEM0005676,PO001618,PROD0114,62,32543.75,2026-09-13,2026-09-22,61,1
POITEM0005677,PO001618,PROD0001,100,5784.54,2026-09-13,2026-10-05,97,0
POITEM0005678,PO001618,PROD0208,56,52168.35,2026-09-13,2026-09-10,51,1
POITEM0005679,PO001619,PROD0132,20,80182.41,2026-10-18,2026-10-30,18,1
POITEM0005680,PO001619,PROD0129,20,156150.2,2026-10-18,2026-10-25,19,0
POITEM0005681,PO001619,PROD0156,77,101467.79,2026-10-18,2026-10-17,69,8
POITEM0005682,PO001619,PROD0117,19,57364.55,2026-10-18,2026-11-10,18,1
POITEM0005683,PO001619,PROD0245,88,69751.87,2026-10-18,2026-11-05,80,1
POITEM0005684,PO001620,PROD0165,4,116154.61,2026-10-03,2026-09-28,3,1
POITEM0005685,PO001620,PROD0194,26,59582.87,2026-10-03,2026-10-25,25,1
POITEM0005686,PO001620,PROD0097,10,135580.8,2026-10-03,2026-10-18,9,1
POITEM0005687,PO001620,PROD0066,5,123151.78,2026-10-03,2026-10-08,4,1
POITEM0005688,PO001620,PROD0031,94,73965.75,2026-10-03,2026-10-20,93,1
POITEM0005689,PO001620,PROD0113,70,114582.17,2026-10-03,2026-10-14,65,0
POITEM0005690,PO001621,PROD0020,83,89363.15,2026-09-30,2026-10-07,81,1
POITEM0005691,PO001621,PROD0177,40,125302.82,2026-09-30,2026-10-10,36,4
POITEM0005692,PO001622,PROD0163,60,19366.17,2026-10-20,2026-11-02,54,4
POITEM0005693,PO001622,PROD0017,25,137124.18,2026-10-20,2026-11-12,22,0
POITEM0005694,PO001622,PROD0037,23,73781.48,2026-10-20,2026-11-08,21,1
POITEM0005695,PO001623,PROD0143,47,147414.65,2026-09-26,2026-09-28,44,2
POITEM0005696,PO001623,PROD0176,87,84300.75,2026-09-26,2026-10-12,78,4
POITEM0005697,PO001624,PROD0215,52,112818.86,2026-09-26,2026-10-16,49,0
POITEM0005698,PO001625,PROD0148,78,142795.49,2026-10-10,2026-10-07,72,4
POITEM0005699,PO001626,PROD0175,57,67295.46,2026-10-12,2026-10-07,56,0
POITEM0005700,PO001626,PROD0067,61,54291.28,2026-10-12,2026-10-07,55,5
POITEM0005701,PO001626,PROD0143,66,120223.16,2026-10-12,2026-10-31,65,1
POITEM0005702,PO001626,PROD0006,63,42057.69,2026-10-12,2026-11-03,59,0
POITEM0005703,PO001626,PROD0134,47,83590.28,2026-10-12,2026-10-12,45,0
POITEM0005704,PO001627,PROD0120,8,148035.24,2026-09-24,2026-10-04,7,1
POITEM0005705,PO001627,PROD0167,8,106878.57,2026-09-24,2026-09-28,7,0
POITEM0005706,PO001627,PROD0027,29,149795.34,2026-09-24,2026-10-02,27,2
POITEM0005707,PO001627,PROD0186,75,5110.53,2026-09-24,2026-09-30,74,1
POITEM0005708,PO001628,PROD0098,38,163641.76,2026-10-08,2026-10-16,37,0
POITEM0005709,PO001628,PROD0116,86,42782.91,2026-10-08,2026-10-04,85,1
POITEM0005710,PO001628,PROD0180,9,113166.09,2026-10-08,2026-10-05,8,0
POITEM0005711,PO001628,PROD0039,74,64394.47,2026-10-08,2026-11-01,68,0
POITEM0005712,PO001628,PROD0166,7,98846.22,2026-10-08,2026-10-24,6,1
POITEM0005713,PO001629,PROD0209,14,115529.75,2026-10-10,2026-10-20,13,1
POITEM0005714,PO001630,PROD0186,23,4673.65,2026-10-16,2026-10-11,20,2
POITEM0005715,PO001631,PROD0039,45,56593.0,2026-10-07,2026-10-23,41,2
POITEM0005716,PO001632,PROD0122,81,96030.52,2026-09-28,2026-09-30,77,4
POITEM0005717,PO001632,PROD0042,23,33338.74,2026-09-28,2026-09-24,21,0
POITEM0005718,PO001632,PROD0176,2,75670.22,2026-09-28,2026-10-14,1,0
POITEM0005719,PO001632,PROD0196,80,91465.73,2026-09-28,2026-10-21,75,3
POITEM0005720,PO001632,PROD0239,47,63162.0,2026-09-28,2026-10-21,44,3
POITEM0005721,PO001633,PROD0166,89,98508.38,2026-10-21,2026-11-05,81,5
POITEM0005722,PO001633,PROD0118,82,105933.63,2026-10-21,2026-10-23,80,2
POITEM0005723,PO001633,PROD0173,55,158670.29,2026-10-21,2026-10-26,54,1
POITEM0005724,PO001634,PROD0080,20,20375.31,2026-10-04,2026-10-11,18,2
POITEM0005725,PO001634,PROD0066,87,134041.35,2026-10-04,2026-10-20,84,2
POITEM0005726,PO001634,PROD0213,86,4864.76,2026-10-04,2026-10-19,78,2
POITEM0005727,PO001634,PROD0195,8,16651.92,2026-10-04,2026-10-08,7,0
POITEM0005728,PO001634,PROD0043,52,88288.03,2026-10-04,2026-10-08,51,0
POITEM0005729,PO001634,PROD0089,45,89144.11,2026-10-04,2026-10-23,44,0
POITEM0005730,PO001635,PROD0075,88,102078.12,2026-10-13,2026-11-04,87,1
POITEM0005731,PO001635,PROD0011,12,53856.67,2026-10-13,2026-11-05,11,0
POITEM0005732,PO001635,PROD0241,31,71867.47,2026-10-13,2026-10-22,28,1
POITEM0005733,PO001635,PROD0204,57,102274.36,2026-10-13,2026-11-02,53,3
POITEM0005734,PO001636,PROD0190,88,106496.92,2026-10-04,2026-10-18,80,7
POITEM0005735,PO001636,PROD0147,49,61269.59,2026-10-04,2026-10-16,47,0
POITEM0005736,PO001636,PROD0198,96,28816.82,2026-10-04,2026-10-20,89,6
POITEM0005737,PO001636,PROD0201,99,7885.24,2026-10-04,2026-10-28,95,0
POITEM0005738,PO001637,PROD0082,59,15625.47,2026-09-30,2026-10-04,58,0
POITEM0005739,PO001637,PROD0088,47,85742.42,2026-09-30,2026-10-11,46,1
POITEM0005740,PO001637,PROD0128,79,61218.02,2026-09-30,2026-10-18,73,3
POITEM0005741,PO001637,PROD0197,67,104747.47,2026-09-30,2026-10-11,60,1
POITEM0005742,PO001637,PROD0023,36,50771.6,2026-09-30,2026-10-03,32,4
POITEM0005743,PO001638,PROD0009,44,34627.0,2026-10-17,2026-10-28,42,1
POITEM0005744,PO001638,PROD0132,22,72448.19,2026-10-17,2026-10-21,20,2
POITEM0005745,PO001638,PROD0015,6,110244.19,2026-10-17,2026-11-02,5,1
POITEM0005746,PO001638,PROD0055,57,131611.66,2026-10-17,2026-10-20,52,2
POITEM0005747,PO001638,PROD0245,43,73837.75,2026-10-17,2026-10-12,38,4
POITEM0005748,PO001639,PROD0148,34,179954.61,2026-09-14,2026-09-20,30,1
POITEM0005749,PO001639,PROD0143,41,164612.72,2026-09-14,2026-09-13,38,3
POITEM0005750,PO001639,PROD0112,95,127218.7,2026-09-14,2026-09-27,88,1
POITEM0005751,PO001639,PROD0054,13,81677.11,2026-09-14,2026-10-07,11,0
POITEM0005752,PO001639,PROD0047,12,86619.36,2026-09-14,2026-10-01,11,0
POITEM0005753,PO001640,PROD0133,69,91900.21,2026-10-01,2026-10-04,68,1
POITEM0005754,PO001640,PROD0096,87,53574.15,2026-10-01,2026-10-09,85,2
POITEM0005755,PO001640,PROD0205,79,112163.8,2026-10-01,2026-10-13,78,1
POITEM0005756,PO001640,PROD0178,77,120345.05,2026-10-01,2026-10-03,71,6
POITEM0005757,PO001640,PROD0221,22,99275.07,2026-10-01,2026-09-28,21,0
POITEM0005758,PO001640,PROD0019,46,125093.99,2026-10-01,2026-10-22,44,2
POITEM0005759,PO001641,PROD0031,7,55091.42,2026-09-20,2026-10-11,6,1
POITEM0005760,PO001641,PROD0129,93,123088.05,2026-09-20,2026-10-07,84,3
POITEM0005761,PO001641,PROD0171,84,122648.11,2026-09-20,2026-09-23,80,4
POITEM0005762,PO001641,PROD0054,2,169230.21,2026-09-20,2026-10-13,1,0
POITEM0005763,PO001642,PROD0038,54,108203.67,2026-10-04,2026-10-07,48,1
POITEM0005764,PO001642,PROD0169,45,62066.78,2026-10-04,2026-10-18,43,1
POITEM0005765,PO001643,PROD0239,38,73253.98,2026-09-22,2026-10-04,35,1
POITEM0005766,PO001643,PROD0035,74,148649.97,2026-09-22,2026-10-03,69,3
POITEM0005767,PO001643,PROD0003,71,54437.7,2026-09-22,2026-10-14,67,0
POITEM0005768,PO001643,PROD0086,92,118911.13,2026-09-22,2026-10-06,87,1
POITEM0005769,PO001643,PROD0218,9,24650.55,2026-09-22,2026-10-14,8,1
POITEM0005770,PO001643,PROD0085,61,41590.97,2026-09-22,2026-10-08,56,2
POITEM0005771,PO001644,PROD0187,50,76840.74,2026-10-10,2026-10-05,46,2
POITEM0005772,PO001644,PROD0139,23,115042.26,2026-10-10,2026-10-23,21,0
POITEM0005773,PO001644,PROD0072,59,2950.12,2026-10-10,2026-11-04,53,0
POITEM0005774,PO001644,PROD0115,62,107754.3,2026-10-10,2026-10-28,61,1
POITEM0005775,PO001644,PROD0079,88,164879.04,2026-10-10,2026-10-20,80,2
POITEM0005776,PO001645,PROD0068,56,26967.78,2026-09-19,2026-09-16,52,3
POITEM0005777,PO001646,PROD0128,69,65526.77,2026-09-17,2026-09-13,67,1
POITEM0005778,PO001646,PROD0087,45,140968.64,2026-09-17,2026-10-07,42,1
POITEM0005779,PO001647,PROD0214,55,169574.17,2026-09-22,2026-10-06,51,4
POITEM0005780,PO001647,PROD0230,67,33494.72,2026-09-22,2026-10-07,64,3
POITEM0005781,PO001647,PROD0047,76,112596.85,2026-09-22,2026-10-04,74,2
POITEM0005782,PO001647,PROD0109,60,928.7,2026-09-22,2026-10-17,57,3
POITEM0005783,PO001647,PROD0115,43,130601.65,2026-09-22,2026-09-26,40,2
POITEM0005784,PO001648,PROD0132,58,74129.36,2026-10-10,2026-10-29,57,1
POITEM0005785,PO001648,PROD0067,9,57599.17,2026-10-10,2026-10-12,8,1
POITEM0005786,PO001648,PROD0227,1,86152.21,2026-10-10,2026-10-08,0,0
POITEM0005787,PO001649,PROD0240,1,13431.12,2026-10-03,2026-10-20,0,1
POITEM0005788,PO001649,PROD0149,78,146241.44,2026-10-03,2026-10-11,77,0
POITEM0005789,PO001649,PROD0178,90,90287.29,2026-10-03,2026-10-12,85,2
POITEM0005790,PO001649,PROD0055,85,127088.72,2026-10-03,2026-09-30,82,1
POITEM0005791,PO001649,PROD0107,33,16571.64,2026-10-03,2026-10-10,31,0
POITEM0005792,PO001649,PROD0228,67,79926.53,2026-10-03,2026-10-17,61,0
POITEM0005793,PO001650,PROD0040,36,128238.7,2026-10-03,2026-10-24,33,2
POITEM0005794,PO001651,PROD0123,55,15569.83,2026-10-04,2026-10-22,52,2
POITEM0005795,PO001651,PROD0155,53,27926.55,2026-10-04,2026-10-02,50,0
POITEM0005796,PO001651,PROD0063,47,91188.5,2026-10-04,2026-10-12,43,4
POITEM0005797,PO001652,PROD0035,31,127980.24,2026-10-18,2026-11-09,30,0
POITEM0005798,PO001652,PROD0181,60,146407.94,2026-10-18,2026-10-13,55,5
POITEM0005799,PO001652,PROD0034,54,46696.64,2026-10-18,2026-10-23,53,1
POITEM0005800,PO001652,PROD0180,67,136950.58,2026-10-18,2026-10-13,64,2
POITEM0005801,PO001653,PROD0027,5,124284.56,2026-10-07,2026-10-06,4,0
POITEM0005802,PO001653,PROD0097,58,135255.65,2026-10-07,2026-10-22,56,1
POITEM0005803,PO001654,PROD0064,28,78057.48,2026-09-27,2026-10-18,27,1
POITEM0005804,PO001654,PROD0014,87,139855.98,2026-09-27,2026-09-27,80,7
POITEM0005805,PO001655,PROD0138,53,3822.19,2026-09-14,2026-09-29,48,5
POITEM0005806,PO001656,PROD0073,59,68747.66,2026-10-05,2026-10-27,57,1
POITEM0005807,PO001656,PROD0077,54,99214.18,2026-10-05,2026-10-06,53,0
POITEM0005808,PO001657,PROD0034,81,63296.57,2026-10-18,2026-10-15,73,3
POITEM0005809,PO001658,PROD0179,24,109455.04,2026-09-27,2026-10-09,23,1
POITEM0005810,PO001658,PROD0004,70,88974.29,2026-09-27,2026-10-16,68,0
POITEM0005811,PO001658,PROD0126,51,36292.57,2026-09-27,2026-10-05,48,0
POITEM0005812,PO001658,PROD0140,41,28993.66,2026-09-27,2026-10-14,40,1
POITEM0005813,PO001658,PROD0217,45,60236.57,2026-09-27,2026-10-11,44,1
POITEM0005814,PO001659,PROD0103,42,23300.1,2026-09-14,2026-10-01,41,1
POITEM0005815,PO001659,PROD0097,11,121784.9,2026-09-14,2026-09-25,10,0
POITEM0005816,PO001659,PROD0060,22,119678.21,2026-09-14,2026-09-29,20,2
POITEM0005817,PO001659,PROD0091,88,13489.21,2026-09-14,2026-09-25,80,2
POITEM0005818,PO001659,PROD0111,44,73758.97,2026-09-14,2026-09-13,41,0
POITEM0005819,PO001660,PROD0235,67,8081.14,2026-09-19,2026-10-06,64,3
POITEM0005820,PO001660,PROD0170,56,39302.99,2026-09-19,2026-10-02,55,0
POITEM0005821,PO001661,PROD0214,35,157476.08,2026-09-14,2026-09-21,34,1
POITEM0005822,PO001661,PROD0244,23,72825.05,2026-09-14,2026-09-26,21,2
POITEM0005823,PO001661,PROD0158,21,108561.44,2026-09-14,2026-10-01,20,1
POITEM0005824,PO001662,PROD0227,6,71658.64,2026-09-17,2026-09-19,5,0
POITEM0005825,PO001662,PROD0010,86,10495.86,2026-09-17,2026-09-19,79,2
POITEM0005826,PO001662,PROD0085,79,39611.3,2026-09-17,2026-09-29,74,4
POITEM0005827,PO001662,PROD0040,59,131952.73,2026-09-17,2026-09-14,57,2
POITEM0005828,PO001663,PROD0054,21,79967.68,2026-09-21,2026-10-15,19,0
POITEM0005829,PO001663,PROD0191,27,3996.72,2026-09-21,2026-10-13,24,3
POITEM0005830,PO001664,PROD0134,57,74422.09,2026-10-04,2026-10-28,52,5
POITEM0005831,PO001664,PROD0112,62,103890.65,2026-10-04,2026-10-16,59,3
POITEM0005832,PO001664,PROD0076,18,28045.16,2026-10-04,2026-10-12,16,2
POITEM0005833,PO001664,PROD0033,90,17842.5,2026-10-04,2026-10-20,86,2
POITEM0005834,PO001665,PROD0121,68,117853.1,2026-09-16,2026-09-25,66,2
POITEM0005835,PO001665,PROD0037,49,83423.28,2026-09-16,2026-09-11,45,1
POITEM0005836,PO001666,PROD0002,62,95117.89,2026-09-24,2026-10-03,61,0
POITEM0005837,PO001666,PROD0130,35,81988.2,2026-09-24,2026-10-03,34,0
POITEM0005838,PO001667,PROD0002,29,106551.82,2026-10-12,2026-10-15,28,1
POITEM0005839,PO001667,PROD0105,97,78736.34,2026-10-12,2026-10-31,93,2
POITEM0005840,PO001667,PROD0047,62,95490.41,2026-10-12,2026-10-14,56,2
POITEM0005841,PO001667,PROD0171,55,116708.23,2026-10-12,2026-10-12,54,0
POITEM0005842,PO001667,PROD0138,84,4007.09,2026-10-12,2026-10-11,79,3
POITEM0005843,PO001667,PROD0059,64,31402.13,2026-10-12,2026-10-27,62,2
POITEM0005844,PO001668,PROD0015,33,107511.74,2026-09-27,2026-10-02,31,0
POITEM0005845,PO001669,PROD0136,75,114260.32,2026-10-07,2026-10-17,70,1
POITEM0005846,PO001669,PROD0092,8,146343.71,2026-10-07,2026-11-01,7,0
POITEM0005847,PO001669,PROD0181,100,163752.71,2026-10-07,2026-10-16,95,1
POITEM0005848,PO001670,PROD0163,45,20560.09,2026-09-16,2026-10-07,42,3
POITEM0005849,PO001670,PROD0172,3,142473.48,2026-09-16,2026-09-20,2,0
POITEM0005850,PO001670,PROD0212,33,11470.8,2026-09-16,2026-09-12,31,2
POITEM0005851,PO001670,PROD0033,20,17637.73,2026-09-16,2026-09-21,19,1
POITEM0005852,PO001670,PROD0044,44,40780.1,2026-09-16,2026-09-20,42,1
POITEM0005853,PO001670,PROD0141,67,123770.61,2026-09-16,2026-09-30,60,3
POITEM0005854,PO001671,PROD0204,84,115669.43,2026-10-12,2026-10-08,80,2
POITEM0005855,PO001671,PROD0116,14,35333.07,2026-10-12,2026-10-10,12,1
POITEM0005856,PO001671,PROD0229,62,69093.38,2026-10-12,2026-10-24,58,4
POITEM0005857,PO001671,PROD0235,9,8721.24,2026-10-12,2026-10-18,8,1
POITEM0005858,PO001671,PROD0118,82,123648.06,2026-10-12,2026-11-01,77,2
POITEM0005859,PO001672,PROD0223,68,103665.73,2026-09-16,2026-09-23,65,2
POITEM0005860,PO001672,PROD0166,49,98985.68,2026-09-16,2026-09-30,45,0
POITEM0005861,PO001672,PROD0118,39,98571.37,2026-09-16,2026-10-11,35,2
POITEM0005862,PO001672,PROD0060,66,101429.61,2026-09-16,2026-10-02,62,2
POITEM0005863,PO001673,PROD0172,24,141456.93,2026-09-19,2026-10-06,22,0
POITEM0005864,PO001673,PROD0111,80,81053.22,2026-09-19,2026-10-11,72,1
POITEM0005865,PO001673,PROD0128,89,63164.1,2026-09-19,2026-09-19,82,4
POITEM0005866,PO001673,PROD0192,70,6245.4,2026-09-19,2026-10-03,69,1
POITEM0005867,PO001673,PROD0059,46,31954.13,2026-09-19,2026-10-01,42,3
POITEM0005868,PO001673,PROD0054,89,76351.73,2026-09-19,2026-09-28,88,0
POITEM0005869,PO001674,PROD0169,55,62556.86,2026-09-28,2026-10-21,54,0
POITEM0005870,PO001675,PROD0174,34,134732.42,2026-09-13,2026-10-08,33,1
POITEM0005871,PO001675,PROD0158,75,93065.37,2026-09-13,2026-10-04,67,4
POITEM0005872,PO001676,PROD0108,5,118698.23,2026-09-25,2026-10-05,4,1
POITEM0005873,PO001676,PROD0071,4,90100.68,2026-09-25,2026-10-10,3,1
POITEM0005874,PO001677,PROD0016,17,112856.92,2026-09-18,2026-10-13,15,2
POITEM0005875,PO001677,PROD0022,7,125520.9,2026-09-18,2026-09-20,6,0
POITEM0005876,PO001678,PROD0131,93,133210.73,2026-10-13,2026-11-07,90,3
POITEM0005877,PO001678,PROD0008,12,131545.92,2026-10-13,2026-11-04,11,1
POITEM0005878,PO001678,PROD0178,19,114011.66,2026-10-13,2026-10-25,18,0
POITEM0005879,PO001678,PROD0031,32,61154.45,2026-10-13,2026-10-19,30,1
POITEM0005880,PO001678,PROD0062,71,100898.53,2026-10-13,2026-10-27,69,0
POITEM0005881,PO001679,PROD0229,100,78287.1,2026-10-05,2026-10-02,94,0
POITEM0005882,PO001679,PROD0228,70,106058.17,2026-10-05,2026-10-21,63,0
POITEM0005883,PO001679,PROD0141,15,163750.04,2026-10-05,2026-10-11,14,0
POITEM0005884,PO001680,PROD0118,26,96963.87,2026-10-03,2026-10-08,24,1
POITEM0005885,PO001680,PROD0072,59,2830.32,2026-10-03,2026-09-28,53,1
POITEM0005886,PO001681,PROD0168,59,128550.17,2026-09-19,2026-09-16,53,2
POITEM0005887,PO001681,PROD0116,49,43581.06,2026-09-19,2026-09-25,47,2
POITEM0005888,PO001681,PROD0126,56,36009.69,2026-09-19,2026-10-05,52,4
POITEM0005889,PO001681,PROD0043,48,85558.8,2026-09-19,2026-09-28,46,2
POITEM0005890,PO001681,PROD0131,75,133391.15,2026-09-19,2026-10-05,70,2
POITEM0005891,PO001681,PROD0197,46,120735.01,2026-09-19,2026-10-14,45,1
POITEM0005892,PO001682,PROD0146,73,130282.63,2026-10-20,2026-10-26,68,2
POITEM0005893,PO001682,PROD0088,4,80552.33,2026-10-20,2026-11-12,3,1
POITEM0005894,PO001682,PROD0157,42,162281.15,2026-10-20,2026-11-12,39,1
POITEM0005895,PO001683,PROD0162,57,131067.59,2026-10-01,2026-09-29,51,2
POITEM0005896,PO001683,PROD0100,66,119458.1,2026-10-01,2026-10-07,62,2
POITEM0005897,PO001683,PROD0035,10,176145.84,2026-10-01,2026-10-13,9,0
POITEM0005898,PO001683,PROD0145,80,2302.31,2026-10-01,2026-10-07,79,0
POITEM0005899,PO001683,PROD0182,89,53122.37,2026-10-01,2026-10-06,85,1
POITEM0005900,PO001683,PROD0022,95,119404.55,2026-10-01,2026-10-23,89,5
POITEM0005901,PO001684,PROD0037,8,95596.14,2026-09-27,2026-10-22,7,1
POITEM0005902,PO001684,PROD0208,86,47919.38,2026-09-27,2026-10-16,82,4
POITEM0005903,PO001684,PROD0239,83,168217.82,2026-09-27,2026-10-08,76,2
POITEM0005904,PO001685,PROD0101,84,101354.75,2026-10-16,2026-10-21,83,0
POITEM0005905,PO001686,PROD0157,81,129048.97,2026-10-04,2026-10-21,78,1
POITEM0005906,PO001687,PROD0077,48,113602.52,2026-10-10,2026-10-20,46,1
POITEM0005907,PO001688,PROD0076,6,25987.95,2026-10-21,2026-11-10,5,0
POITEM0005908,PO001688,PROD0082,61,19225.87,2026-10-21,2026-11-05,56,3
POITEM0005909,PO001688,PROD0039,98,55583.48,2026-10-21,2026-11-04,90,4
POITEM0005910,PO001688,PROD0016,60,111556.43,2026-10-21,2026-10-22,59,0
POITEM0005911,PO001688,PROD0206,66,149700.31,2026-10-21,2026-11-08,65,0
POITEM0005912,PO001688,PROD0053,39,19771.51,2026-10-21,2026-11-15,37,0
POITEM0005913,PO001689,PROD0211,47,61314.37,2026-09-13,2026-09-29,46,0
POITEM0005914,PO001689,PROD0187,23,81319.35,2026-09-13,2026-10-01,20,0
POITEM0005915,PO001690,PROD0189,37,52301.32,2026-09-19,2026-09-14,34,1
POITEM0005916,PO001690,PROD0073,75,84179.39,2026-09-19,2026-09-20,74,1
POITEM0005917,PO001691,PROD0075,3,116460.11,2026-09-17,2026-09-30,2,1
POITEM0005918,PO001691,PROD0165,12,129912.38,2026-09-17,2026-09-17,10,2
POITEM0005919,PO001692,PROD0211,71,60981.51,2026-09-17,2026-10-10,67,0
POITEM0005920,PO001693,PROD0184,22,16561.41,2026-10-11,2026-10-17,20,1
POITEM0005921,PO001693,PROD0213,74,4344.27,2026-10-11,2026-10-16,68,4
POITEM0005922,PO001693,PROD0169,73,53257.85,2026-10-11,2026-10-07,70,0
POITEM0005923,PO001694,PROD0237,78,133056.18,2026-09-15,2026-10-09,76,1
POITEM0005924,PO001694,PROD0210,12,37131.3,2026-09-15,2026-09-14,11,0
POITEM0005925,PO001694,PROD0123,20,12383.93,2026-09-15,2026-09-20,18,1
POITEM0005926,PO001695,PROD0003,77,52532.54,2026-09-21,2026-09-18,75,0
POITEM0005927,PO001695,PROD0023,27,45431.48,2026-09-21,2026-10-11,25,1
POITEM0005928,PO001695,PROD0142,95,152373.29,2026-09-21,2026-10-16,87,3
POITEM0005929,PO001695,PROD0231,34,62787.12,2026-09-21,2026-10-11,33,1
POITEM0005930,PO001696,PROD0018,99,25487.97,2026-10-09,2026-10-25,93,4
POITEM0005931,PO001696,PROD0052,56,41769.5,2026-10-09,2026-10-26,52,1
POITEM0005932,PO001696,PROD0055,60,163113.33,2026-10-09,2026-10-17,54,4
POITEM0005933,PO001696,PROD0154,54,52056.66,2026-10-09,2026-10-06,49,1
POITEM0005934,PO001697,PROD0062,15,112173.42,2026-09-16,2026-10-05,14,0
POITEM0005935,PO001697,PROD0075,20,93192.74,2026-09-16,2026-09-11,19,0
POITEM0005936,PO001697,PROD0210,80,35409.39,2026-09-16,2026-09-13,75,5
POITEM0005937,PO001697,PROD0033,91,18031.71,2026-09-16,2026-09-17,84,1
POITEM0005938,PO001698,PROD0011,38,52880.51,2026-09-19,2026-10-02,37,1
POITEM0005939,PO001698,PROD0024,72,14531.63,2026-09-19,2026-09-15,69,1
POITEM0005940,PO001699,PROD0135,70,31155.94,2026-09-17,2026-10-02,69,0
POITEM0005941,PO001699,PROD0244,75,63517.61,2026-09-17,2026-09-24,71,3
POITEM0005942,PO001699,PROD0155,39,26790.01,2026-09-17,2026-10-07,37,1
POITEM0005943,PO001699,PROD0013,21,143986.12,2026-09-17,2026-09-18,19,0
POITEM0005944,PO001699,PROD0143,74,158137.34,2026-09-17,2026-09-15,69,5
POITEM0005945,PO001700,PROD0223,9,122185.68,2026-10-12,2026-10-28,8,0
POITEM0005946,PO001700,PROD0152,25,64944.41,2026-10-12,2026-10-17,24,1
POITEM0005947,PO001700,PROD0010,72,12982.27,2026-10-12,2026-10-30,71,0
POITEM0005948,PO001700,PROD0132,13,89100.32,2026-10-12,2026-10-21,12,0
POITEM0005949,PO001700,PROD0040,30,158896.67,2026-10-12,2026-10-31,27,3
POITEM0005950,PO001701,PROD0103,92,25890.26,2026-09-19,2026-10-12,84,1
POITEM0005951,PO001701,PROD0126,62,42083.28,2026-09-19,2026-09-16,59,0
POITEM0005952,PO001701,PROD0014,84,122994.08,2026-09-19,2026-09-20,77,1
POITEM0005953,PO001701,PROD0077,80,129535.49,2026-09-19,2026-09-17,72,8
POITEM0005954,PO001701,PROD0250,98,81465.36,2026-09-19,2026-09-29,90,4
POITEM0005955,PO001701,PROD0237,5,158931.98,2026-09-19,2026-09-24,4,0
POITEM0005956,PO001702,PROD0062,93,105506.75,2026-10-08,2026-10-09,91,0
POITEM0005957,PO001703,PROD0196,32,73335.11,2026-10-14,2026-10-17,31,1
POITEM0005958,PO001704,PROD0095,10,46190.76,2026-09-15,2026-09-18,9,1
POITEM0005959,PO001704,PROD0111,99,73698.4,2026-09-15,2026-09-22,94,2
POITEM0005960,PO001704,PROD0008,8,131765.16,2026-09-15,2026-10-06,7,1
POITEM0005961,PO001704,PROD0246,59,114702.81,2026-09-15,2026-09-21,55,1
POITEM0005962,PO001704,PROD0127,46,132844.58,2026-09-15,2026-10-02,43,3
POITEM0005963,PO001705,PROD0058,49,128163.32,2026-10-19,2026-11-07,48,0
POITEM0005964,PO001705,PROD0020,16,83659.73,2026-10-19,2026-10-26,15,0
POITEM0005965,PO001706,PROD0170,83,42209.98,2026-10-13,2026-10-24,80,0
POITEM0005966,PO001706,PROD0128,12,73450.48,2026-10-13,2026-10-28,10,2
POITEM0005967,PO001707,PROD0197,97,139159.25,2026-09-29,2026-10-08,92,0
POITEM0005968,PO001707,PROD0015,25,90374.65,2026-09-29,2026-10-18,24,1
POITEM0005969,PO001707,PROD0081,99,53446.07,2026-09-29,2026-09-30,92,0
POITEM0005970,PO001707,PROD0198,55,29939.79,2026-09-29,2026-10-06,50,3
POITEM0005971,PO001707,PROD0228,3,108608.6,2026-09-29,2026-09-24,2,1
POITEM0005972,PO001707,PROD0177,77,145549.53,2026-09-29,2026-10-13,71,2
POITEM0005973,PO001708,PROD0234,51,15722.33,2026-10-08,,45,5
POITEM0005974,PO001708,PROD0153,78,134471.21,2026-10-08,2026-10-10,77,0
POITEM0005975,PO001708,PROD0221,99,92978.86,2026-10-08,2026-10-10,92,3
POITEM0005976,PO001708,PROD0215,89,150589.34,2026-10-08,2026-10-17,87,0
POITEM0005977,PO001709,PROD0127,14,124961.1,2026-09-29,2026-10-17,13,1
POITEM0005978,PO001710,PROD0210,64,39485.39,2026-10-02,2026-10-24,58,0
POITEM0005979,PO001710,PROD0003,36,44413.78,2026-10-02,2026-10-17,34,0
POITEM0005980,PO001710,PROD0201,72,8003.62,2026-10-02,2026-10-10,66,1
POITEM0005981,PO001710,PROD0007,32,56618.53,2026-10-02,2026-10-02,31,0
POITEM0005982,PO001710,PROD0149,39,180111.45,2026-10-02,2026-10-03,38,0
POITEM0005983,PO001711,PROD0087,63,118724.31,2026-10-13,2026-10-17,58,2
POITEM0005984,PO001711,PROD0228,90,86019.82,2026-10-13,2026-10-25,82,8
POITEM0005985,PO001711,PROD0137,71,45163.38,2026-10-13,2026-10-14,68,1
POITEM0005986,PO001711,PROD0200,32,14598.14,2026-10-13,2026-10-22,30,1
POITEM0005987,PO001712,PROD0188,24,78749.4,2026-10-19,2026-10-18,22,2
POITEM0005988,PO001712,PROD0002,42,107206.52,2026-10-19,2026-11-12,39,1
POITEM0005989,PO001712,PROD0216,88,97643.95,2026-10-19,2026-10-25,82,4
POITEM0005990,PO001712,PROD0148,44,139032.38,2026-10-19,2026-11-06,39,2
POITEM0005991,PO001712,PROD0127,46,172526.07,2026-10-19,2026-10-24,45,0
POITEM0005992,PO001713,PROD0159,15,80239.39,2026-09-17,2026-10-10,13,2
POITEM0005993,PO001713,PROD0197,54,132334.06,2026-09-17,2026-10-07,49,0
POITEM0005994,PO001714,PROD0236,67,6251.01,2026-10-03,2026-10-25,60,2
POITEM0005995,PO001714,PROD0080,100,19482.05,2026-10-03,2026-10-22,97,1
POITEM0005996,PO001715,PROD0127,27,171023.18,2026-10-12,2026-10-24,24,3
POITEM0005997,PO001715,PROD0139,26,95342.0,2026-10-12,2026-10-19,23,1
POITEM0005998,PO001715,PROD0144,19,48897.98,2026-10-12,2026-11-06,18,0
POITEM0005999,PO001715,PROD0233,69,2510.97,2026-10-12,2026-10-07,65,0
POITEM0006000,PO001716,PROD0178,33,112763.65,2026-10-09,2026-10-18,32,1
POITEM0006001,PO001716,PROD0061,67,64768.25,2026-10-09,2026-10-13,60,6
POITEM0006002,PO001716,PROD0106,54,1367.33,2026-10-09,2026-11-01,52,1
POITEM0006003,PO001717,PROD0111,35,82380.21,2026-10-11,2026-10-09,34,1
POITEM0006004,PO001717,PROD0189,30,48053.59,2026-10-11,2026-10-21,29,0
POITEM0006005,PO001717,PROD0123,17,13160.1,2026-10-11,2026-10-07,16,1
POITEM0006006,PO001717,PROD0242,30,69548.25,2026-10-11,2026-10-09,29,1
POITEM0006007,PO001717,PROD0183,43,51497.35,2026-10-11,2026-10-17,40,1
POITEM0006008,PO001718,PROD0114,34,39353.52,2026-09-25,2026-10-01,32,2
POITEM0006009,PO001718,PROD0124,39,57276.66,2026-09-25,2026-09-20,38,0
POITEM0006010,PO001718,PROD0103,15,24817.7,2026-09-25,2026-10-13,14,1
POITEM0006011,PO001718,PROD0010,33,10147.32,2026-09-25,2026-10-15,32,0
POITEM0006012,PO001718,PROD0032,48,37042.83,2026-09-25,2026-10-04,45,1
POITEM0006013,PO001719,PROD0029,90,978.19,2026-10-05,2026-10-12,86,0
POITEM0006014,PO001719,PROD0181,10,114161.02,2026-10-05,2026-10-13,9,1
POITEM0006015,PO001719,PROD0080,16,22712.07,2026-10-05,2026-10-03,14,1
POITEM0006016,PO001719,PROD0183,50,52268.87,2026-10-05,2026-10-29,48,0
POITEM0006017,PO001719,PROD0055,26,128847.28,2026-10-05,2026-10-28,24,1
POITEM0006018,PO001720,PROD0023,67,43458.68,2026-10-06,2026-10-20,64,1
POITEM0006019,PO001721,PROD0192,44,6352.14,2026-10-14,2026-10-19,42,2
POITEM0006020,PO001721,PROD0006,81,35673.87,2026-10-14,2026-10-17,73,6
POITEM0006021,PO001721,PROD0201,45,6917.0,2026-10-14,2026-11-07,42,2
POITEM0006022,PO001721,PROD0086,23,121644.27,2026-10-14,2026-11-01,21,1
POITEM0006023,PO001722,PROD0249,33,53593.41,2026-10-05,2026-10-29,30,1
POITEM0006024,PO001722,PROD0064,64,87828.93,2026-10-05,2026-10-14,61,0
POITEM0006025,PO001722,PROD0098,35,148999.76,2026-10-05,2026-10-25,34,0
POITEM0006026,PO001722,PROD0130,26,98928.83,2026-10-05,2026-10-09,23,2
POITEM0006027,PO001722,PROD0193,81,119182.59,2026-10-05,2026-10-21,78,2
POITEM0006028,PO001723,PROD0087,46,134279.26,2026-10-04,2026-10-20,43,3
POITEM0006029,PO001723,PROD0217,55,68965.91,2026-10-04,2026-09-29,53,0
POITEM0006030,PO001723,PROD0146,30,167458.25,2026-10-04,2026-09-29,28,0
POITEM0006031,PO001724,PROD0154,53,55292.25,2026-09-24,2026-10-09,49,1
POITEM0006032,PO001725,PROD0128,20,66183.53,2026-10-01,2026-10-26,19,0
POITEM0006033,PO001725,PROD0199,67,93872.55,2026-10-01,2026-10-08,65,2
POITEM0006034,PO001726,PROD0233,89,2573.45,2026-09-19,2026-09-17,80,7
POITEM0006035,PO001726,PROD0069,96,6725.34,2026-09-19,2026-10-11,87,3
POITEM0006036,PO001726,PROD0176,50,93112.56,2026-09-19,2026-10-09,49,0
POITEM0006037,PO001726,PROD0033,69,16150.63,2026-09-19,2026-09-25,62,0
POITEM0006038,PO001727,PROD0084,3,143167.43,2026-09-14,2026-10-04,2,0
POITEM0006039,PO001727,PROD0215,34,108352.47,2026-09-14,2026-09-09,32,2
POITEM0006040,PO001727,PROD0174,78,137698.64,2026-09-14,2026-09-27,70,1
POITEM0006041,PO001727,PROD0162,53,173869.69,2026-09-14,2026-09-30,52,1
POITEM0006042,PO001727,PROD0116,5,41107.25,2026-09-14,2026-09-26,4,0
POITEM0006043,PO001728,PROD0049,53,7321.05,2026-10-17,2026-11-06,49,2
POITEM0006044,PO001729,PROD0062,36,88564.5,2026-10-01,2026-10-22,35,1
POITEM0006045,PO001730,PROD0070,61,108996.18,2026-10-12,2026-11-02,59,1
POITEM0006046,PO001730,PROD0049,5,9400.21,2026-10-12,2026-10-07,4,1
POITEM0006047,PO001730,PROD0224,23,42275.09,2026-10-12,2026-11-01,21,1
POITEM0006048,PO001730,PROD0191,74,4111.95,2026-10-12,2026-10-17,66,5
POITEM0006049,PO001730,PROD0247,91,107517.14,2026-10-12,2026-10-10,85,2
POITEM0006050,PO001731,PROD0153,46,136736.5,2026-10-05,2026-10-08,43,2
POITEM0006051,PO001731,PROD0245,79,57499.29,2026-10-05,2026-10-23,74,3
POITEM0006052,PO001732,PROD0148,11,150555.71,2026-10-08,2026-10-26,10,1
POITEM0006053,PO001732,PROD0085,90,45676.17,2026-10-08,2026-10-25,85,2
POITEM0006054,PO001732,PROD0076,56,28637.16,2026-10-08,2026-10-07,55,1
POITEM0006055,PO001732,PROD0036,44,58087.51,2026-10-08,2026-10-08,43,0
POITEM0006056,PO001733,PROD0029,54,1094.15,2026-09-30,2026-10-25,48,5
POITEM0006057,PO001734,PROD0222,40,102331.66,2026-09-28,2026-10-07,37,2
POITEM0006058,PO001734,PROD0018,90,34065.97,2026-09-28,2026-10-17,86,2
POITEM0006059,PO001734,PROD0166,75,98102.31,2026-09-28,2026-09-28,68,3
POITEM0006060,PO001734,PROD0115,41,97481.27,2026-09-28,2026-10-14,39,0
POITEM0006061,PO001734,PROD0053,53,24965.4,2026-09-28,2026-10-15,52,0
POITEM0006062,PO001734,PROD0070,71,108737.94,2026-09-28,2026-09-30,65,6
POITEM0006063,PO001735,PROD0109,94,836.32,2026-09-22,2026-10-03,86,7
POITEM0006064,PO001735,PROD0072,92,2569.72,2026-09-22,2026-09-19,91,0
POITEM0006065,PO001736,PROD0024,57,17925.27,2026-10-04,2026-09-29,55,1
POITEM0006066,PO001737,PROD0248,92,7208.39,2026-09-25,2026-10-09,83,4
POITEM0006067,PO001737,PROD0243,82,22822.77,2026-09-25,2026-10-10,78,2
POITEM0006068,PO001737,PROD0027,58,139596.38,2026-09-25,2026-10-02,53,0
POITEM0006069,PO001737,PROD0033,95,20574.98,2026-09-25,2026-10-13,93,0
POITEM0006070,PO001737,PROD0175,6,77882.99,2026-09-25,2026-10-17,5,1
POITEM0006071,PO001738,PROD0078,37,58745.96,2026-09-21,2026-09-21,35,2
POITEM0006072,PO001738,PROD0144,91,64236.03,2026-09-21,2026-10-14,90,0
POITEM0006073,PO001738,PROD0073,41,75952.59,2026-09-21,2026-10-08,38,2
POITEM0006074,PO001738,PROD0024,100,15206.77,2026-09-21,2026-09-20,92,8
POITEM0006075,PO001738,PROD0179,26,118738.79,2026-09-21,2026-10-06,25,0
POITEM0006076,PO001739,PROD0044,61,45556.13,2026-10-03,2026-10-20,55,2
POITEM0006077,PO001739,PROD0173,52,125396.65,2026-10-03,2026-10-19,49,3
POITEM0006078,PO001739,PROD0137,74,40764.37,2026-10-03,2026-10-15,68,0
POITEM0006079,PO001739,PROD0208,85,55515.89,2026-10-03,2026-10-04,76,0
POITEM0006080,PO001740,PROD0107,42,16316.37,2026-09-21,2026-09-28,41,1
POITEM0006081,PO001740,PROD0227,82,79577.85,2026-09-21,2026-09-30,78,3
POITEM0006082,PO001741,PROD0212,11,13254.94,2026-10-03,2026-10-08,10,0
POITEM0006083,PO001742,PROD0187,60,71873.9,2026-09-13,2026-10-08,56,0
POITEM0006084,PO001742,PROD0017,87,142799.97,2026-09-13,2026-10-06,84,2
POITEM0006085,PO001742,PROD0214,10,141296.68,2026-09-13,2026-10-07,9,0
POITEM0006086,PO001742,PROD0135,63,25805.39,2026-09-13,2026-10-01,57,4
POITEM0006087,PO001742,PROD0222,16,116132.86,2026-09-13,2026-09-11,14,1
POITEM0006088,PO001742,PROD0246,16,91008.5,2026-09-13,2026-09-10,15,1
POITEM0006089,PO001743,PROD0066,11,121269.19,2026-10-17,2026-11-11,10,0
POITEM0006090,PO001743,PROD0098,75,154519.34,2026-10-17,2026-11-08,69,4
POITEM0006091,PO001743,PROD0183,31,64382.09,2026-10-17,2026-10-13,30,1
POITEM0006092,PO001743,PROD0167,47,105521.98,2026-10-17,2026-11-06,43,2
POITEM0006093,PO001744,PROD0188,39,86207.49,2026-09-14,2026-10-06,38,1
POITEM0006094,PO001744,PROD0197,28,127749.65,2026-09-14,2026-10-09,25,2
POITEM0006095,PO001745,PROD0048,38,84739.89,2026-10-05,2026-10-17,35,3
POITEM0006096,PO001745,PROD0062,59,103100.57,2026-10-05,2026-09-30,57,0
POITEM0006097,PO001745,PROD0128,61,62329.53,2026-10-05,2026-10-17,59,2
POITEM0006098,PO001745,PROD0185,16,98835.24,2026-10-05,2026-10-20,15,0
POITEM0006099,PO001745,PROD0172,44,110636.3,2026-10-05,2026-10-07,43,0
POITEM0006100,PO001745,PROD0124,43,67610.02,2026-10-05,2026-10-29,39,0
POITEM0006101,PO001746,PROD0023,84,49932.47,2026-10-17,2026-11-04,77,0
POITEM0006102,PO001746,PROD0193,71,142142.28,2026-10-17,2026-10-17,69,0
POITEM0006103,PO001747,PROD0124,8,50049.41,2026-09-16,2026-09-30,7,1
POITEM0006104,PO001747,PROD0147,86,59295.61,2026-09-16,2026-09-23,84,1
POITEM0006105,PO001747,PROD0249,94,58099.13,2026-09-16,2026-09-11,87,2
POITEM0006106,PO001747,PROD0150,70,116870.91,2026-09-16,2026-09-24,64,2
POITEM0006107,PO001748,PROD0216,83,116410.12,2026-09-20,2026-09-26,79,3
POITEM0006108,PO001748,PROD0053,9,19612.33,2026-09-20,2026-09-28,8,1
POITEM0006109,PO001748,PROD0141,52,123994.01,2026-09-20,2026-10-09,50,2
POITEM0006110,PO001748,PROD0056,68,41286.95,2026-09-20,2026-09-19,61,1
POITEM0006111,PO001748,PROD0213,99,4189.11,2026-09-20,2026-10-07,89,0
POITEM0006112,PO001748,PROD0147,2,77880.93,2026-09-20,2026-09-21,1,1
POITEM0006113,PO001749,PROD0213,97,4404.33,2026-09-29,2026-10-17,96,0
POITEM0006114,PO001750,PROD0012,67,28503.64,2026-10-06,2026-10-25,65,0
POITEM0006115,PO001750,PROD0208,68,52289.38,2026-10-06,2026-10-21,63,4
POITEM0006116,PO001750,PROD0063,97,89088.31,2026-10-06,2026-10-24,90,6
POITEM0006117,PO001750,PROD0125,92,43894.94,2026-10-06,2026-10-23,84,6
POITEM0006118,PO001751,PROD0058,97,108948.36,2026-10-14,2026-10-31,91,0
POITEM0006119,PO001751,PROD0043,74,70399.63,2026-10-14,2026-11-08,70,4
POITEM0006120,PO001751,PROD0010,31,14191.44,2026-10-14,2026-10-17,30,1
POITEM0006121,PO001751,PROD0128,77,65905.97,2026-10-14,2026-10-13,73,3
POITEM0006122,PO001751,PROD0205,63,113862.96,2026-10-14,2026-11-01,57,2
POITEM0006123,PO001752,PROD0113,23,118166.09,2026-09-17,2026-10-01,21,1
POITEM0006124,PO001752,PROD0222,45,95051.22,2026-09-17,2026-09-13,43,1
POITEM0006125,PO001752,PROD0105,37,83745.83,2026-09-17,2026-10-03,34,2
POITEM0006126,PO001752,PROD0240,44,12717.59,2026-09-17,2026-09-24,40,2
POITEM0006127,PO001752,PROD0176,57,69201.02,2026-09-17,2026-09-16,51,3
POITEM0006128,PO001753,PROD0102,12,14144.81,2026-10-11,2026-10-30,11,0
POITEM0006129,PO001753,PROD0093,65,134981.65,2026-10-11,2026-10-09,64,1
POITEM0006130,PO001753,PROD0174,76,128136.49,2026-10-11,2026-10-14,70,3
POITEM0006131,PO001753,PROD0071,62,92546.85,2026-10-11,2026-10-24,59,2
POITEM0006132,PO001754,PROD0220,6,38286.45,2026-09-24,2026-09-25,5,1
POITEM0006133,PO001755,PROD0196,20,90507.95,2026-10-13,2026-10-09,19,0
POITEM0006134,PO001755,PROD0034,56,55832.71,2026-10-13,2026-10-13,55,1
POITEM0006135,PO001755,PROD0194,79,52449.56,2026-10-13,2026-10-15,73,0
POITEM0006136,PO001756,PROD0033,96,20544.58,2026-09-23,2026-09-30,92,2
POITEM0006137,PO001756,PROD0217,45,56576.66,2026-09-23,2026-09-23,42,2
POITEM0006138,PO001757,PROD0058,92,118510.1,2026-09-14,2026-10-03,86,0
POITEM0006139,PO001757,PROD0062,60,87416.32,2026-09-14,2026-10-03,59,1
POITEM0006140,PO001757,PROD0003,100,54537.94,2026-09-14,2026-10-03,94,0
POITEM0006141,PO001757,PROD0157,94,157565.44,2026-09-14,2026-09-21,93,0
POITEM0006142,PO001758,PROD0023,44,43205.36,2026-09-26,2026-09-25,40,1
POITEM0006143,PO001758,PROD0111,35,87879.63,2026-09-26,2026-10-05,34,1
POITEM0006144,PO001758,PROD0132,96,65222.61,2026-09-26,2026-10-06,95,1
POITEM0006145,PO001759,PROD0033,44,18645.32,2026-09-21,2026-10-08,41,1
POITEM0006146,PO001760,PROD0195,4,18516.26,2026-10-05,2026-10-01,3,1
POITEM0006147,PO001760,PROD0163,27,24614.24,2026-10-05,2026-10-12,26,1
POITEM0006148,PO001760,PROD0148,77,147242.98,2026-10-05,2026-10-29,76,0
POITEM0006149,PO001760,PROD0152,25,68207.05,2026-10-05,2026-10-04,23,1
POITEM0006150,PO001761,PROD0060,20,122328.23,2026-10-15,2026-10-27,18,1
POITEM0006151,PO001761,PROD0056,90,39057.93,2026-10-15,2026-10-22,81,2
POITEM0006152,PO001761,PROD0067,99,54376.95,2026-10-15,2026-11-09,89,8
POITEM0006153,PO001761,PROD0034,30,59675.5,2026-10-15,2026-10-24,29,0
POITEM0006154,PO001762,PROD0128,23,55768.98,2026-09-25,2026-09-25,21,1
POITEM0006155,PO001762,PROD0173,97,135605.43,2026-09-25,2026-10-08,93,1
POITEM0006156,PO001763,PROD0010,30,11231.23,2026-10-20,2026-11-09,28,0
POITEM0006157,PO001764,PROD0121,7,95628.54,2026-10-10,2026-10-05,6,1
POITEM0006158,PO001764,PROD0212,19,10093.51,2026-10-10,2026-10-25,17,0
POITEM0006159,PO001764,PROD0197,33,134802.69,2026-10-10,2026-11-03,32,0
POITEM0006160,PO001764,PROD0188,27,83135.33,2026-10-10,2026-10-28,25,1
POITEM0006161,PO001764,PROD0179,2,95712.81,2026-10-10,2026-10-13,1,0
POITEM0006162,PO001764,PROD0183,25,51203.31,2026-10-10,2026-10-12,24,0
POITEM0006163,PO001765,PROD0032,66,40850.95,2026-09-19,2026-09-20,60,4
POITEM0006164,PO001765,PROD0162,36,171650.57,2026-09-19,2026-09-25,32,3
POITEM0006165,PO001765,PROD0161,82,92307.94,2026-09-19,2026-10-08,74,1
POITEM0006166,PO001765,PROD0138,17,3711.22,2026-09-19,2026-09-25,15,2
POITEM0006167,PO001765,PROD0228,63,91734.7,2026-09-19,2026-10-12,59,4
POITEM0006168,PO001765,PROD0208,81,47067.32,2026-09-19,2026-10-13,78,0
POITEM0006169,PO001766,PROD0119,13,118685.84,2026-10-06,2026-10-19,12,1
POITEM0006170,PO001766,PROD0057,97,93484.51,2026-10-06,2026-10-30,89,1
POITEM0006171,PO001766,PROD0113,62,116573.06,2026-10-06,2026-10-31,59,3
POITEM0006172,PO001767,PROD0169,84,55715.57,2026-09-15,2026-09-30,76,6
POITEM0006173,PO001767,PROD0099,38,137051.96,2026-09-15,2026-09-21,35,2
POITEM0006174,PO001767,PROD0139,40,118868.37,2026-09-15,2026-09-19,39,0
POITEM0006175,PO001767,PROD0005,13,120291.72,2026-09-15,2026-09-21,12,1
POITEM0006176,PO001767,PROD0229,86,59219.64,2026-09-15,2026-10-02,80,4
POITEM0006177,PO001768,PROD0119,86,117048.02,2026-10-01,2026-10-01,81,3
POITEM0006178,PO001768,PROD0159,38,84156.48,2026-10-01,2026-09-26,34,2
POITEM0006179,PO001769,PROD0183,81,65995.19,2026-09-24,2026-10-15,77,3
POITEM0006180,PO001769,PROD0038,26,109409.25,2026-09-24,2026-10-09,23,3
POITEM0006181,PO001770,PROD0136,93,106628.56,2026-09-28,2026-10-23,92,0
POITEM0006182,PO001770,PROD0093,68,142911.74,2026-09-28,2026-10-10,63,1
POITEM0006183,PO001770,PROD0158,82,110551.5,2026-09-28,2026-10-18,80,2
POITEM0006184,PO001770,PROD0053,5,21515.21,2026-09-28,2026-09-30,4,1
POITEM0006185,PO001770,PROD0068,79,30415.37,2026-09-28,2026-10-22,76,3
POITEM0006186,PO001771,PROD0173,11,147645.49,2026-10-03,2026-10-20,10,1
POITEM0006187,PO001771,PROD0133,3,86445.4,2026-10-03,2026-10-05,2,0
POITEM0006188,PO001771,PROD0221,13,101663.03,2026-10-03,2026-10-17,12,1
POITEM0006189,PO001771,PROD0056,97,39997.14,2026-10-03,2026-10-16,93,3
POITEM0006190,PO001771,PROD0174,45,146393.35,2026-10-03,,41,2
POITEM0006191,PO001771,PROD0055,100,170330.51,2026-10-03,2026-09-30,98,2
POITEM0006192,PO001772,PROD0187,56,74868.85,2026-10-12,2026-10-20,53,3
POITEM0006193,PO001772,PROD0008,82,101519.83,2026-10-12,2026-10-28,74,0
POITEM0006194,PO001772,PROD0033,52,17811.73,2026-10-12,2026-10-27,48,3
POITEM0006195,PO001772,PROD0085,29,47738.2,2026-10-12,2026-10-16,28,1
POITEM0006196,PO001772,PROD0003,54,52603.83,2026-10-12,2026-10-22,51,0
POITEM0006197,PO001772,PROD0102,39,11656.76,2026-10-12,2026-11-02,38,1
POITEM0006198,PO001773,PROD0037,75,77867.98,2026-10-07,2026-10-13,68,1
POITEM0006199,PO001773,PROD0144,94,58228.25,2026-10-07,2026-10-02,92,0
POITEM0006200,PO001774,PROD0086,61,119324.81,2026-09-19,2026-09-26,54,2
POITEM0006201,PO001774,PROD0048,20,90882.82,2026-09-19,2026-09-17,18,1
POITEM0006202,PO001774,PROD0080,46,17930.15,2026-09-19,2026-10-02,45,1
POITEM0006203,PO001774,PROD0038,31,126109.3,2026-09-19,2026-10-13,29,2
POITEM0006204,PO001774,PROD0220,57,40611.8,2026-09-19,2026-09-23,55,0
POITEM0006205,PO001775,PROD0174,33,159533.66,2026-10-10,2026-10-24,32,1
POITEM0006206,PO001775,PROD0107,77,16399.15,2026-10-10,2026-10-14,76,0
POITEM0006207,PO001775,PROD0059,26,44597.28,2026-10-10,2026-10-22,23,2
POITEM0006208,PO001775,PROD0153,42,151922.31,2026-10-10,2026-10-30,39,2
POITEM0006209,PO001775,PROD0155,54,25635.17,2026-10-10,2026-10-16,51,3
POITEM0006210,PO001776,PROD0168,66,91951.57,2026-10-14,2026-10-24,62,1
POITEM0006211,PO001776,PROD0095,5,61020.98,2026-10-14,2026-10-10,4,0
POITEM0006212,PO001776,PROD0051,95,139049.79,2026-10-14,2026-11-05,94,0
POITEM0006213,PO001776,PROD0020,3,82681.74,2026-10-14,2026-10-30,2,0
POITEM0006214,PO001776,PROD0121,95,101262.93,2026-10-14,2026-11-03,90,3
POITEM0006215,PO001776,PROD0015,27,104817.75,2026-10-14,2026-10-21,26,1
POITEM0006216,PO001777,PROD0175,22,79117.27,2026-10-11,2026-10-17,21,1
POITEM0006217,PO001777,PROD0191,85,4968.61,2026-10-11,2026-10-31,79,3
POITEM0006218,PO001778,PROD0185,24,96606.45,2026-10-19,2026-10-19,23,0
POITEM0006219,PO001778,PROD0181,37,143287.48,2026-10-19,2026-11-12,33,4
POITEM0006220,PO001779,PROD0069,9,5702.5,2026-10-01,2026-10-09,8,1
POITEM0006221,PO001779,PROD0145,1,2327.64,2026-10-01,2026-10-21,0,0
POITEM0006222,PO001779,PROD0055,75,126756.78,2026-10-01,2026-09-29,73,0
POITEM0006223,PO001779,PROD0154,78,45518.44,2026-10-01,2026-09-26,72,2
POITEM0006224,PO001780,PROD0133,94,91873.33,2026-09-15,2026-09-10,86,7
POITEM0006225,PO001780,PROD0111,27,99138.24,2026-09-15,2026-10-07,24,1
POITEM0006226,PO001780,PROD0102,53,13065.39,2026-09-15,2026-09-19,52,1
POITEM0006227,PO001780,PROD0185,97,95144.77,2026-09-15,2026-09-24,90,3
POITEM0006228,PO001780,PROD0249,86,57284.12,2026-09-15,2026-09-25,83,2
POITEM0006229,PO001781,PROD0093,62,167396.14,2026-10-09,2026-10-17,61,0
POITEM0006230,PO001781,PROD0162,79,146574.46,2026-10-09,2026-10-25,78,0
POITEM0006231,PO001781,PROD0241,77,62827.69,2026-10-09,2026-10-10,69,7
POITEM0006232,PO001781,PROD0072,13,3050.89,2026-10-09,2026-11-02,11,1
POITEM0006233,PO001781,PROD0024,38,14510.69,2026-10-09,2026-11-02,35,2
POITEM0006234,PO001782,PROD0244,97,66465.71,2026-09-18,2026-09-28,94,1
POITEM0006235,PO001782,PROD0144,92,61130.69,2026-09-18,2026-09-21,84,6
POITEM0006236,PO001782,PROD0028,56,135748.6,2026-09-18,2026-10-13,55,1
POITEM0006237,PO001782,PROD0004,33,89769.9,2026-09-18,2026-10-12,30,3
POITEM0006238,PO001782,PROD0074,28,42323.08,2026-09-18,2026-10-05,27,0
POITEM0006239,PO001782,PROD0090,70,31808.72,2026-09-18,2026-09-27,63,0
POITEM0006240,PO001783,PROD0198,17,29769.88,2026-10-08,2026-10-19,16,0
POITEM0006241,PO001783,PROD0202,85,73648.83,2026-10-08,2026-10-13,80,3
POITEM0006242,PO001783,PROD0229,56,55898.42,2026-10-08,2026-10-14,55,0
POITEM0006243,PO001783,PROD0242,71,70190.99,2026-10-08,2026-10-09,70,1
POITEM0006244,PO001783,PROD0183,70,69256.25,2026-10-08,2026-10-28,63,4
POITEM0006245,PO001783,PROD0084,95,136305.72,2026-10-08,2026-10-17,85,7
POITEM0006246,PO001784,PROD0152,68,70170.71,2026-09-19,2026-10-13,64,4
POITEM0006247,PO001785,PROD0061,34,48601.77,2026-10-03,2026-10-09,30,0
POITEM0006248,PO001785,PROD0114,78,33832.73,2026-10-03,2026-10-24,77,1
POITEM0006249,PO001785,PROD0071,66,114595.24,2026-10-03,2026-10-08,65,0
POITEM0006250,PO001785,PROD0063,65,94741.23,2026-10-03,2026-09-29,58,6
POITEM0006251,PO001785,PROD0209,21,147897.47,2026-10-03,2026-10-21,18,2
POITEM0006252,PO001786,PROD0039,31,67116.64,2026-09-18,2026-09-14,29,2
POITEM0006253,PO001787,PROD0166,36,94918.62,2026-09-16,2026-09-23,34,2
POITEM0006254,PO001787,PROD0152,82,71832.58,2026-09-16,2026-09-16,81,1
POITEM0006255,PO001787,PROD0213,29,3566.13,2026-09-16,2026-09-20,26,1
POITEM0006256,PO001787,PROD0173,46,139987.81,2026-09-16,2026-09-19,44,2
POITEM0006257,PO001787,PROD0100,52,134058.59,2026-09-16,2026-09-30,47,2
POITEM0006258,PO001788,PROD0029,14,1408.92,2026-09-17,2026-10-03,13,1
POITEM0006259,PO001788,PROD0048,50,89698.27,2026-09-17,2026-09-13,47,1
POITEM0006260,PO001789,PROD0116,6,36223.94,2026-09-23,2026-09-24,5,1
POITEM0006261,PO001789,PROD0017,40,130559.53,2026-09-23,2026-10-01,39,1
POITEM0006262,PO001789,PROD0002,49,117588.21,2026-09-23,2026-10-01,47,0
POITEM0006263,PO001789,PROD0134,39,79072.0,2026-09-23,2026-10-06,35,0
POITEM0006264,PO001789,PROD0140,28,23078.15,2026-09-23,2026-10-03,25,3
POITEM0006265,PO001790,PROD0113,56,90433.45,2026-09-21,2026-10-09,51,4
POITEM0006266,PO001790,PROD0071,16,98817.57,2026-09-21,2026-10-07,14,2
POITEM0006267,PO001790,PROD0118,11,114039.13,2026-09-21,2026-09-29,10,0
POITEM0006268,PO001791,PROD0046,44,4880.34,2026-10-11,2026-10-07,42,0
POITEM0006269,PO001791,PROD0030,94,81638.92,2026-10-11,2026-10-24,88,6
POITEM0006270,PO001792,PROD0104,53,148781.57,2026-10-13,2026-10-30,52,0
POITEM0006271,PO001792,PROD0179,82,107544.78,2026-10-13,2026-10-26,79,0
POITEM0006272,PO001792,PROD0081,6,63080.99,2026-10-13,2026-11-02,5,1
POITEM0006273,PO001792,PROD0090,16,37095.29,2026-10-13,2026-10-18,15,0
POITEM0006274,PO001792,PROD0142,28,131764.91,2026-10-13,2026-10-14,26,1
POITEM0006275,PO001792,PROD0202,17,99091.95,2026-10-13,2026-11-04,16,1
POITEM0006276,PO001793,PROD0184,29,17324.2,2026-09-18,2026-09-29,27,1
POITEM0006277,PO001793,PROD0170,41,55116.39,2026-09-18,2026-10-06,39,0
POITEM0006278,PO001793,PROD0103,99,21090.25,2026-09-18,2026-10-10,94,0
POITEM0006279,PO001793,PROD0001,22,4617.96,2026-09-18,2026-10-01,19,2
POITEM0006280,PO001793,PROD0026,62,75559.32,2026-09-18,2026-09-19,57,4
POITEM0006281,PO001793,PROD0209,2,139414.44,2026-09-18,2026-09-16,1,0
POITEM0006282,PO001794,PROD0048,38,69998.74,2026-10-18,2026-11-07,37,1
POITEM0006283,PO001795,PROD0025,48,34084.43,2026-09-17,2026-09-29,46,0
POITEM0006284,PO001795,PROD0247,50,104258.09,2026-09-17,2026-10-05,47,0
POITEM0006285,PO001795,PROD0139,77,117765.47,2026-09-17,2026-09-21,74,0
POITEM0006286,PO001795,PROD0024,25,16787.53,2026-09-17,2026-10-11,24,1
POITEM0006287,PO001796,PROD0201,44,7238.35,2026-09-26,2026-09-24,41,0
POITEM0006288,PO001796,PROD0186,86,6751.14,2026-09-26,2026-10-17,82,4
POITEM0006289,PO001796,PROD0096,29,61718.4,2026-09-26,2026-10-17,27,2
POITEM0006290,PO001796,PROD0010,53,13801.27,2026-09-26,2026-10-08,52,1
POITEM0006291,PO001796,PROD0225,11,137385.87,2026-09-26,2026-10-07,10,1
POITEM0006292,PO001796,PROD0092,85,140460.38,2026-09-26,2026-10-06,82,0
POITEM0006293,PO001797,PROD0002,40,89851.75,2026-10-04,2026-10-18,36,1
POITEM0006294,PO001797,PROD0138,77,3696.93,2026-10-04,2026-10-26,76,0
POITEM0006295,PO001797,PROD0003,91,53265.76,2026-10-04,2026-10-04,85,6
POITEM0006296,PO001797,PROD0165,72,122014.1,2026-10-04,2026-10-28,67,5
POITEM0006297,PO001798,PROD0005,90,124971.64,2026-09-22,2026-09-20,81,9
POITEM0006298,PO001798,PROD0126,55,44474.51,2026-09-22,2026-09-19,54,0
POITEM0006299,PO001798,PROD0236,76,5681.81,2026-09-22,2026-09-24,68,3
POITEM0006300,PO001799,PROD0020,25,79481.64,2026-10-06,2026-10-09,23,2
POITEM0006301,PO001799,PROD0196,46,73048.53,2026-10-06,2026-10-06,42,1
POITEM0006302,PO001800,PROD0145,99,2248.61,2026-09-25,2026-10-15,96,2
POITEM0006303,PO001801,PROD0171,7,137819.16,2026-10-10,2026-11-04,6,0
POITEM0006304,PO001802,PROD0224,61,42267.65,2026-10-12,2026-10-22,60,1
POITEM0006305,PO001802,PROD0174,67,169573.9,2026-10-12,2026-10-24,61,2
POITEM0006306,PO001802,PROD0019,50,125754.48,2026-10-12,2026-10-11,47,3
POITEM0006307,PO001802,PROD0240,33,13089.48,2026-10-12,2026-10-24,31,0
POITEM0006308,PO001803,PROD0103,24,26340.48,2026-10-12,2026-11-04,22,1
POITEM0006309,PO001803,PROD0028,95,126846.21,2026-10-12,2026-10-11,90,5
POITEM0006310,PO001803,PROD0018,5,34621.03,2026-10-12,2026-10-27,4,0
POITEM0006311,PO001803,PROD0177,8,133169.99,2026-10-12,2026-10-19,7,1
POITEM0006312,PO001804,PROD0110,41,21217.41,2026-10-16,2026-10-26,39,2
POITEM0006313,PO001805,PROD0044,15,40318.78,2026-10-05,2026-10-03,13,2
POITEM0006314,PO001806,PROD0013,70,128110.22,2026-10-15,2026-10-12,66,0
POITEM0006315,PO001806,PROD0213,86,4412.3,2026-10-15,2026-11-02,79,2
POITEM0006316,PO001806,PROD0165,86,147057.53,2026-10-15,2026-11-01,78,3
POITEM0006317,PO001806,PROD0017,87,132070.81,2026-10-15,2026-10-29,81,6
POITEM0006318,PO001807,PROD0238,42,117352.38,2026-09-16,2026-09-22,41,1
POITEM0006319,PO001807,PROD0057,75,123557.86,2026-09-16,2026-10-04,67,2
POITEM0006320,PO001807,PROD0051,8,164067.78,2026-09-16,2026-09-24,7,0
POITEM0006321,PO001807,PROD0016,29,160959.6,2026-09-16,2026-09-14,26,2
POITEM0006322,PO001807,PROD0047,85,91731.09,2026-09-16,2026-09-21,77,6
POITEM0006323,PO001808,PROD0169,14,48314.1,2026-09-25,2026-10-17,13,0
POITEM0006324,PO001808,PROD0177,75,147038.75,2026-09-25,2026-10-12,72,3
POITEM0006325,PO001808,PROD0130,82,107620.13,2026-09-25,2026-09-23,80,2
POITEM0006326,PO001808,PROD0180,98,114031.81,2026-09-25,2026-10-02,88,8
POITEM0006327,PO001808,PROD0155,7,21700.02,2026-09-25,2026-10-20,6,1
POITEM0006328,PO001809,PROD0008,12,107302.23,2026-10-16,2026-10-13,10,0
POITEM0006329,PO001809,PROD0089,97,73279.04,2026-10-16,2026-10-12,88,3
POITEM0006330,PO001809,PROD0042,55,46014.24,2026-10-16,2026-10-11,50,4
POITEM0006331,PO001810,PROD0104,36,143562.84,2026-09-27,2026-10-16,34,0
POITEM0006332,PO001811,PROD0228,96,97983.67,2026-09-17,2026-10-07,87,6
POITEM0006333,PO001811,PROD0143,6,134152.97,2026-09-17,2026-10-10,5,0
POITEM0006334,PO001811,PROD0197,89,116477.16,2026-09-17,2026-10-01,81,7
POITEM0006335,PO001811,PROD0004,14,82033.37,2026-09-17,2026-09-20,13,0
POITEM0006336,PO001811,PROD0065,100,14491.34,2026-09-17,2026-09-29,94,6
POITEM0006337,PO001811,PROD0066,31,125930.05,2026-09-17,2026-09-20,30,1
POITEM0006338,PO001812,PROD0084,46,123419.89,2026-10-08,2026-10-03,44,1
POITEM0006339,PO001812,PROD0068,2,32351.97,2026-10-08,2026-10-21,1,1
POITEM0006340,PO001812,PROD0072,65,2506.13,2026-10-08,2026-10-04,61,3
POITEM0006341,PO001812,PROD0145,17,2144.52,2026-10-08,2026-10-25,15,1
POITEM0006342,PO001812,PROD0225,34,128143.33,2026-10-08,2026-10-13,31,3
POITEM0006343,PO001813,PROD0153,80,134282.99,2026-09-26,2026-10-11,78,2
POITEM0006344,PO001813,PROD0143,45,129588.09,2026-09-26,2026-10-09,44,0
POITEM0006345,PO001813,PROD0057,63,124247.33,2026-09-26,2026-09-29,62,0
POITEM0006346,PO001813,PROD0176,78,89205.48,2026-09-26,2026-09-29,73,0
POITEM0006347,PO001814,PROD0037,85,68450.57,2026-10-01,2026-09-26,81,2
POITEM0006348,PO001814,PROD0171,80,130344.52,2026-10-01,2026-10-07,78,1
POITEM0006349,PO001814,PROD0159,84,106803.02,2026-10-01,2026-10-10,79,3
POITEM0006350,PO001815,PROD0081,25,50615.32,2026-10-15,2026-10-31,22,2
POITEM0006351,PO001815,PROD0218,59,22215.36,2026-10-15,2026-10-22,56,3
POITEM0006352,PO001816,PROD0022,25,144130.51,2026-10-02,2026-09-28,24,0
POITEM0006353,PO001816,PROD0225,51,150658.26,2026-10-02,2026-10-27,50,1
POITEM0006354,PO001816,PROD0154,64,52425.99,2026-10-02,2026-10-01,62,2
POITEM0006355,PO001816,PROD0207,81,70466.37,2026-10-02,2026-10-09,79,0
POITEM0006356,PO001816,PROD0089,61,89038.55,2026-10-02,2026-10-06,55,5
POITEM0006357,PO001817,PROD0097,2,100850.32,2026-09-17,2026-09-16,1,1
POITEM0006358,PO001817,PROD0228,17,79210.31,2026-09-17,2026-10-01,16,1
POITEM0006359,PO001817,PROD0133,50,84447.22,2026-09-17,2026-09-14,48,0
POITEM0006360,PO001817,PROD0082,98,20289.54,2026-09-17,2026-09-24,91,6
POITEM0006361,PO001817,PROD0150,18,130622.8,2026-09-17,2026-10-06,17,1
POITEM0006362,PO001817,PROD0233,56,2626.84,2026-09-17,2026-09-12,55,0
POITEM0006363,PO001818,PROD0153,35,130941.99,2026-10-13,2026-11-02,32,3
POITEM0006364,PO001818,PROD0134,71,75018.5,2026-10-13,2026-10-27,68,3
POITEM0006365,PO001818,PROD0033,62,16148.51,2026-10-13,2026-10-28,57,0
POITEM0006366,PO001819,PROD0102,48,11042.84,2026-09-23,2026-09-30,45,1
POITEM0006367,PO001820,PROD0191,38,5517.52,2026-10-13,2026-10-09,34,1
POITEM0006368,PO001820,PROD0126,9,41079.68,2026-10-13,2026-11-05,8,1
POITEM0006369,PO001820,PROD0211,64,62262.14,2026-10-13,2026-11-07,62,0
POITEM0006370,PO001820,PROD0176,27,93346.91,2026-10-13,2026-10-10,26,0
POITEM0006371,PO001821,PROD0038,26,99572.53,2026-09-15,2026-09-20,23,1
POITEM0006372,PO001821,PROD0071,44,92447.04,2026-09-15,2026-10-06,42,2
POITEM0006373,PO001821,PROD0046,50,6419.17,2026-09-15,2026-10-06,48,0
POITEM0006374,PO001822,PROD0134,42,72777.43,2026-10-16,2026-11-03,38,4
POITEM0006375,PO001823,PROD0080,58,22419.28,2026-10-04,2026-10-04,55,0
POITEM0006376,PO001823,PROD0154,47,54344.55,2026-10-04,2026-10-29,44,0
POITEM0006377,PO001823,PROD0100,44,115301.63,2026-10-04,2026-10-23,40,1
POITEM0006378,PO001823,PROD0225,2,133865.09,2026-10-04,2026-10-19,1,1
POITEM0006379,PO001823,PROD0017,94,107058.37,2026-10-04,2026-10-27,87,3
POITEM0006380,PO001824,PROD0051,25,117804.74,2026-10-14,2026-11-01,22,0
POITEM0006381,PO001824,PROD0197,66,132701.1,2026-10-14,2026-10-17,61,2
POITEM0006382,PO001824,PROD0023,53,53371.74,2026-10-14,2026-10-09,51,1
POITEM0006383,PO001825,PROD0246,85,100037.85,2026-10-04,2026-10-03,84,0
POITEM0006384,PO001825,PROD0213,20,3348.51,2026-10-04,2026-10-03,19,0
POITEM0006385,PO001825,PROD0160,1,18091.66,2026-10-04,2026-10-18,0,0
POITEM0006386,PO001825,PROD0059,19,32762.57,2026-10-04,2026-10-28,17,2
POITEM0006387,PO001825,PROD0074,35,31292.87,2026-10-04,2026-10-28,33,1
POITEM0006388,PO001826,PROD0058,90,129678.53,2026-09-30,2026-10-15,83,1
POITEM0006389,PO001826,PROD0186,36,5848.86,2026-09-30,2026-10-22,34,0
POITEM0006390,PO001826,PROD0028,69,131516.93,2026-09-30,2026-10-24,67,1
POITEM0006391,PO001826,PROD0203,66,94011.82,2026-09-30,2026-10-02,59,4
POITEM0006392,PO001826,PROD0209,89,131043.35,2026-09-30,2026-10-24,82,3
POITEM0006393,PO001826,PROD0071,88,109089.33,2026-09-30,2026-10-21,87,1
POITEM0006394,PO001827,PROD0152,89,69485.34,2026-09-22,2026-10-14,83,2
POITEM0006395,PO001827,PROD0196,6,75766.66,2026-09-22,2026-10-11,5,0
POITEM0006396,PO001827,PROD0140,13,28327.93,2026-09-22,2026-10-16,11,0
POITEM0006397,PO001827,PROD0039,55,58414.81,2026-09-22,2026-10-16,49,4
POITEM0006398,PO001828,PROD0059,28,34991.0,2026-10-10,2026-10-20,25,0
POITEM0006399,PO001828,PROD0024,65,20554.9,2026-10-10,2026-10-08,63,2
POITEM0006400,PO001829,PROD0246,6,91478.96,2026-09-19,2026-10-09,5,1
POITEM0006401,PO001830,PROD0221,21,87104.48,2026-09-24,2026-10-02,19,1
POITEM0006402,PO001830,PROD0080,60,22051.96,2026-09-24,2026-10-05,59,1
POITEM0006403,PO001831,PROD0174,47,150189.69,2026-10-09,2026-10-20,45,1
POITEM0006404,PO001831,PROD0086,58,105608.51,2026-10-09,2026-10-13,57,1
POITEM0006405,PO001832,PROD0107,99,18721.18,2026-09-15,2026-10-02,94,2
POITEM0006406,PO001832,PROD0055,65,143754.14,2026-09-15,2026-09-26,61,4
POITEM0006407,PO001833,PROD0051,97,125979.04,2026-10-12,2026-10-22,93,1
POITEM0006408,PO001833,PROD0192,41,5983.62,2026-10-12,2026-10-16,37,2
POITEM0006409,PO001834,PROD0048,15,70098.99,2026-10-14,2026-10-11,14,1
POITEM0006410,PO001834,PROD0033,68,21772.37,2026-10-14,2026-10-30,65,1
POITEM0006411,PO001834,PROD0164,71,87336.69,2026-10-14,2026-10-09,66,2
POITEM0006412,PO001834,PROD0083,6,149609.38,2026-10-14,2026-10-16,5,1
POITEM0006413,PO001834,PROD0052,44,40102.97,2026-10-14,2026-10-20,39,1
POITEM0006414,PO001834,PROD0084,71,137841.12,2026-10-14,2026-11-01,66,4
POITEM0006415,PO001835,PROD0131,61,116913.89,2026-09-22,2026-09-22,60,0
POITEM0006416,PO001835,PROD0247,34,87969.82,2026-09-22,2026-10-01,31,3
POITEM0006417,PO001836,PROD0112,91,109416.64,2026-09-23,2026-09-19,89,2
POITEM0006418,PO001836,PROD0098,17,136819.96,2026-09-23,2026-10-05,16,1
POITEM0006419,PO001836,PROD0235,39,8342.84,2026-09-23,2026-09-28,36,3
POITEM0006420,PO001836,PROD0097,11,109694.11,2026-09-23,2026-10-11,10,0
POITEM0006421,PO001837,PROD0161,61,109191.71,2026-10-12,2026-10-17,55,1
POITEM0006422,PO001838,PROD0176,28,73272.54,2026-10-14,2026-10-31,27,1
POITEM0006423,PO001839,PROD0093,100,145362.15,2026-09-29,2026-10-18,94,5
POITEM0006424,PO001839,PROD0155,18,27189.89,2026-09-29,2026-10-06,16,0
POITEM0006425,PO001839,PROD0049,13,7990.87,2026-09-29,2026-10-15,12,0
POITEM0006426,PO001839,PROD0027,62,148550.07,2026-09-29,2026-10-20,57,2
POITEM0006427,PO001839,PROD0096,92,62785.38,2026-09-29,2026-10-22,88,0
POITEM0006428,PO001840,PROD0203,29,69630.21,2026-09-18,2026-09-13,28,0
POITEM0006429,PO001840,PROD0245,2,51711.39,2026-09-18,2026-10-08,1,1
POITEM0006430,PO001840,PROD0068,11,33644.42,2026-09-18,2026-09-21,10,1
POITEM0006431,PO001841,PROD0037,77,74204.21,2026-10-20,2026-10-27,72,2
POITEM0006432,PO001841,PROD0152,46,57390.53,2026-10-20,2026-11-06,43,3
POITEM0006433,PO001841,PROD0202,40,77940.58,2026-10-20,2026-10-23,38,0
POITEM0006434,PO001842,PROD0018,79,25700.97,2026-10-13,2026-11-04,77,1
POITEM0006435,PO001842,PROD0153,13,150025.35,2026-10-13,2026-11-02,12,0
POITEM0006436,PO001843,PROD0218,36,31059.89,2026-10-08,2026-10-28,33,3
POITEM0006437,PO001843,PROD0093,22,115760.81,2026-10-08,2026-10-22,21,1
POITEM0006438,PO001843,PROD0059,79,36906.54,2026-10-08,2026-10-17,75,0
POITEM0006439,PO001843,PROD0210,12,49233.52,2026-10-08,2026-10-03,11,0
POITEM0006440,PO001843,PROD0063,96,104932.18,2026-10-08,2026-10-09,93,2
POITEM0006441,PO001843,PROD0228,29,81104.74,2026-10-08,2026-10-12,26,2
POITEM0006442,PO001844,PROD0154,70,54427.78,2026-10-21,2026-11-07,66,2
POITEM0006443,PO001844,PROD0128,71,60700.85,2026-10-21,2026-11-07,66,3
POITEM0006444,PO001844,PROD0094,81,103831.63,2026-10-21,2026-10-18,74,1
POITEM0006445,PO001844,PROD0190,61,97600.46,2026-10-21,2026-11-01,55,3
POITEM0006446,PO001844,PROD0183,7,49379.81,2026-10-21,2026-11-15,6,0
POITEM0006447,PO001845,PROD0094,74,89535.13,2026-09-21,2026-10-04,73,0
POITEM0006448,PO001846,PROD0156,56,72866.7,2026-10-18,2026-11-11,51,1
POITEM0006449,PO001846,PROD0066,66,134019.49,2026-10-18,2026-10-17,62,3
POITEM0006450,PO001846,PROD0056,37,31593.79,2026-10-18,2026-10-31,33,0
POITEM0006451,PO001846,PROD0117,27,60863.48,2026-10-18,2026-10-19,26,0
POITEM0006452,PO001847,PROD0043,30,74351.12,2026-10-12,2026-11-03,28,2
POITEM0006453,PO001847,PROD0048,42,72178.5,2026-10-12,2026-10-15,39,0
POITEM0006454,PO001848,PROD0004,88,84702.4,2026-10-16,2026-10-14,86,1
POITEM0006455,PO001848,PROD0075,94,89420.04,2026-10-16,2026-11-10,92,2
POITEM0006456,PO001848,PROD0116,68,32048.15,2026-10-16,2026-10-17,62,6
POITEM0006457,PO001848,PROD0053,51,18871.24,2026-10-16,2026-10-28,46,3
POITEM0006458,PO001849,PROD0118,64,136294.04,2026-10-05,2026-10-08,60,0
POITEM0006459,PO001849,PROD0121,59,86940.25,2026-10-05,2026-09-30,58,0
POITEM0006460,PO001849,PROD0186,52,6594.06,2026-10-05,2026-10-12,50,1
POITEM0006461,PO001850,PROD0103,87,29762.78,2026-10-18,2026-11-12,80,7
POITEM0006462,PO001850,PROD0004,49,90422.15,2026-10-18,2026-11-12,47,2
POITEM0006463,PO001850,PROD0001,18,5763.39,2026-10-18,2026-10-18,17,0
POITEM0006464,PO001851,PROD0222,24,105995.43,2026-10-02,2026-10-22,23,0
POITEM0006465,PO001852,PROD0149,28,138039.51,2026-09-21,2026-10-13,26,2
POITEM0006466,PO001853,PROD0222,62,95763.01,2026-10-08,2026-10-20,61,1
POITEM0006467,PO001853,PROD0246,98,89310.88,2026-10-08,2026-10-17,93,1
POITEM0006468,PO001853,PROD0138,55,3769.43,2026-10-08,2026-10-11,54,0
POITEM0006469,PO001853,PROD0043,77,73444.82,2026-10-08,2026-10-09,75,0
POITEM0006470,PO001854,PROD0233,39,2691.41,2026-09-18,2026-10-06,36,2
POITEM0006471,PO001855,PROD0151,98,44294.02,2026-10-01,2026-09-27,95,3
POITEM0006472,PO001855,PROD0215,52,152397.17,2026-10-01,2026-10-17,50,1
POITEM0006473,PO001855,PROD0111,5,77483.93,2026-10-01,2026-10-24,4,1
POITEM0006474,PO001855,PROD0146,70,139955.77,2026-10-01,2026-10-07,67,1
POITEM0006475,PO001855,PROD0043,13,88264.44,2026-10-01,2026-10-01,11,0
POITEM0006476,PO001855,PROD0170,33,51334.72,2026-10-01,2026-10-16,31,1
POITEM0006477,PO001856,PROD0088,94,100600.84,2026-10-20,2026-10-23,86,8
POITEM0006478,PO001856,PROD0134,12,75279.29,2026-10-20,2026-10-18,11,1
POITEM0006479,PO001857,PROD0090,34,31180.27,2026-10-18,2026-10-18,30,0
POITEM0006480,PO001857,PROD0026,4,79912.33,2026-10-18,2026-11-09,3,1
POITEM0006481,PO001857,PROD0040,96,180786.63,2026-10-18,2026-10-20,88,7
POITEM0006482,PO001857,PROD0248,72,6852.74,2026-10-18,2026-11-03,70,0
POITEM0006483,PO001858,PROD0194,72,60211.07,2026-09-22,2026-10-09,68,1
POITEM0006484,PO001858,PROD0182,49,53910.88,2026-09-22,2026-09-25,48,0
POITEM0006485,PO001858,PROD0005,11,128517.33,2026-09-22,2026-10-09,10,1
POITEM0006486,PO001858,PROD0079,94,128175.86,2026-09-22,2026-09-27,90,4
POITEM0006487,PO001859,PROD0237,71,121944.81,2026-09-25,2026-10-15,66,5
POITEM0006488,PO001859,PROD0093,91,140273.01,2026-09-25,2026-10-01,82,9
POITEM0006489,PO001859,PROD0189,34,38177.91,2026-09-25,2026-09-25,32,0
POITEM0006490,PO001860,PROD0064,14,82148.58,2026-10-16,2026-10-17,13,1
POITEM0006491,PO001860,PROD0128,25,66572.85,2026-10-16,2026-11-09,22,3
POITEM0006492,PO001860,PROD0147,44,70500.17,2026-10-16,2026-10-29,40,3
POITEM0006493,PO001860,PROD0194,23,62875.77,2026-10-16,2026-10-26,22,1
POITEM0006494,PO001860,PROD0051,60,144761.84,2026-10-16,2026-10-24,58,2
POITEM0006495,PO001861,PROD0122,27,80592.2,2026-10-15,2026-10-21,25,2
POITEM0006496,PO001861,PROD0125,55,47523.23,2026-10-15,2026-10-12,50,1
POITEM0006497,PO001861,PROD0094,100,90842.18,2026-10-15,2026-10-19,94,0
POITEM0006498,PO001861,PROD0146,63,158040.38,2026-10-15,2026-10-18,59,4
POITEM0006499,PO001862,PROD0150,45,156258.52,2026-10-13,2026-10-15,40,4
POITEM0006500,PO001863,PROD0246,71,92260.83,2026-10-11,2026-10-26,68,2
POITEM0006501,PO001864,PROD0111,63,77446.39,2026-09-22,2026-10-14,60,1
POITEM0006502,PO001864,PROD0202,25,73026.08,2026-09-22,2026-09-23,22,0
POITEM0006503,PO001865,PROD0208,4,43582.75,2026-10-15,2026-10-11,3,0
POITEM0006504,PO001865,PROD0126,10,39266.92,2026-10-15,2026-10-12,9,0
POITEM0006505,PO001865,PROD0218,79,25635.13,2026-10-15,2026-10-13,75,2
POITEM0006506,PO001865,PROD0104,40,141260.77,2026-10-15,2026-10-26,39,0
POITEM0006507,PO001865,PROD0030,40,88085.8,2026-10-15,2026-10-19,38,0
POITEM0006508,PO001865,PROD0094,96,82513.08,2026-10-15,2026-10-16,91,3
POITEM0006509,PO001866,PROD0128,98,61197.28,2026-10-13,2026-10-10,97,1
POITEM0006510,PO001866,PROD0159,75,81525.81,2026-10-13,2026-10-27,69,0
POITEM0006511,PO001866,PROD0041,12,146469.79,2026-10-13,2026-10-08,11,1
POITEM0006512,PO001867,PROD0205,50,98229.3,2026-10-06,2026-10-25,49,1
POITEM0006513,PO001868,PROD0181,81,143299.63,2026-09-19,2026-10-09,79,2
POITEM0006514,PO001868,PROD0156,78,98811.18,2026-09-19,2026-10-02,72,0
POITEM0006515,PO001868,PROD0005,44,145551.09,2026-09-19,2026-10-12,39,3
POITEM0006516,PO001868,PROD0080,29,25190.79,2026-09-19,2026-09-30,27,2
POITEM0006517,PO001869,PROD0098,59,135582.18,2026-10-12,2026-10-26,54,4
POITEM0006518,PO001870,PROD0119,58,100820.17,2026-09-15,2026-09-15,53,0
POITEM0006519,PO001870,PROD0171,75,121416.06,2026-09-15,2026-10-01,73,1
POITEM0006520,PO001870,PROD0060,16,129330.86,2026-09-15,2026-09-11,14,0
POITEM0006521,PO001870,PROD0100,98,121403.34,2026-09-15,2026-09-16,96,1
POITEM0006522,PO001871,PROD0111,29,71737.09,2026-10-05,2026-10-21,28,0
POITEM0006523,PO001871,PROD0079,8,131758.0,2026-10-05,2026-10-11,7,1
POITEM0006524,PO001872,PROD0145,47,2617.61,2026-09-13,2026-09-27,44,3
POITEM0006525,PO001872,PROD0113,14,116782.78,2026-09-13,2026-09-29,12,2
POITEM0006526,PO001872,PROD0041,47,142755.51,2026-09-13,2026-09-19,44,3
POITEM0006527,PO001872,PROD0230,80,43732.95,2026-09-13,2026-09-14,73,2
POITEM0006528,PO001872,PROD0069,99,7275.54,2026-09-13,2026-10-06,93,3
POITEM0006529,PO001873,PROD0002,43,88389.58,2026-09-26,2026-09-30,41,2
POITEM0006530,PO001873,PROD0031,80,55548.07,2026-09-26,2026-09-24,76,3
POITEM0006531,PO001873,PROD0030,87,67120.58,2026-09-26,2026-10-06,81,1
POITEM0006532,PO001873,PROD0175,81,83690.81,2026-09-26,2026-10-16,77,1
POITEM0006533,PO001874,PROD0215,76,126901.09,2026-09-22,2026-09-30,71,4
POITEM0006534,PO001874,PROD0218,44,24530.67,2026-09-22,2026-09-30,41,3
POITEM0006535,PO001874,PROD0106,97,1820.65,2026-09-22,2026-09-19,95,0
POITEM0006536,PO001874,PROD0002,97,86721.01,2026-09-22,2026-10-03,87,5
POITEM0006537,PO001874,PROD0210,87,49790.02,2026-09-22,2026-10-06,82,3
POITEM0006538,PO001874,PROD0248,26,7339.92,2026-09-22,2026-10-17,25,1
POITEM0006539,PO001875,PROD0097,76,106293.11,2026-10-02,2026-10-06,72,1
POITEM0006540,PO001875,PROD0248,90,8527.46,2026-10-02,2026-10-26,87,1
POITEM0006541,PO001875,PROD0123,53,12890.27,2026-10-02,2026-10-05,48,2
POITEM0006542,PO001875,PROD0221,64,76799.66,2026-10-02,2026-09-28,62,0
POITEM0006543,PO001875,PROD0213,49,3775.87,2026-10-02,2026-10-03,44,1
POITEM0006544,PO001876,PROD0102,55,15606.85,2026-10-13,2026-11-05,50,2
POITEM0006545,PO001876,PROD0215,77,107080.9,2026-10-13,2026-10-20,71,6
POITEM0006546,PO001876,PROD0127,34,137782.52,2026-10-13,2026-10-31,32,1
POITEM0006547,PO001876,PROD0169,67,65765.46,2026-10-13,2026-10-22,66,1
POITEM0006548,PO001877,PROD0159,82,88354.67,2026-10-15,2026-10-18,77,3
POITEM0006549,PO001877,PROD0067,96,51654.42,2026-10-15,2026-10-12,88,5
POITEM0006550,PO001877,PROD0210,46,35442.61,2026-10-15,2026-11-05,45,0
POITEM0006551,PO001877,PROD0150,36,118327.66,2026-10-15,2026-11-06,33,3
POITEM0006552,PO001878,PROD0222,5,111397.73,2026-10-03,2026-10-20,4,0
POITEM0006553,PO001878,PROD0082,33,14669.39,2026-10-03,2026-09-28,30,2
POITEM0006554,PO001878,PROD0166,31,111281.47,2026-10-03,2026-10-12,30,1
POITEM0006555,PO001879,PROD0154,1,44815.31,2026-09-17,2026-09-29,0,1
POITEM0006556,PO001879,PROD0166,87,119247.64,2026-09-17,2026-10-08,86,1
POITEM0006557,PO001880,PROD0225,80,140430.96,2026-09-19,2026-09-22,73,5
POITEM0006558,PO001880,PROD0059,4,37354.68,2026-09-19,2026-09-21,3,1
POITEM0006559,PO001880,PROD0165,45,117659.31,2026-09-19,2026-09-22,42,0
POITEM0006560,PO001881,PROD0135,69,25170.8,2026-09-28,2026-09-29,62,3
POITEM0006561,PO001881,PROD0002,94,99621.65,2026-09-28,2026-10-10,87,5
POITEM0006562,PO001881,PROD0096,52,62308.72,2026-09-28,2026-10-11,49,1
POITEM0006563,PO001881,PROD0059,24,36849.72,2026-09-28,2026-10-16,22,2
POITEM0006564,PO001882,PROD0064,53,84344.66,2026-09-16,2026-09-30,47,3
POITEM0006565,PO001883,PROD0250,6,113368.12,2026-09-17,2026-10-04,5,1
POITEM0006566,PO001883,PROD0190,100,81802.71,2026-09-17,2026-09-12,91,7
POITEM0006567,PO001883,PROD0135,29,26648.45,2026-09-17,2026-09-26,28,0
POITEM0006568,PO001884,PROD0248,36,7680.62,2026-10-03,2026-09-30,35,1
POITEM0006569,PO001885,PROD0185,50,99865.22,2026-10-19,2026-10-20,47,1
POITEM0006570,PO001886,PROD0066,95,137234.28,2026-10-01,2026-10-24,92,1
POITEM0006571,PO001886,PROD0215,53,132323.02,2026-10-01,2026-10-07,50,1
POITEM0006572,PO001886,PROD0008,69,125604.11,2026-10-01,2026-10-10,65,4
POITEM0006573,PO001886,PROD0081,56,56736.57,2026-10-01,2026-10-02,53,1
POITEM0006574,PO001886,PROD0027,38,139616.39,2026-10-01,2026-10-25,36,1
POITEM0006575,PO001886,PROD0012,60,25672.06,2026-10-01,2026-10-04,58,2
POITEM0006576,PO001887,PROD0069,51,6397.27,2026-09-18,2026-10-10,47,3
POITEM0006577,PO001887,PROD0178,96,82955.48,2026-09-18,2026-09-14,91,1
POITEM0006578,PO001887,PROD0202,28,86629.47,2026-09-18,2026-10-10,27,0
POITEM0006579,PO001887,PROD0245,63,59512.23,2026-09-18,2026-09-19,59,4
POITEM0006580,PO001888,PROD0122,19,79380.59,2026-09-13,2026-10-03,17,0
POITEM0006581,PO001888,PROD0068,91,32523.94,2026-09-13,2026-10-08,84,4
POITEM0006582,PO001888,PROD0029,9,1248.98,2026-09-13,2026-09-09,8,0
POITEM0006583,PO001888,PROD0086,3,102843.8,2026-09-13,2026-09-13,2,1
POITEM0006584,PO001888,PROD0153,56,131199.03,2026-09-13,2026-09-09,51,3
POITEM0006585,PO001889,PROD0029,15,1380.14,2026-10-04,2026-10-11,14,1
POITEM0006586,PO001889,PROD0175,67,70273.74,2026-10-04,2026-10-07,60,7
POITEM0006587,PO001889,PROD0224,61,37266.77,2026-10-04,2026-10-17,56,5
POITEM0006588,PO001889,PROD0153,61,158189.93,2026-10-04,2026-10-05,58,1
POITEM0006589,PO001889,PROD0084,31,131521.66,2026-10-04,2026-10-26,30,0
POITEM0006590,PO001890,PROD0023,42,49261.71,2026-09-26,2026-10-05,39,2
POITEM0006591,PO001890,PROD0068,35,34414.17,2026-09-26,2026-10-13,34,1
POITEM0006592,PO001890,PROD0065,68,16190.45,2026-09-26,2026-10-09,64,1
POITEM0006593,PO001890,PROD0056,44,42415.68,2026-09-26,2026-09-21,40,2
POITEM0006594,PO001891,PROD0194,5,58381.54,2026-10-18,2026-10-18,4,1
POITEM0006595,PO001891,PROD0197,4,111638.57,2026-10-18,2026-11-05,3,1
POITEM0006596,PO001891,PROD0165,68,137697.84,2026-10-18,2026-10-28,61,5
POITEM0006597,PO001891,PROD0176,56,86960.91,2026-10-18,2026-11-06,51,3
POITEM0006598,PO001891,PROD0047,8,100857.92,2026-10-18,2026-10-28,7,0
POITEM0006599,PO001891,PROD0105,82,111820.54,2026-10-18,2026-11-09,76,5
POITEM0006600,PO001892,PROD0175,24,72190.18,2026-10-07,2026-10-09,21,3
POITEM0006601,PO001892,PROD0242,13,87306.65,2026-10-07,2026-10-29,12,0
POITEM0006602,PO001892,PROD0031,73,71861.35,2026-10-07,2026-10-05,69,1
POITEM0006603,PO001892,PROD0041,25,150129.96,2026-10-07,2026-10-17,22,3
POITEM0006604,PO001892,PROD0154,33,51126.47,2026-10-07,2026-10-13,30,2
POITEM0006605,PO001893,PROD0027,32,152278.62,2026-10-16,2026-10-26,31,1
POITEM0006606,PO001893,PROD0180,65,121203.66,2026-10-16,2026-10-25,59,0
POITEM0006607,PO001893,PROD0189,43,50118.86,2026-10-16,2026-11-09,39,4
POITEM0006608,PO001893,PROD0248,100,6379.29,2026-10-16,2026-10-11,92,7
POITEM0006609,PO001893,PROD0054,75,78814.3,2026-10-16,2026-10-13,73,0
POITEM0006610,PO001893,PROD0233,81,2202.78,2026-10-16,2026-11-05,73,6
POITEM0006611,PO001894,PROD0094,35,98404.44,2026-10-21,2026-10-17,34,1
POITEM0006612,PO001894,PROD0031,5,58826.08,2026-10-21,2026-11-15,4,1
POITEM0006613,PO001894,PROD0227,68,102240.85,2026-10-21,2026-10-22,67,1
POITEM0006614,PO001894,PROD0008,57,141264.09,2026-10-21,2026-11-01,55,2
POITEM0006615,PO001894,PROD0210,35,37656.56,2026-10-21,2026-11-01,32,1
POITEM0006616,PO001894,PROD0110,2,23868.44,2026-10-21,2026-10-23,1,1
POITEM0006617,PO001895,PROD0216,56,128717.3,2026-10-07,2026-10-31,54,1
POITEM0006618,PO001895,PROD0197,85,131649.31,2026-10-07,2026-10-11,78,0
POITEM0006619,PO001895,PROD0090,38,44126.44,2026-10-07,2026-10-30,37,1
POITEM0006620,PO001895,PROD0119,80,89238.7,2026-10-07,2026-10-06,78,1
POITEM0006621,PO001895,PROD0055,24,141772.26,2026-10-07,2026-10-18,21,0
POITEM0006622,PO001896,PROD0003,71,52545.24,2026-10-17,2026-11-08,68,1
POITEM0006623,PO001896,PROD0049,85,6940.98,2026-10-17,2026-11-06,79,3
POITEM0006624,PO001896,PROD0031,33,78157.26,2026-10-17,2026-10-19,31,2
POITEM0006625,PO001896,PROD0222,11,122446.1,2026-10-17,2026-10-25,10,1
POITEM0006626,PO001896,PROD0116,96,31437.96,2026-10-17,2026-10-28,89,5
POITEM0006627,PO001897,PROD0160,35,13926.96,2026-10-02,2026-10-25,32,0
POITEM0006628,PO001897,PROD0129,71,124062.7,2026-10-02,2026-10-14,67,4
POITEM0006629,PO001897,PROD0213,41,3826.92,2026-10-02,2026-10-20,40,0
POITEM0006630,PO001897,PROD0069,4,5737.45,2026-10-02,2026-10-03,3,0
POITEM0006631,PO001897,PROD0243,81,22295.9,2026-10-02,2026-09-28,76,3
POITEM0006632,PO001897,PROD0067,81,42033.41,2026-10-02,2026-10-25,80,1
POITEM0006633,PO001898,PROD0002,44,111373.19,2026-10-13,2026-10-12,41,3
POITEM0006634,PO001898,PROD0217,80,54318.4,2026-10-13,2026-10-27,76,0
POITEM0006635,PO001898,PROD0183,16,65057.57,2026-10-13,2026-10-31,14,1
POITEM0006636,PO001898,PROD0212,21,12777.24,2026-10-13,2026-10-14,20,0
POITEM0006637,PO001899,PROD0156,77,96709.13,2026-10-04,2026-10-20,75,2
POITEM0006638,PO001899,PROD0243,52,31320.62,2026-10-04,2026-10-11,51,0
POITEM0006639,PO001900,PROD0006,77,37926.35,2026-09-26,2026-10-17,73,1
POITEM0006640,PO001900,PROD0246,32,107781.35,2026-09-26,2026-10-02,31,1
POITEM0006641,PO001901,PROD0068,32,35023.62,2026-09-17,2026-09-12,28,3
POITEM0006642,PO001901,PROD0249,77,55807.39,2026-09-17,2026-10-02,71,4
POITEM0006643,PO001901,PROD0001,16,4594.37,2026-09-17,2026-10-07,14,1
POITEM0006644,PO001902,PROD0207,8,87850.38,2026-09-15,2026-10-05,7,0
POITEM0006645,PO001902,PROD0204,88,109677.3,2026-09-15,2026-09-24,85,1
POITEM0006646,PO001902,PROD0216,21,99238.79,2026-09-15,2026-09-10,19,0
POITEM0006647,PO001903,PROD0222,81,118105.29,2026-09-18,2026-10-02,79,1
POITEM0006648,PO001903,PROD0250,28,112755.49,2026-09-18,2026-09-15,27,1
POITEM0006649,PO001904,PROD0006,38,46309.82,2026-09-15,2026-09-14,36,0
POITEM0006650,PO001905,PROD0171,69,147342.51,2026-10-05,2026-10-04,67,2
POITEM0006651,PO001906,PROD0195,89,23126.27,2026-09-14,2026-10-06,80,6
POITEM0006652,PO001907,PROD0033,68,22338.35,2026-10-07,2026-10-29,64,0
POITEM0006653,PO001907,PROD0207,89,90610.98,2026-10-07,2026-10-03,81,3
POITEM0006654,PO001907,PROD0233,8,2276.49,2026-10-07,2026-10-31,7,1
POITEM0006655,PO001907,PROD0015,39,91878.68,2026-10-07,2026-10-18,35,2
POITEM0006656,PO001907,PROD0078,91,68077.69,2026-10-07,2026-10-16,81,3
POITEM0006657,PO001908,PROD0092,77,131228.12,2026-10-07,2026-10-16,70,3
POITEM0006658,PO001908,PROD0114,76,36604.75,2026-10-07,2026-10-27,70,4
POITEM0006659,PO001908,PROD0194,96,51582.65,2026-10-07,2026-10-06,91,2
POITEM0006660,PO001908,PROD0212,92,13178.03,2026-10-07,2026-10-12,83,5
POITEM0006661,PO001908,PROD0125,31,36673.68,2026-10-07,2026-10-18,28,0
POITEM0006662,PO001909,PROD0220,21,46619.32,2026-10-10,2026-10-20,19,0
POITEM0006663,PO001909,PROD0022,87,146467.96,2026-10-10,2026-10-11,80,2
POITEM0006664,PO001909,PROD0138,56,3917.92,2026-10-10,2026-11-03,50,2
POITEM0006665,PO001910,PROD0151,13,38216.97,2026-10-06,2026-10-17,12,1
POITEM0006666,PO001910,PROD0091,24,14189.12,2026-10-06,2026-10-28,21,2
POITEM0006667,PO001911,PROD0166,54,125038.38,2026-09-27,2026-10-16,53,0
POITEM0006668,PO001911,PROD0120,44,128450.74,2026-09-27,2026-10-20,42,1
POITEM0006669,PO001911,PROD0176,76,92981.78,2026-09-27,2026-09-23,74,0
POITEM0006670,PO001912,PROD0240,66,15288.34,2026-10-17,2026-10-15,64,2
POITEM0006671,PO001913,PROD0187,43,62991.47,2026-09-16,2026-10-08,40,2
POITEM0006672,PO001913,PROD0219,34,22646.16,2026-09-16,2026-10-04,31,3
POITEM0006673,PO001913,PROD0213,50,3980.08,2026-09-16,2026-09-14,45,5
POITEM0006674,PO001913,PROD0159,44,96639.22,2026-09-16,2026-09-11,41,2
POITEM0006675,PO001914,PROD0142,92,152031.23,2026-10-03,2026-10-25,84,5
POITEM0006676,PO001914,PROD0073,95,69630.63,2026-10-03,2026-09-28,91,4
POITEM0006677,PO001914,PROD0150,74,159190.35,2026-10-03,2026-10-02,67,4
POITEM0006678,PO001914,PROD0190,37,85499.88,2026-10-03,2026-10-11,36,1
POITEM0006679,PO001914,PROD0030,6,67378.05,2026-10-03,2026-10-05,5,1
POITEM0006680,PO001915,PROD0114,53,35731.42,2026-10-08,2026-10-22,49,2
POITEM0006681,PO001916,PROD0201,90,7642.06,2026-10-17,2026-11-06,83,3
POITEM0006682,PO001916,PROD0091,48,13667.04,2026-10-17,2026-11-08,47,1
POITEM0006683,PO001916,PROD0154,66,54248.59,2026-10-17,2026-10-28,63,0
POITEM0006684,PO001917,PROD0130,97,110760.6,2026-10-02,2026-10-19,89,2
POITEM0006685,PO001918,PROD0040,58,159941.48,2026-09-28,2026-10-17,54,3
POITEM0006686,PO001918,PROD0115,81,124270.65,2026-09-28,2026-10-08,75,3
POITEM0006687,PO001918,PROD0113,35,108323.25,2026-09-28,2026-10-04,34,0
POITEM0006688,PO001918,PROD0199,48,94486.4,2026-09-28,2026-10-02,43,5
POITEM0006689,PO001918,PROD0085,16,40952.61,2026-09-28,2026-09-27,14,0
POITEM0006690,PO001918,PROD0077,66,115997.1,2026-09-28,2026-10-07,65,0
POITEM0006691,PO001919,PROD0189,32,44957.32,2026-09-19,2026-09-29,30,2
POITEM0006692,PO001919,PROD0151,61,49185.19,2026-09-19,2026-10-03,55,0
POITEM0006693,PO001919,PROD0208,3,46153.66,2026-09-19,2026-09-29,2,0
POITEM0006694,PO001920,PROD0073,37,85930.79,2026-09-18,2026-09-30,33,2
POITEM0006695,PO001920,PROD0224,73,39195.57,2026-09-18,2026-10-05,70,3
POITEM0006696,PO001920,PROD0085,60,44803.54,2026-09-18,2026-10-11,59,1
POITEM0006697,PO001920,PROD0229,93,60910.97,2026-09-18,2026-10-10,92,0
POITEM0006698,PO001920,PROD0094,56,101764.03,2026-09-18,2026-09-26,54,0
POITEM0006699,PO001920,PROD0154,26,51829.1,2026-09-18,2026-10-04,23,2
POITEM0006700,PO001921,PROD0169,20,66688.11,2026-10-18,2026-10-23,18,1
POITEM0006701,PO001921,PROD0217,76,58451.85,2026-10-18,2026-10-20,74,1
POITEM0006702,PO001921,PROD0126,4,40247.52,2026-10-18,2026-11-11,3,0
POITEM0006703,PO001921,PROD0031,100,66197.88,2026-10-18,2026-10-27,93,6
POITEM0006704,PO001922,PROD0068,3,34196.72,2026-10-11,2026-10-18,2,1
POITEM0006705,PO001922,PROD0160,16,17489.41,2026-10-11,2026-10-31,14,0
POITEM0006706,PO001922,PROD0188,100,96875.33,2026-10-11,2026-10-10,91,7
POITEM0006707,PO001922,PROD0203,19,87801.89,2026-10-11,2026-10-27,18,1
POITEM0006708,PO001923,PROD0093,37,140396.68,2026-09-15,2026-10-06,36,1
POITEM0006709,PO001923,PROD0051,15,159666.0,2026-09-15,2026-10-02,14,0
POITEM0006710,PO001923,PROD0207,36,94552.19,2026-09-15,2026-09-13,34,1
POITEM0006711,PO001923,PROD0017,82,110834.4,2026-09-15,2026-10-06,74,0
POITEM0006712,PO001924,PROD0087,37,116297.92,2026-09-18,2026-10-13,33,2
POITEM0006713,PO001925,PROD0143,38,147281.19,2026-10-07,2026-10-13,34,2
POITEM0006714,PO001925,PROD0062,80,82127.9,2026-10-07,2026-11-01,72,5
POITEM0006715,PO001925,PROD0203,47,95959.84,2026-10-07,2026-10-31,45,1
POITEM0006716,PO001926,PROD0246,55,91790.65,2026-10-07,2026-10-19,54,0
POITEM0006717,PO001926,PROD0032,27,29322.52,2026-10-07,2026-10-13,26,1
POITEM0006718,PO001927,PROD0249,72,61683.92,2026-10-02,2026-10-23,66,6
POITEM0006719,PO001927,PROD0221,79,92454.73,2026-10-02,2026-10-08,77,0
POITEM0006720,PO001927,PROD0196,39,80088.11,2026-10-02,2026-10-22,38,0
POITEM0006721,PO001927,PROD0107,4,13937.11,2026-10-02,2026-10-13,3,1
POITEM0006722,PO001927,PROD0131,98,105815.17,2026-10-02,2026-10-19,90,0
POITEM0006723,PO001927,PROD0014,38,114628.78,2026-10-02,2026-10-03,37,0
POITEM0006724,PO001928,PROD0023,88,42095.89,2026-10-04,2026-10-14,82,4
POITEM0006725,PO001928,PROD0095,42,54126.5,2026-10-04,2026-10-23,41,0
POITEM0006726,PO001928,PROD0234,12,21857.99,2026-10-04,2026-10-19,11,1
POITEM0006727,PO001928,PROD0085,75,48003.89,2026-10-04,2026-10-06,73,0
POITEM0006728,PO001929,PROD0143,100,169527.71,2026-09-14,2026-10-09,97,1
POITEM0006729,PO001929,PROD0099,9,117358.9,2026-09-14,2026-09-30,8,1
POITEM0006730,PO001929,PROD0228,5,101769.66,2026-09-14,2026-09-25,4,1
POITEM0006731,PO001929,PROD0012,83,23280.7,2026-09-14,2026-09-30,79,0
POITEM0006732,PO001930,PROD0009,48,42081.13,2026-10-18,2026-10-24,43,4
POITEM0006733,PO001931,PROD0153,12,147820.42,2026-10-19,2026-10-17,11,1
POITEM0006734,PO001931,PROD0021,27,149672.5,2026-10-19,2026-10-19,26,0
POITEM0006735,PO001932,PROD0104,7,155671.81,2026-10-12,2026-10-08,6,0
POITEM0006736,PO001932,PROD0073,88,71613.56,2026-10-12,2026-10-28,83,5
POITEM0006737,PO001933,PROD0182,74,58692.03,2026-09-30,2026-10-08,73,0
POITEM0006738,PO001933,PROD0056,64,42419.66,2026-09-30,2026-10-13,58,0
POITEM0006739,PO001934,PROD0233,86,2460.48,2026-10-17,2026-11-02,80,1
POITEM0006740,PO001934,PROD0001,70,4107.26,2026-10-17,2026-10-29,64,5
POITEM0006741,PO001935,PROD0133,9,77512.17,2026-10-06,2026-10-18,8,0
POITEM0006742,PO001935,PROD0044,68,43095.38,2026-10-06,2026-10-10,63,2
POITEM0006743,PO001935,PROD0242,58,87702.8,2026-10-06,2026-10-17,54,0
POITEM0006744,PO001935,PROD0168,97,89996.15,2026-10-06,2026-10-25,90,6
POITEM0006745,PO001936,PROD0111,35,73931.9,2026-10-02,2026-10-25,31,1
POITEM0006746,PO001936,PROD0104,95,118752.19,2026-10-02,2026-09-27,91,4
POITEM0006747,PO001936,PROD0064,30,74441.11,2026-10-02,2026-10-06,28,2
POITEM0006748,PO001936,PROD0192,90,6808.6,2026-10-02,2026-09-29,84,1
POITEM0006749,PO001937,PROD0048,52,91770.0,2026-10-12,2026-10-20,49,2
POITEM0006750,PO001937,PROD0191,62,4716.54,2026-10-12,2026-10-15,60,0
POITEM0006751,PO001937,PROD0197,94,101575.06,2026-10-12,2026-11-02,85,6
POITEM0006752,PO001938,PROD0071,33,112930.52,2026-10-13,2026-10-22,31,2
POITEM0006753,PO001938,PROD0218,72,30409.9,2026-10-13,2026-10-14,71,0
POITEM0006754,PO001938,PROD0008,98,113963.21,2026-10-13,2026-10-23,94,4
POITEM0006755,PO001939,PROD0105,84,95579.26,2026-09-18,2026-09-23,83,0
POITEM0006756,PO001939,PROD0062,88,112192.44,2026-09-18,2026-10-05,87,1
POITEM0006757,PO001939,PROD0114,57,32090.61,2026-09-18,2026-10-09,55,1
POITEM0006758,PO001939,PROD0153,35,122091.4,2026-09-18,2026-10-02,32,1
POITEM0006759,PO001940,PROD0100,85,143645.76,2026-09-29,2026-09-26,76,4
POITEM0006760,PO001940,PROD0135,33,36302.08,2026-09-29,2026-10-06,30,1
POITEM0006761,PO001940,PROD0115,73,125851.96,2026-09-29,2026-10-13,67,5
POITEM0006762,PO001941,PROD0064,42,79631.09,2026-09-21,2026-09-26,38,3
POITEM0006763,PO001941,PROD0024,52,17994.32,2026-09-21,2026-09-25,48,1
POITEM0006764,PO001941,PROD0208,26,53990.87,2026-09-21,2026-10-05,23,2
POITEM0006765,PO001942,PROD0242,20,62242.54,2026-09-16,2026-10-01,18,1
POITEM0006766,PO001943,PROD0195,73,19483.3,2026-10-20,2026-11-09,71,1
POITEM0006767,PO001943,PROD0003,35,56915.27,2026-10-20,2026-11-08,32,3
POITEM0006768,PO001943,PROD0217,50,66298.73,2026-10-20,2026-10-28,48,2
POITEM0006769,PO001943,PROD0143,67,132507.81,2026-10-20,2026-10-17,63,0
POITEM0006770,PO001943,PROD0241,85,78190.53,2026-10-20,2026-11-01,77,2
POITEM0006771,PO001944,PROD0148,19,124758.32,2026-09-14,2026-09-16,17,2
POITEM0006772,PO001944,PROD0201,99,8637.62,2026-09-14,2026-09-29,89,10
POITEM0006773,PO001945,PROD0035,24,130958.26,2026-09-28,2026-10-21,22,0
POITEM0006774,PO001945,PROD0069,29,5473.86,2026-09-28,2026-10-07,26,1
POITEM0006775,PO001945,PROD0099,30,161619.73,2026-09-28,2026-10-08,27,2
POITEM0006776,PO001945,PROD0144,7,61777.64,2026-09-28,2026-10-05,6,0
POITEM0006777,PO001945,PROD0126,27,41040.44,2026-09-28,2026-10-09,25,1
POITEM0006778,PO001945,PROD0036,63,45606.08,2026-09-28,2026-10-22,62,1
POITEM0006779,PO001946,PROD0227,32,87089.34,2026-10-15,2026-10-11,31,1
POITEM0006780,PO001946,PROD0134,43,74845.48,2026-10-15,2026-10-20,42,1
POITEM0006781,PO001946,PROD0247,88,110376.68,2026-10-15,2026-11-04,87,1
POITEM0006782,PO001946,PROD0084,87,138948.05,2026-10-15,2026-11-03,82,3
POITEM0006783,PO001946,PROD0127,85,168165.82,2026-10-15,2026-10-22,83,2
POITEM0006784,PO001946,PROD0129,86,165353.05,2026-10-15,2026-11-08,80,6
POITEM0006785,PO001947,PROD0212,65,13870.77,2026-10-09,2026-10-16,59,4
POITEM0006786,PO001947,PROD0206,87,156367.71,2026-10-09,2026-10-04,79,0
POITEM0006787,PO001947,PROD0118,46,110762.47,2026-10-09,2026-10-14,45,0
POITEM0006788,PO001948,PROD0034,84,46065.45,2026-10-03,2026-10-11,80,2
POITEM0006789,PO001948,PROD0235,82,7605.71,2026-10-03,2026-10-06,74,4
POITEM0006790,PO001948,PROD0102,28,12463.31,2026-10-03,2026-10-28,26,1
POITEM0006791,PO001948,PROD0164,29,71952.79,2026-10-03,2026-10-03,28,1
POITEM0006792,PO001948,PROD0192,5,7059.65,2026-10-03,2026-10-09,4,1
POITEM0006793,PO001948,PROD0123,14,13077.88,2026-10-03,2026-10-06,13,1
POITEM0006794,PO001949,PROD0050,33,48112.04,2026-10-06,2026-10-06,30,0
POITEM0006795,PO001949,PROD0226,8,94984.51,2026-10-06,2026-10-10,7,0
POITEM0006796,PO001949,PROD0065,12,16806.36,2026-10-06,2026-10-22,11,1
POITEM0006797,PO001950,PROD0065,48,13880.59,2026-10-06,2026-10-05,47,0
POITEM0006798,PO001950,PROD0117,32,55126.05,2026-10-06,2026-10-11,31,0
POITEM0006799,PO001950,PROD0184,81,15253.13,2026-10-06,2026-10-19,80,0
POITEM0006800,PO001950,PROD0026,74,72173.94,2026-10-06,2026-10-17,73,1
POITEM0006801,PO001951,PROD0242,48,80295.31,2026-09-19,2026-10-04,46,0
POITEM0006802,PO001951,PROD0169,31,52161.01,2026-09-19,2026-09-21,28,2
POITEM0006803,PO001951,PROD0006,71,43583.61,2026-09-19,2026-09-24,66,0
POITEM0006804,PO001951,PROD0206,70,157374.56,2026-09-19,2026-09-16,64,5
POITEM0006805,PO001951,PROD0088,34,193934.69,2026-09-19,2026-09-20,30,1
POITEM0006806,PO001951,PROD0105,24,107546.25,2026-09-19,2026-10-06,23,1
POITEM0006807,PO001952,PROD0106,63,1367.39,2026-10-05,2026-10-21,60,0
POITEM0006808,PO001952,PROD0182,100,48887.12,2026-10-05,2026-10-08,93,2
POITEM0006809,PO001952,PROD0053,27,21614.88,2026-10-05,2026-10-06,24,0
POITEM0006810,PO001952,PROD0048,1,93890.8,2026-10-05,2026-10-12,0,0
POITEM0006811,PO001953,PROD0205,63,121469.18,2026-09-22,2026-09-18,59,0
POITEM0006812,PO001953,PROD0130,47,104974.38,2026-09-22,2026-09-21,43,1
POITEM0006813,PO001953,PROD0158,78,116914.86,2026-09-22,2026-09-19,75,2
POITEM0006814,PO001953,PROD0249,45,63354.92,2026-09-22,2026-10-01,41,2
POITEM0006815,PO001953,PROD0020,75,90074.81,2026-09-22,2026-10-13,69,6
POITEM0006816,PO001953,PROD0189,53,37090.64,2026-09-22,2026-09-28,49,4
POITEM0006817,PO001954,PROD0006,3,38346.33,2026-10-15,2026-11-01,2,0
POITEM0006818,PO001954,PROD0086,45,112096.82,2026-10-15,2026-10-29,41,4
POITEM0006819,PO001954,PROD0217,55,59935.29,2026-10-15,2026-10-13,49,0
POITEM0006820,PO001954,PROD0034,38,57033.31,2026-10-15,2026-10-16,36,1
POITEM0006821,PO001954,PROD0122,65,84416.95,2026-10-15,2026-11-05,63,0
POITEM0006822,PO001955,PROD0080,1,22059.65,2026-09-20,2026-10-05,0,1
POITEM0006823,PO001956,PROD0188,47,85883.47,2026-10-13,2026-10-11,45,0
POITEM0006824,PO001956,PROD0230,6,41479.7,2026-10-13,2026-10-21,5,0
POITEM0006825,PO001956,PROD0190,2,80357.68,2026-10-13,2026-10-27,1,0
POITEM0006826,PO001956,PROD0185,18,95962.17,2026-10-13,2026-10-11,17,1
POITEM0006827,PO001957,PROD0151,26,44848.31,2026-10-19,2026-11-09,23,3
POITEM0006828,PO001957,PROD0117,15,56338.11,2026-10-19,2026-10-23,14,1
POITEM0006829,PO001957,PROD0074,31,40938.1,2026-10-19,2026-11-13,29,0
POITEM0006830,PO001957,PROD0087,6,146422.05,2026-10-19,2026-10-23,5,0
POITEM0006831,PO001957,PROD0206,11,130702.08,2026-10-19,2026-11-02,10,0
POITEM0006832,PO001958,PROD0073,23,87242.44,2026-10-06,2026-10-14,20,3
POITEM0006833,PO001958,PROD0064,53,84316.32,2026-10-06,2026-10-12,50,3
POITEM0006834,PO001958,PROD0205,6,106139.28,2026-10-06,2026-10-06,5,0
POITEM0006835,PO001958,PROD0023,26,43859.96,2026-10-06,2026-10-13,24,0
POITEM0006836,PO001959,PROD0248,3,7991.36,2026-10-09,2026-10-17,2,0
POITEM0006837,PO001959,PROD0092,33,150633.41,2026-10-09,2026-10-18,32,1
POITEM0006838,PO001959,PROD0087,43,149930.38,2026-10-09,2026-10-14,42,0
POITEM0006839,PO001959,PROD0131,54,116589.51,2026-10-09,2026-10-18,51,1
POITEM0006840,PO001960,PROD0173,31,114584.57,2026-10-06,2026-10-13,28,3
POITEM0006841,PO001961,PROD0015,1,84372.37,2026-10-09,2026-10-04,0,1
POITEM0006842,PO001961,PROD0037,96,93445.88,2026-10-09,2026-10-31,89,6
POITEM0006843,PO001961,PROD0117,71,52531.45,2026-10-09,2026-10-19,66,0
POITEM0006844,PO001961,PROD0186,55,5671.96,2026-10-09,2026-10-22,54,0
POITEM0006845,PO001961,PROD0081,41,49610.28,2026-10-09,2026-10-18,39,0
POITEM0006846,PO001961,PROD0029,99,1162.71,2026-10-09,2026-10-06,89,2
POITEM0006847,PO001962,PROD0179,67,110141.58,2026-10-09,2026-10-06,65,1
POITEM0006848,PO001963,PROD0223,24,88117.18,2026-10-04,2026-10-06,21,2
POITEM0006849,PO001963,PROD0177,25,109159.62,2026-10-04,2026-10-17,24,0
POITEM0006850,PO001963,PROD0154,98,54252.4,2026-10-04,2026-10-21,93,1
POITEM0006851,PO001963,PROD0052,3,37353.18,2026-10-04,2026-10-19,2,1
POITEM0006852,PO001964,PROD0136,75,125378.89,2026-09-22,2026-10-09,73,1
POITEM0006853,PO001964,PROD0073,11,90337.17,2026-09-22,2026-10-14,10,1
POITEM0006854,PO001964,PROD0188,43,84146.8,2026-09-22,2026-10-02,42,0
POITEM0006855,PO001965,PROD0149,14,176405.14,2026-09-23,2026-10-10,12,2
POITEM0006856,PO001965,PROD0076,30,22842.97,2026-09-23,2026-09-19,29,0
POITEM0006857,PO001965,PROD0049,35,7510.75,2026-09-23,2026-09-23,34,1
POITEM0006858,PO001965,PROD0038,88,106064.6,2026-09-23,2026-09-26,80,6
POITEM0006859,PO001966,PROD0136,43,95624.11,2026-09-19,2026-10-07,39,0
POITEM0006860,PO001966,PROD0201,74,7454.4,2026-09-19,2026-09-14,70,1
POITEM0006861,PO001966,PROD0086,93,111965.06,2026-09-19,2026-09-15,92,1
POITEM0006862,PO001966,PROD0161,9,94744.73,2026-09-19,2026-10-11,8,0
POITEM0006863,PO001966,PROD0238,42,111778.53,2026-09-19,2026-10-06,40,1
POITEM0006864,PO001966,PROD0176,70,79575.34,2026-09-19,2026-09-30,63,0
POITEM0006865,PO001967,PROD0026,29,54549.18,2026-09-23,2026-09-24,26,2
POITEM0006866,PO001967,PROD0013,51,124207.73,2026-09-23,2026-10-12,49,1
POITEM0006867,PO001967,PROD0156,93,77879.32,2026-09-23,2026-09-25,92,0
POITEM0006868,PO001968,PROD0052,41,43984.55,2026-10-07,2026-10-17,40,1
POITEM0006869,PO001968,PROD0196,90,96070.3,2026-10-07,2026-10-11,83,3
POITEM0006870,PO001968,PROD0061,60,58208.22,2026-10-07,2026-10-24,55,0
POITEM0006871,PO001968,PROD0002,1,111969.77,2026-10-07,2026-10-20,0,1
POITEM0006872,PO001969,PROD0104,99,160473.48,2026-10-18,2026-10-21,93,1
POITEM0006873,PO001970,PROD0238,83,121781.37,2026-10-20,2026-10-19,75,1
POITEM0006874,PO001970,PROD0115,60,92547.47,2026-10-20,2026-10-15,58,2
POITEM0006875,PO001970,PROD0009,35,35089.68,2026-10-20,2026-10-29,34,0
POITEM0006876,PO001970,PROD0164,15,69154.43,2026-10-20,2026-11-10,14,0
POITEM0006877,PO001971,PROD0181,80,139118.39,2026-10-05,,78,2
POITEM0006878,PO001971,PROD0180,88,140503.43,2026-10-05,2026-10-26,87,0
POITEM0006879,PO001971,PROD0224,28,40764.05,2026-10-05,2026-10-29,27,1
POITEM0006880,PO001972,PROD0115,83,97309.91,2026-10-10,2026-10-31,75,8
POITEM0006881,PO001973,PROD0098,59,137624.48,2026-10-20,2026-10-27,57,2
POITEM0006882,PO001973,PROD0136,57,112662.94,2026-10-20,2026-10-26,56,0
POITEM0006883,PO001973,PROD0028,46,147442.87,2026-10-20,2026-11-03,42,0
POITEM0006884,PO001974,PROD0244,89,80086.12,2026-09-13,2026-10-02,80,9
POITEM0006885,PO001974,PROD0190,31,107224.74,2026-09-13,2026-09-08,28,0
POITEM0006886,PO001974,PROD0061,8,57995.5,2026-09-13,2026-09-29,7,1
POITEM0006887,PO001974,PROD0248,93,6331.06,2026-09-13,2026-09-19,87,6
POITEM0006888,PO001975,PROD0022,71,124634.49,2026-10-03,2026-10-04,65,1
POITEM0006889,PO001975,PROD0199,92,86444.36,2026-10-03,2026-10-18,87,0
POITEM0006890,PO001975,PROD0097,63,127347.16,2026-10-03,2026-10-16,60,1
POITEM0006891,PO001975,PROD0156,49,100885.98,2026-10-03,2026-10-07,47,2
POITEM0006892,PO001975,PROD0197,64,130047.31,2026-10-03,2026-09-28,61,2
POITEM0006893,PO001976,PROD0077,81,106759.29,2026-09-19,2026-09-23,78,2
POITEM0006894,PO001976,PROD0012,20,21303.65,2026-09-19,2026-10-07,19,1
POITEM0006895,PO001976,PROD0099,74,154515.82,2026-09-19,2026-09-20,68,6
POITEM0006896,PO001976,PROD0090,48,42068.93,2026-09-19,2026-09-28,43,0
POITEM0006897,PO001976,PROD0181,85,125087.02,2026-09-19,2026-09-29,77,6
POITEM0006898,PO001976,PROD0184,48,16487.62,2026-09-19,2026-09-14,46,2
POITEM0006899,PO001977,PROD0101,2,113243.91,2026-10-16,2026-10-26,1,1
POITEM0006900,PO001977,PROD0047,55,96092.48,2026-10-16,2026-10-15,53,2
POITEM0006901,PO001977,PROD0223,93,90361.89,2026-10-16,2026-10-16,89,3
POITEM0006902,PO001978,PROD0149,85,127727.77,2026-10-01,2026-10-22,78,2
POITEM0006903,PO001979,PROD0007,81,64100.69,2026-09-26,2026-10-12,78,3
POITEM0006904,PO001979,PROD0195,95,17391.56,2026-09-26,2026-10-17,87,1
POITEM0006905,PO001979,PROD0033,16,16835.21,2026-09-26,2026-10-08,14,1
POITEM0006906,PO001979,PROD0239,66,66952.18,2026-09-26,2026-10-18,62,0
POITEM0006907,PO001980,PROD0031,29,69658.6,2026-09-19,2026-09-27,27,0
POITEM0006908,PO001980,PROD0007,76,125067.97,2026-09-19,2026-10-04,73,0
POITEM0006909,PO001980,PROD0156,76,75259.1,2026-09-19,2026-09-22,68,0
POITEM0006910,PO001980,PROD0227,72,99935.1,2026-09-19,2026-09-16,65,7
POITEM0006911,PO001980,PROD0241,7,67102.81,2026-09-19,2026-09-15,6,0
POITEM0006912,PO001980,PROD0202,18,87831.5,2026-09-19,2026-09-29,17,1
POITEM0006913,PO001981,PROD0044,86,56265.28,2026-10-14,2026-10-30,85,1
POITEM0006914,PO001981,PROD0136,60,109949.67,2026-10-14,2026-11-04,56,3
POITEM0006915,PO001981,PROD0007,64,59690.32,2026-10-14,2026-11-03,58,0
POITEM0006916,PO001981,PROD0089,11,71961.19,2026-10-14,2026-10-17,10,1
POITEM0006917,PO001981,PROD0238,18,94560.78,2026-10-14,2026-10-31,16,1
POITEM0006918,PO001981,PROD0217,65,59723.78,2026-10-14,2026-10-13,64,0
POITEM0006919,PO001982,PROD0145,43,2613.66,2026-09-19,2026-09-27,42,1
POITEM0006920,PO001983,PROD0112,63,103709.9,2026-09-26,2026-10-05,59,1
POITEM0006921,PO001983,PROD0008,82,111070.87,2026-09-26,2026-10-01,75,5
POITEM0006922,PO001983,PROD0247,50,86462.93,2026-09-26,2026-10-13,49,0
POITEM0006923,PO001984,PROD0210,16,50657.48,2026-09-15,2026-09-16,14,1
POITEM0006924,PO001984,PROD0043,52,67930.5,2026-09-15,2026-09-17,49,3
POITEM0006925,PO001984,PROD0039,37,50486.99,2026-09-15,2026-10-03,34,1
POITEM0006926,PO001984,PROD0010,46,10494.43,2026-09-15,2026-09-11,43,0
POITEM0006927,PO001984,PROD0091,64,13475.27,2026-09-15,2026-09-21,59,0
POITEM0006928,PO001985,PROD0120,93,113094.92,2026-09-13,2026-09-24,87,3
POITEM0006929,PO001985,PROD0192,82,7084.95,2026-09-13,2026-09-23,76,1
POITEM0006930,PO001985,PROD0069,47,7458.18,2026-09-13,2026-09-25,46,0
POITEM0006931,PO001985,PROD0226,71,136265.38,2026-09-13,2026-09-12,69,2
POITEM0006932,PO001986,PROD0126,94,40848.98,2026-10-19,2026-10-29,92,1
POITEM0006933,PO001987,PROD0116,31,31393.2,2026-10-01,2026-10-07,29,2
POITEM0006934,PO001987,PROD0242,80,88536.34,2026-10-01,2026-10-17,78,2
POITEM0006935,PO001987,PROD0073,43,94912.44,2026-10-01,2026-10-16,42,1
POITEM0006936,PO001987,PROD0128,28,70827.63,2026-10-01,2026-10-13,27,0
POITEM0006937,PO001987,PROD0156,48,96450.22,2026-10-01,2026-10-08,45,3
POITEM0006938,PO001988,PROD0046,45,6866.09,2026-10-14,2026-10-13,44,0
POITEM0006939,PO001989,PROD0157,26,166767.73,2026-09-18,2026-09-14,25,1
POITEM0006940,PO001990,PROD0110,16,23523.32,2026-10-15,2026-10-14,14,1
POITEM0006941,PO001990,PROD0164,63,95244.66,2026-10-15,2026-10-13,60,0
POITEM0006942,PO001990,PROD0148,73,140543.8,2026-10-15,2026-10-23,66,3
POITEM0006943,PO001991,PROD0095,87,60178.4,2026-09-17,2026-09-13,85,0
POITEM0006944,PO001991,PROD0062,81,111563.31,2026-09-17,2026-09-14,78,1
POITEM0006945,PO001992,PROD0123,83,14091.03,2026-10-16,2026-10-23,77,4
POITEM0006946,PO001992,PROD0143,17,117122.06,2026-10-16,2026-10-27,16,1
POITEM0006947,PO001992,PROD0056,48,32198.94,2026-10-16,2026-10-18,46,0
POITEM0006948,PO001992,PROD0011,43,45781.39,2026-10-16,2026-11-06,40,2
POITEM0006949,PO001992,PROD0083,23,169323.15,2026-10-16,2026-10-24,20,1
POITEM0006950,PO001993,PROD0035,77,163981.94,2026-09-21,2026-10-07,69,4
POITEM0006951,PO001994,PROD0245,16,51773.66,2026-09-22,2026-09-20,15,0
POITEM0006952,PO001994,PROD0126,72,32098.23,2026-09-22,2026-09-22,70,1
POITEM0006953,PO001994,PROD0065,76,14477.39,2026-09-22,2026-10-14,68,3
POITEM0006954,PO001994,PROD0123,38,12249.67,2026-09-22,2026-10-10,36,1
POITEM0006955,PO001994,PROD0130,16,111039.52,2026-09-22,2026-10-01,15,0
POITEM0006956,PO001995,PROD0250,75,100662.63,2026-09-21,2026-09-23,73,0
POITEM0006957,PO001995,PROD0043,57,81668.59,2026-09-21,2026-10-06,52,3
POITEM0006958,PO001995,PROD0205,66,119314.55,2026-09-21,2026-09-29,63,2
POITEM0006959,PO001995,PROD0033,2,20663.13,2026-09-21,2026-10-11,1,0
POITEM0006960,PO001995,PROD0036,73,60087.86,2026-09-21,2026-10-06,67,2
POITEM0006961,PO001996,PROD0185,98,106782.42,2026-10-10,2026-10-25,93,5
POITEM0006962,PO001996,PROD0208,8,54273.46,2026-10-10,2026-10-15,7,1
POITEM0006963,PO001996,PROD0217,62,61539.0,2026-10-10,2026-10-27,60,2
POITEM0006964,PO001996,PROD0113,64,110817.2,2026-10-10,2026-10-28,57,7
POITEM0006965,PO001996,PROD0096,100,56046.33,2026-10-10,2026-11-01,90,9
POITEM0006966,PO001996,PROD0215,11,156558.91,2026-10-10,2026-10-19,10,1
POITEM0006967,PO001997,PROD0019,17,114939.44,2026-09-29,2026-10-15,16,1
POITEM0006968,PO001997,PROD0235,28,8519.29,2026-09-29,2026-10-03,26,2
POITEM0006969,PO001998,PROD0053,65,24826.51,2026-09-24,2026-10-18,61,0
POITEM0006970,PO001998,PROD0090,9,40428.65,2026-09-24,2026-10-11,8,1
POITEM0006971,PO001998,PROD0064,64,78725.87,2026-09-24,2026-09-30,60,0
POITEM0006972,PO001999,PROD0037,7,70720.66,2026-10-14,2026-10-28,6,1
POITEM0006973,PO001999,PROD0231,66,52897.85,2026-10-14,2026-10-10,62,1
POITEM0006974,PO001999,PROD0248,49,8321.81,2026-10-14,2026-10-27,46,2
POITEM0006975,PO001999,PROD0118,58,119581.57,2026-10-14,2026-10-29,57,1
POITEM0006976,PO001999,PROD0041,54,173922.2,2026-10-14,2026-10-14,49,4
POITEM0006977,PO002000,PROD0051,13,216708.62,2026-10-13,2026-10-21,12,1
POITEM0006978,PO002000,PROD0052,59,35972.39,2026-10-13,2026-10-08,55,4
POITEM0006979,PO002000,PROD0148,69,134563.2,2026-10-13,2026-10-18,62,5
POITEM0006980,PO002001,PROD0103,74,27883.01,2026-10-01,2026-10-20,72,1
POITEM0006981,PO002002,PROD0199,75,115680.54,2026-10-10,2026-10-25,73,1
POITEM0006982,PO002002,PROD0237,35,121575.62,2026-10-10,2026-10-30,31,0
POITEM0006983,PO002003,PROD0202,92,99223.03,2026-10-08,2026-10-05,85,0
POITEM0006984,PO002004,PROD0038,100,102823.18,2026-09-28,2026-10-16,99,1
POITEM0006985,PO002004,PROD0220,34,40772.27,2026-09-28,2026-10-12,31,1
POITEM0006986,PO002004,PROD0125,45,48049.31,2026-09-28,2026-10-01,44,0
POITEM0006987,PO002005,PROD0236,1,5489.61,2026-09-16,2026-09-14,0,0
POITEM0006988,PO002006,PROD0140,79,26814.28,2026-10-08,2026-10-31,75,4
POITEM0006989,PO002006,PROD0225,83,174162.38,2026-10-08,2026-10-06,82,0
POITEM0006990,PO002006,PROD0164,20,74286.26,2026-10-08,2026-10-27,18,2
POITEM0006991,PO002006,PROD0158,76,92133.13,2026-10-08,2026-10-10,72,2
POITEM0006992,PO002006,PROD0107,58,13097.31,2026-10-08,2026-11-02,54,2
POITEM0006993,PO002007,PROD0136,65,95318.04,2026-09-16,2026-10-09,61,0
POITEM0006994,PO002007,PROD0079,13,121682.9,2026-09-16,2026-09-13,12,1
POITEM0006995,PO002008,PROD0128,48,55123.51,2026-10-11,2026-10-18,44,0
POITEM0006996,PO002008,PROD0010,83,13944.09,2026-10-11,2026-10-08,80,3
POITEM0006997,PO002008,PROD0219,37,22080.76,2026-10-11,2026-11-01,33,1
POITEM0006998,PO002008,PROD0049,50,8881.83,2026-10-11,2026-10-11,46,2
POITEM0006999,PO002008,PROD0077,43,119889.12,2026-10-11,2026-11-04,40,2
POITEM0007000,PO002008,PROD0118,37,110699.98,2026-10-11,2026-10-19,34,1
POITEM0007001,PO002009,PROD0234,23,20114.1,2026-09-20,2026-10-15,22,0
POITEM0007002,PO002010,PROD0088,33,72484.64,2026-09-21,2026-10-11,31,1
POITEM0007003,PO002010,PROD0182,80,43817.41,2026-09-21,2026-10-08,75,5
POITEM0007004,PO002011,PROD0037,32,93760.33,2026-10-04,2026-10-17,29,2
POITEM0007005,PO002011,PROD0170,1,53944.95,2026-10-04,2026-10-14,0,0
POITEM0007006,PO002012,PROD0064,36,98397.89,2026-09-16,2026-09-23,35,1
POITEM0007007,PO002012,PROD0171,8,108233.53,2026-09-16,2026-10-10,7,1
POITEM0007008,PO002012,PROD0076,34,26438.72,2026-09-16,2026-09-26,31,0
POITEM0007009,PO002012,PROD0059,93,37435.26,2026-09-16,2026-10-02,88,0
POITEM0007010,PO002013,PROD0013,74,171887.03,2026-10-17,2026-10-28,69,0
POITEM0007011,PO002013,PROD0204,7,111361.44,2026-10-17,2026-10-26,6,1
POITEM0007012,PO002013,PROD0203,14,97433.99,2026-10-17,2026-10-24,12,0
POITEM0007013,PO002013,PROD0064,44,84305.56,2026-10-17,2026-10-16,41,0
POITEM0007014,PO002014,PROD0162,11,149985.77,2026-10-06,2026-10-24,10,0
POITEM0007015,PO002014,PROD0196,1,92536.04,2026-10-06,2026-10-30,0,0
POITEM0007016,PO002014,PROD0189,22,45613.2,2026-10-06,2026-10-10,21,0
POITEM0007017,PO002015,PROD0087,66,107152.79,2026-09-28,2026-09-24,62,4
POITEM0007018,PO002015,PROD0103,44,28211.51,2026-09-28,2026-10-06,40,2
POITEM0007019,PO002015,PROD0018,86,30722.33,2026-09-28,2026-10-19,79,1
POITEM0007020,PO002015,PROD0099,68,159284.77,2026-09-28,2026-10-16,63,2
POITEM0007021,PO002016,PROD0032,87,32780.35,2026-10-16,2026-10-17,83,3
POITEM0007022,PO002016,PROD0050,51,38662.98,2026-10-16,2026-10-22,47,0
POITEM0007023,PO002016,PROD0056,18,36989.98,2026-10-16,2026-10-27,16,1
POITEM0007024,PO002017,PROD0205,56,115472.2,2026-10-01,2026-10-18,53,2
POITEM0007025,PO002017,PROD0236,71,6680.99,2026-10-01,2026-09-29,68,3
POITEM0007026,PO002017,PROD0018,83,27311.85,2026-10-01,2026-10-15,75,1
POITEM0007027,PO002017,PROD0085,86,44747.85,2026-10-01,2026-10-07,84,2
POITEM0007028,PO002017,PROD0232,61,108334.72,2026-10-01,2026-10-13,57,1
POITEM0007029,PO002018,PROD0016,39,137193.72,2026-09-30,2026-10-13,37,0
POITEM0007030,PO002018,PROD0181,22,148704.92,2026-09-30,2026-09-27,19,0
POITEM0007031,PO002018,PROD0085,83,44137.99,2026-09-30,2026-10-16,75,1
POITEM0007032,PO002018,PROD0046,84,5839.41,2026-09-30,2026-10-04,82,0
POITEM0007033,PO002018,PROD0189,74,44365.03,2026-09-30,2026-10-13,67,4
POITEM0007034,PO002019,PROD0029,11,1420.81,2026-09-30,2026-10-01,10,1
POITEM0007035,PO002019,PROD0075,89,112158.47,2026-09-30,2026-10-17,83,3
POITEM0007036,PO002019,PROD0073,74,70985.69,2026-09-30,2026-10-13,73,0
POITEM0007037,PO002019,PROD0002,75,101508.6,2026-09-30,2026-09-28,73,1
POITEM0007038,PO002019,PROD0193,22,121783.53,2026-09-30,2026-10-08,20,1
POITEM0007039,PO002020,PROD0002,16,118820.06,2026-10-09,2026-10-30,15,0
POITEM0007040,PO002020,PROD0232,91,103044.85,2026-10-09,2026-10-04,83,1
POITEM0007041,PO002021,PROD0078,7,60555.8,2026-09-25,2026-10-09,6,1
POITEM0007042,PO002021,PROD0228,90,95011.08,2026-09-25,2026-09-29,84,3
POITEM0007043,PO002021,PROD0011,80,50574.65,2026-09-25,2026-10-06,74,4
POITEM0007044,PO002021,PROD0039,67,67878.91,2026-09-25,2026-10-02,61,3
POITEM0007045,PO002022,PROD0160,10,15933.89,2026-10-15,2026-11-01,9,0
POITEM0007046,PO002022,PROD0077,60,118553.17,2026-10-15,2026-10-15,59,0
POITEM0007047,PO002022,PROD0140,32,31383.21,2026-10-15,2026-10-31,30,1
POITEM0007048,PO002023,PROD0228,78,95826.51,2026-09-19,2026-10-14,76,0
POITEM0007049,PO002023,PROD0172,54,148807.42,2026-09-19,2026-09-23,53,1
POITEM0007050,PO002023,PROD0084,89,132747.11,2026-09-19,2026-10-04,88,0
POITEM0007051,PO002023,PROD0244,41,59426.67,2026-09-19,2026-09-20,37,1
POITEM0007052,PO002024,PROD0030,13,67891.49,2026-10-01,2026-10-02,12,0
POITEM0007053,PO002024,PROD0144,67,64323.64,2026-10-01,2026-10-06,66,0
POITEM0007054,PO002024,PROD0168,28,122430.86,2026-10-01,2026-09-29,26,1
POITEM0007055,PO002024,PROD0007,52,65041.45,2026-10-01,2026-10-22,50,2
POITEM0007056,PO002024,PROD0229,99,63397.04,2026-10-01,2026-10-01,97,0
POITEM0007057,PO002024,PROD0025,38,38409.6,2026-10-01,2026-10-01,36,2
POITEM0007058,PO002025,PROD0240,2,15715.85,2026-09-30,2026-10-18,1,0
POITEM0007059,PO002025,PROD0184,19,13489.93,2026-09-30,2026-10-23,17,2
POITEM0007060,PO002025,PROD0250,95,109042.3,2026-09-30,2026-10-24,90,2
POITEM0007061,PO002026,PROD0045,11,51600.44,2026-10-08,2026-10-23,10,0
POITEM0007062,PO002026,PROD0242,100,70912.23,2026-10-08,2026-10-08,98,0
POITEM0007063,PO002026,PROD0101,18,99784.53,2026-10-08,2026-10-13,17,0
POITEM0007064,PO002026,PROD0123,97,13902.93,2026-10-08,2026-10-31,89,4
POITEM0007065,PO002027,PROD0062,55,105545.5,2026-09-27,2026-10-06,50,0
POITEM0007066,PO002027,PROD0138,58,4500.35,2026-09-27,2026-10-07,56,1
POITEM0007067,PO002028,PROD0080,99,19187.73,2026-09-27,2026-09-26,95,4
POITEM0007068,PO002029,PROD0051,97,148654.97,2026-10-02,2026-10-14,89,7
POITEM0007069,PO002029,PROD0167,82,100324.2,2026-10-02,2026-10-19,77,3
POITEM0007070,PO002029,PROD0163,91,23835.02,2026-10-02,2026-10-09,87,3
POITEM0007071,PO002029,PROD0240,39,15693.99,2026-10-02,2026-09-28,38,1
POITEM0007072,PO002029,PROD0170,63,50865.88,2026-10-02,2026-10-24,60,1
POITEM0007073,PO002029,PROD0152,10,67355.67,2026-10-02,2026-09-28,9,1
POITEM0007074,PO002030,PROD0087,7,147428.41,2026-09-26,2026-09-21,6,0
POITEM0007075,PO002030,PROD0046,28,6636.7,2026-09-26,2026-10-13,26,0
POITEM0007076,PO002030,PROD0204,48,89660.64,2026-09-26,2026-10-18,45,0
POITEM0007077,PO002030,PROD0075,3,96660.83,2026-09-26,2026-10-13,2,1
POITEM0007078,PO002030,PROD0216,19,108636.75,2026-09-26,2026-09-30,18,1
POITEM0007079,PO002030,PROD0177,18,134283.38,2026-09-26,2026-10-02,17,1
POITEM0007080,PO002031,PROD0111,38,77155.47,2026-09-18,2026-10-11,37,0
POITEM0007081,PO002031,PROD0089,56,94333.89,2026-09-18,2026-10-06,54,2
POITEM0007082,PO002032,PROD0152,56,56790.26,2026-09-27,,53,1
POITEM0007083,PO002032,PROD0172,75,109970.79,2026-09-27,2026-10-09,71,2
POITEM0007084,PO002032,PROD0054,90,66735.96,2026-09-27,2026-09-27,85,1
POITEM0007085,PO002032,PROD0046,72,6245.7,2026-09-27,2026-10-13,67,0
POITEM0007086,PO002032,PROD0125,71,41823.32,2026-09-27,2026-09-27,70,0
POITEM0007087,PO002033,PROD0166,81,99296.37,2026-10-04,2026-10-04,79,1
POITEM0007088,PO002033,PROD0050,71,38448.47,2026-10-04,2026-10-19,64,6
POITEM0007089,PO002033,PROD0249,67,51992.02,2026-10-04,,65,1
POITEM0007090,PO002033,PROD0172,95,123000.56,2026-10-04,2026-10-28,93,0
POITEM0007091,PO002034,PROD0047,30,96951.41,2026-10-19,2026-10-25,27,3
POITEM0007092,PO002034,PROD0167,99,118877.59,2026-10-19,2026-11-03,90,3
POITEM0007093,PO002034,PROD0225,11,166975.66,2026-10-19,2026-10-30,10,1
POITEM0007094,PO002035,PROD0061,55,54577.78,2026-10-18,2026-11-03,53,2
POITEM0007095,PO002035,PROD0019,76,164916.97,2026-10-18,2026-10-18,71,5
POITEM0007096,PO002035,PROD0211,11,77880.14,2026-10-18,2026-11-02,10,0
POITEM0007097,PO002035,PROD0021,41,142076.17,2026-10-18,2026-10-20,39,1
POITEM0007098,PO002035,PROD0186,91,5087.68,2026-10-18,2026-10-27,84,0
POITEM0007099,PO002036,PROD0002,84,86206.77,2026-09-28,2026-09-23,78,3
POITEM0007100,PO002036,PROD0209,62,111121.63,2026-09-28,2026-10-04,59,0
POITEM0007101,PO002036,PROD0121,93,123128.33,2026-09-28,2026-10-10,83,8
POITEM0007102,PO002037,PROD0145,74,2577.36,2026-09-18,2026-10-02,70,4
POITEM0007103,PO002037,PROD0073,52,93440.78,2026-09-18,2026-09-19,49,2
POITEM0007104,PO002037,PROD0169,59,57630.84,2026-09-18,2026-09-25,55,4
POITEM0007105,PO002038,PROD0181,99,127845.79,2026-09-21,2026-09-18,89,3
POITEM0007106,PO002038,PROD0246,70,93660.13,2026-09-21,2026-10-15,63,0
POITEM0007107,PO002038,PROD0107,42,16385.34,2026-09-21,2026-10-15,39,2
POITEM0007108,PO002038,PROD0033,10,19214.06,2026-09-21,2026-10-05,9,1
POITEM0007109,PO002039,PROD0072,21,3163.45,2026-09-20,2026-10-13,20,1
POITEM0007110,PO002039,PROD0190,75,82104.51,2026-09-20,2026-09-25,70,2
POITEM0007111,PO002039,PROD0092,13,147432.39,2026-09-20,2026-09-21,11,0
POITEM0007112,PO002039,PROD0192,91,5651.92,2026-09-20,2026-09-16,84,5
POITEM0007113,PO002039,PROD0044,79,54974.56,2026-09-20,2026-09-17,77,1
POITEM0007114,PO002040,PROD0025,27,37075.12,2026-10-14,2026-10-30,25,2
POITEM0007115,PO002040,PROD0149,46,176677.95,2026-10-14,2026-10-12,45,0
POITEM0007116,PO002040,PROD0106,4,1830.16,2026-10-14,2026-10-28,3,1
POITEM0007117,PO002041,PROD0080,30,18937.57,2026-10-18,2026-11-09,29,1
POITEM0007118,PO002041,PROD0088,30,88871.83,2026-10-18,2026-10-25,27,2
POITEM0007119,PO002041,PROD0028,94,112955.96,2026-10-18,2026-11-01,92,0
POITEM0007120,PO002041,PROD0173,43,155770.07,2026-10-18,2026-11-05,40,0
POITEM0007121,PO002042,PROD0017,64,145458.62,2026-10-01,2026-10-24,61,1
POITEM0007122,PO002042,PROD0126,19,42995.27,2026-10-01,2026-10-03,17,1
POITEM0007123,PO002042,PROD0061,18,49451.31,2026-10-01,2026-10-09,16,2
POITEM0007124,PO002043,PROD0216,60,107864.24,2026-10-06,2026-10-28,57,0
POITEM0007125,PO002043,PROD0129,91,119396.65,2026-10-06,2026-10-07,90,0
POITEM0007126,PO002043,PROD0202,28,75575.52,2026-10-06,2026-10-21,25,0
POITEM0007127,PO002043,PROD0208,18,51456.84,2026-10-06,2026-10-17,17,0
POITEM0007128,PO002044,PROD0017,68,123696.63,2026-09-26,2026-10-17,66,2
POITEM0007129,PO002044,PROD0228,84,96998.32,2026-09-26,2026-10-14,80,4
POITEM0007130,PO002044,PROD0203,97,92460.28,2026-09-26,2026-09-28,87,5
POITEM0007131,PO002044,PROD0224,40,45353.77,2026-09-26,2026-10-12,39,1
POITEM0007132,PO002045,PROD0175,16,65771.53,2026-09-29,2026-09-26,15,0
POITEM0007133,PO002045,PROD0219,57,28742.45,2026-09-29,2026-10-17,53,2
POITEM0007134,PO002045,PROD0192,75,5889.34,2026-09-29,2026-10-07,74,0
POITEM0007135,PO002045,PROD0082,97,15907.37,2026-09-29,2026-10-21,87,7
POITEM0007136,PO002045,PROD0225,28,170988.68,2026-09-29,2026-09-26,27,0
POITEM0007137,PO002045,PROD0036,40,50433.3,2026-09-29,2026-10-13,38,0
POITEM0007138,PO002046,PROD0027,3,145340.55,2026-10-16,2026-10-28,2,1
POITEM0007139,PO002046,PROD0230,21,35598.76,2026-10-16,2026-10-18,18,0
POITEM0007140,PO002047,PROD0188,75,84853.24,2026-10-09,2026-11-01,73,1
POITEM0007141,PO002047,PROD0197,87,139589.18,2026-10-09,2026-10-30,86,0
POITEM0007142,PO002047,PROD0086,4,119018.69,2026-10-09,2026-10-11,3,0
POITEM0007143,PO002047,PROD0201,66,8065.57,2026-10-09,2026-10-29,64,0
POITEM0007144,PO002048,PROD0181,39,152995.0,2026-09-25,2026-10-07,37,1
POITEM0007145,PO002048,PROD0107,92,13548.81,2026-09-25,2026-09-22,91,0
POITEM0007146,PO002049,PROD0034,9,52343.4,2026-09-19,2026-09-30,8,0
POITEM0007147,PO002050,PROD0020,4,89190.03,2026-10-05,2026-10-17,3,0
POITEM0007148,PO002050,PROD0181,58,124736.76,2026-10-05,2026-10-01,57,0
POITEM0007149,PO002050,PROD0065,67,13170.53,2026-10-05,2026-10-08,61,3
POITEM0007150,PO002051,PROD0109,82,869.52,2026-09-13,2026-09-25,79,3
POITEM0007151,PO002052,PROD0115,24,132093.19,2026-10-20,2026-11-08,23,0
POITEM0007152,PO002052,PROD0165,37,161382.28,2026-10-20,2026-11-02,33,4
POITEM0007153,PO002052,PROD0203,74,71280.17,2026-10-20,2026-10-30,70,0
POITEM0007154,PO002052,PROD0162,27,143477.43,2026-10-20,2026-11-05,26,0
POITEM0007155,PO002052,PROD0050,3,46842.95,2026-10-20,2026-10-23,2,0
POITEM0007156,PO002053,PROD0080,27,19718.38,2026-10-18,2026-10-22,25,1
POITEM0007157,PO002053,PROD0171,17,127554.65,2026-10-18,2026-10-16,15,0
POITEM0007158,PO002053,PROD0127,53,158511.8,2026-10-18,2026-10-24,50,0
POITEM0007159,PO002053,PROD0066,6,128906.86,2026-10-18,2026-11-07,5,0
POITEM0007160,PO002053,PROD0055,38,126672.85,2026-10-18,2026-11-08,36,1
POITEM0007161,PO002053,PROD0186,1,5400.49,2026-10-18,2026-10-15,0,0
POITEM0007162,PO002054,PROD0075,47,94214.67,2026-09-19,2026-09-24,43,3
POITEM0007163,PO002054,PROD0029,74,1150.55,2026-09-19,2026-09-23,67,2
POITEM0007164,PO002054,PROD0052,7,37921.53,2026-09-19,2026-10-07,6,1
POITEM0007165,PO002054,PROD0032,98,36802.62,2026-09-19,2026-09-18,96,2
POITEM0007166,PO002054,PROD0061,88,56931.98,2026-09-19,2026-09-18,83,5
POITEM0007167,PO002054,PROD0087,30,143954.0,2026-09-19,2026-10-03,28,1
POITEM0007168,PO002055,PROD0194,17,61159.22,2026-10-19,2026-11-04,16,0
POITEM0007169,PO002055,PROD0221,63,83838.16,2026-10-19,2026-10-26,61,0
POITEM0007170,PO002055,PROD0178,91,89720.86,2026-10-19,2026-10-30,84,7
POITEM0007171,PO002055,PROD0119,92,91598.9,2026-10-19,2026-10-31,86,6
POITEM0007172,PO002056,PROD0126,57,34552.45,2026-10-20,2026-11-13,54,2
POITEM0007173,PO002056,PROD0109,9,1004.09,2026-10-20,2026-10-21,8,1
POITEM0007174,PO002056,PROD0122,60,84931.28,2026-10-20,2026-11-05,59,0
POITEM0007175,PO002056,PROD0189,17,46821.42,2026-10-20,2026-11-09,15,0
POITEM0007176,PO002057,PROD0138,29,4434.84,2026-09-27,2026-10-11,28,1
POITEM0007177,PO002057,PROD0022,83,154548.74,2026-09-27,2026-10-12,76,2
POITEM0007178,PO002057,PROD0137,6,43762.64,2026-09-27,2026-09-30,5,1
POITEM0007179,PO002057,PROD0249,29,59158.01,2026-09-27,2026-09-23,28,1
POITEM0007180,PO002057,PROD0147,47,69760.16,2026-09-27,2026-09-25,46,1
POITEM0007181,PO002058,PROD0088,53,80310.28,2026-09-22,2026-10-16,50,0
POITEM0007182,PO002058,PROD0190,83,79736.71,2026-09-22,2026-10-10,80,3
POITEM0007183,PO002058,PROD0129,93,152925.24,2026-09-22,2026-09-24,84,4
POITEM0007184,PO002059,PROD0138,72,4195.54,2026-09-16,2026-10-09,67,5
POITEM0007185,PO002060,PROD0128,75,53101.49,2026-10-13,2026-10-29,70,3
POITEM0007186,PO002061,PROD0187,32,64839.39,2026-10-07,2026-10-22,30,2
POITEM0007187,PO002061,PROD0174,14,137506.52,2026-10-07,2026-10-13,13,1
POITEM0007188,PO002061,PROD0011,41,50485.48,2026-10-07,2026-10-18,39,1
POITEM0007189,PO002062,PROD0050,70,35968.69,2026-10-16,2026-10-31,69,1
POITEM0007190,PO002062,PROD0233,31,2538.63,2026-10-16,2026-11-01,28,3
POITEM0007191,PO002062,PROD0146,93,163977.32,2026-10-16,2026-10-15,85,0
POITEM0007192,PO002062,PROD0028,47,139671.41,2026-10-16,2026-11-08,44,2
POITEM0007193,PO002062,PROD0197,40,117593.98,2026-10-16,2026-10-30,39,0
POITEM0007194,PO002063,PROD0150,58,131158.17,2026-09-30,2026-09-27,52,5
POITEM0007195,PO002063,PROD0047,73,112389.65,2026-09-30,2026-10-05,72,1
POITEM0007196,PO002064,PROD0242,53,79870.4,2026-10-14,2026-10-16,50,2
POITEM0007197,PO002065,PROD0230,7,33032.69,2026-10-05,2026-10-23,6,1
POITEM0007198,PO002065,PROD0117,82,43021.46,2026-10-05,2026-10-02,74,5
POITEM0007199,PO002065,PROD0003,26,50289.19,2026-10-05,2026-10-14,23,2
POITEM0007200,PO002065,PROD0036,24,41416.02,2026-10-05,2026-10-01,22,2
POITEM0007201,PO002066,PROD0092,45,121791.12,2026-10-10,2026-10-28,41,2
POITEM0007202,PO002066,PROD0175,97,67598.86,2026-10-10,2026-10-12,89,5
POITEM0007203,PO002066,PROD0167,35,118826.16,2026-10-10,2026-10-14,34,0
POITEM0007204,PO002067,PROD0195,91,19740.17,2026-10-06,2026-10-19,86,5
POITEM0007205,PO002067,PROD0241,53,63688.13,2026-10-06,2026-10-15,48,3
POITEM0007206,PO002067,PROD0236,90,5913.77,2026-10-06,2026-10-31,85,4
POITEM0007207,PO002067,PROD0133,68,99202.72,2026-10-06,2026-10-18,65,1
POITEM0007208,PO002068,PROD0184,14,14285.09,2026-10-06,2026-10-25,12,0
POITEM0007209,PO002068,PROD0230,95,43278.45,2026-10-06,2026-10-02,88,7
POITEM0007210,PO002068,PROD0187,100,79987.22,2026-10-06,2026-10-05,95,5
POITEM0007211,PO002068,PROD0035,86,162017.02,2026-10-06,2026-10-01,85,1
POITEM0007212,PO002068,PROD0250,3,114428.85,2026-10-06,2026-10-25,2,1
POITEM0007213,PO002068,PROD0205,64,114889.64,2026-10-06,2026-10-25,59,0
POITEM0007214,PO002069,PROD0201,23,9607.35,2026-09-19,2026-09-23,21,1
POITEM0007215,PO002070,PROD0177,57,107912.14,2026-10-21,2026-10-27,53,3
POITEM0007216,PO002071,PROD0178,13,87856.73,2026-09-29,2026-10-24,12,0
POITEM0007217,PO002071,PROD0004,89,82022.47,2026-09-29,2026-10-03,83,4
POITEM0007218,PO002071,PROD0229,55,55353.88,2026-09-29,2026-10-07,54,1
POITEM0007219,PO002071,PROD0242,11,82398.35,2026-09-29,2026-10-10,10,1
POITEM0007220,PO002071,PROD0072,33,2578.11,2026-09-29,2026-10-24,32,1
POITEM0007221,PO002072,PROD0246,17,96496.02,2026-10-13,2026-11-01,15,1
POITEM0007222,PO002072,PROD0111,39,74100.68,2026-10-13,2026-11-03,36,3
POITEM0007223,PO002073,PROD0179,34,95321.17,2026-10-13,2026-10-26,33,1
POITEM0007224,PO002074,PROD0022,16,116905.35,2026-09-22,2026-10-03,15,1
POITEM0007225,PO002074,PROD0030,60,79025.05,2026-09-22,2026-10-11,55,0
POITEM0007226,PO002074,PROD0207,30,83579.8,2026-09-22,2026-09-24,27,1
POITEM0007227,PO002074,PROD0005,42,158412.63,2026-09-22,2026-10-01,39,0
POITEM0007228,PO002075,PROD0074,4,36998.45,2026-09-20,2026-09-29,3,0
POITEM0007229,PO002075,PROD0169,18,65088.5,2026-09-20,2026-09-24,17,1
POITEM0007230,PO002075,PROD0076,85,28686.11,2026-09-20,2026-09-28,79,6
POITEM0007231,PO002075,PROD0058,68,120126.59,2026-09-20,2026-10-03,66,2
POITEM0007232,PO002075,PROD0202,62,95781.27,2026-09-20,2026-10-06,56,2
POITEM0007233,PO002075,PROD0194,77,54305.84,2026-09-20,2026-10-10,75,2
POITEM0007234,PO002076,PROD0194,28,55318.36,2026-09-30,2026-10-15,26,0
POITEM0007235,PO002077,PROD0205,66,110523.9,2026-09-14,2026-09-12,63,3
POITEM0007236,PO002077,PROD0246,57,115512.71,2026-09-14,2026-09-28,54,1
POITEM0007237,PO002077,PROD0059,34,33342.71,2026-09-14,2026-09-21,31,1
POITEM0007238,PO002078,PROD0120,68,110446.92,2026-10-06,2026-10-04,64,0
POITEM0007239,PO002078,PROD0006,88,40010.38,2026-10-06,2026-10-07,81,0
POITEM0007240,PO002078,PROD0073,12,86711.31,2026-10-06,2026-10-17,11,1
POITEM0007241,PO002079,PROD0063,11,90658.77,2026-09-25,2026-10-16,10,1
POITEM0007242,PO002079,PROD0035,46,176263.62,2026-09-25,2026-10-12,43,3
POITEM0007243,PO002079,PROD0064,48,92821.96,2026-09-25,2026-09-23,45,0
POITEM0007244,PO002080,PROD0119,77,113792.07,2026-09-30,2026-09-27,75,1
POITEM0007245,PO002080,PROD0095,8,56883.49,2026-09-30,2026-09-25,7,0
POITEM0007246,PO002081,PROD0062,59,116296.46,2026-10-21,2026-10-24,56,1
POITEM0007247,PO002081,PROD0232,94,107446.15,2026-10-21,2026-11-11,88,1
POITEM0007248,PO002081,PROD0195,46,22081.94,2026-10-21,2026-11-13,44,1
POITEM0007249,PO002082,PROD0121,89,90892.53,2026-09-30,2026-10-05,80,3
POITEM0007250,PO002082,PROD0076,49,29469.59,2026-09-30,2026-09-29,45,2
POITEM0007251,PO002082,PROD0008,12,119010.02,2026-09-30,2026-10-23,11,0
POITEM0007252,PO002082,PROD0249,27,60477.27,2026-09-30,2026-09-28,24,0
POITEM0007253,PO002082,PROD0209,44,110259.42,2026-09-30,2026-10-03,40,0
POITEM0007254,PO002082,PROD0204,82,91169.09,2026-09-30,2026-09-27,78,0
POITEM0007255,PO002083,PROD0215,18,131883.04,2026-09-18,2026-09-13,16,1
POITEM0007256,PO002083,PROD0236,2,5442.14,2026-09-18,2026-09-28,1,0
POITEM0007257,PO002083,PROD0231,32,66491.38,2026-09-18,2026-10-06,30,1
POITEM0007258,PO002083,PROD0007,84,73751.02,2026-09-18,2026-10-01,82,0
POITEM0007259,PO002083,PROD0164,7,82045.97,2026-09-18,2026-10-08,6,0
POITEM0007260,PO002084,PROD0224,10,38995.8,2026-09-24,2026-10-10,9,1
POITEM0007261,PO002084,PROD0033,34,17326.21,2026-09-24,2026-09-24,33,1
POITEM0007262,PO002084,PROD0046,57,4973.47,2026-09-24,2026-10-09,55,0
POITEM0007263,PO002085,PROD0194,86,48141.03,2026-09-14,2026-09-13,84,1
POITEM0007264,PO002085,PROD0094,100,92311.63,2026-09-14,2026-09-22,96,0
POITEM0007265,PO002085,PROD0209,16,124666.95,2026-09-14,2026-10-05,14,1
POITEM0007266,PO002085,PROD0052,14,39905.81,2026-09-14,2026-10-09,13,1
POITEM0007267,PO002085,PROD0144,86,48166.39,2026-09-14,2026-10-03,85,1
POITEM0007268,PO002085,PROD0068,35,30686.37,2026-09-14,2026-10-02,34,0
POITEM0007269,PO002086,PROD0203,36,81429.25,2026-10-06,2026-10-28,34,1
POITEM0007270,PO002086,PROD0180,41,142973.52,2026-10-06,2026-10-07,38,3
POITEM0007271,PO002086,PROD0022,98,143008.93,2026-10-06,2026-10-25,88,5
POITEM0007272,PO002086,PROD0137,69,38535.97,2026-10-06,2026-10-05,66,3
POITEM0007273,PO002087,PROD0033,8,20539.33,2026-09-25,2026-10-07,7,0
POITEM0007274,PO002087,PROD0185,35,78741.38,2026-09-25,2026-10-17,33,2
POITEM0007275,PO002087,PROD0165,75,130570.26,2026-09-25,2026-10-16,71,2
POITEM0007276,PO002087,PROD0160,5,17572.71,2026-09-25,2026-09-25,4,0
POITEM0007277,PO002087,PROD0095,18,44993.2,2026-09-25,2026-09-26,17,1
POITEM0007278,PO002088,PROD0095,66,52891.55,2026-10-01,2026-09-27,64,2
POITEM0007279,PO002088,PROD0152,27,52391.4,2026-10-01,2026-10-26,26,1
POITEM0007280,PO002088,PROD0059,83,33740.39,2026-10-01,2026-10-01,78,4
POITEM0007281,PO002088,PROD0212,67,10161.52,2026-10-01,2026-09-26,61,2
POITEM0007282,PO002088,PROD0090,4,32239.6,2026-10-01,2026-10-25,3,1
POITEM0007283,PO002089,PROD0012,92,21597.87,2026-10-09,2026-10-25,89,0
POITEM0007284,PO002089,PROD0224,75,36241.37,2026-10-09,2026-10-25,72,3
POITEM0007285,PO002089,PROD0128,28,53493.68,2026-10-09,,27,1
POITEM0007286,PO002090,PROD0234,24,21405.79,2026-10-01,2026-10-04,22,2
POITEM0007287,PO002090,PROD0034,90,55564.79,2026-10-01,2026-10-11,81,7
POITEM0007288,PO002090,PROD0092,63,164568.5,2026-10-01,2026-10-11,59,2
POITEM0007289,PO002091,PROD0200,73,11182.47,2026-10-05,2026-10-12,68,2
POITEM0007290,PO002091,PROD0233,76,1988.34,2026-10-05,2026-10-07,71,0
POITEM0007291,PO002091,PROD0071,40,113660.6,2026-10-05,2026-10-13,37,2
POITEM0007292,PO002092,PROD0013,56,139948.24,2026-09-23,2026-09-18,51,3
POITEM0007293,PO002093,PROD0137,50,39992.99,2026-10-17,2026-10-21,45,4
POITEM0007294,PO002093,PROD0224,56,49338.81,2026-10-17,2026-10-16,51,5
POITEM0007295,PO002093,PROD0131,86,129753.33,2026-10-17,2026-10-26,80,2
POITEM0007296,PO002093,PROD0237,47,120683.75,2026-10-17,2026-11-06,45,0
POITEM0007297,PO002093,PROD0035,64,146081.59,2026-10-17,2026-10-26,60,4
POITEM0007298,PO002094,PROD0202,72,86699.54,2026-10-01,2026-10-07,68,2
POITEM0007299,PO002094,PROD0227,84,80817.69,2026-10-01,2026-10-21,80,3
POITEM0007300,PO002095,PROD0150,13,143040.46,2026-09-26,2026-09-25,11,0
POITEM0007301,PO002096,PROD0227,33,86221.8,2026-10-16,2026-10-11,29,3
POITEM0007302,PO002097,PROD0221,33,76210.81,2026-10-20,2026-11-09,31,1
POITEM0007303,PO002097,PROD0093,94,161611.15,2026-10-20,2026-10-21,92,2
POITEM0007304,PO002098,PROD0012,8,21305.94,2026-09-19,2026-10-02,7,0
POITEM0007305,PO002098,PROD0024,19,17977.68,2026-09-19,2026-10-10,17,2
POITEM0007306,PO002098,PROD0194,96,62540.37,2026-09-19,2026-09-22,93,3
POITEM0007307,PO002098,PROD0112,4,125755.0,2026-09-19,2026-09-28,3,0
POITEM0007308,PO002099,PROD0244,14,61009.64,2026-10-04,2026-10-21,13,1
POITEM0007309,PO002099,PROD0035,38,158165.15,2026-10-04,2026-10-05,37,0
POITEM0007310,PO002099,PROD0093,88,117901.13,2026-10-04,2026-10-11,84,0
POITEM0007311,PO002099,PROD0172,28,130969.46,2026-10-04,2026-10-03,25,2
POITEM0007312,PO002100,PROD0167,30,110377.46,2026-10-02,2026-10-20,28,2
POITEM0007313,PO002101,PROD0199,77,86602.76,2026-10-12,2026-10-23,71,4
POITEM0007314,PO002101,PROD0150,34,141548.31,2026-10-12,2026-11-06,32,1
POITEM0007315,PO002101,PROD0077,20,123701.48,2026-10-12,2026-10-21,18,2
POITEM0007316,PO002101,PROD0064,74,76927.86,2026-10-12,2026-10-18,73,0
POITEM0007317,PO002101,PROD0173,88,157969.1,2026-10-12,2026-11-05,79,3
POITEM0007318,PO002101,PROD0163,55,24438.32,2026-10-12,2026-10-09,50,3
POITEM0007319,PO002102,PROD0234,34,15066.79,2026-09-29,2026-10-04,31,2
POITEM0007320,PO002102,PROD0068,78,26873.3,2026-09-29,2026-10-16,76,2
POITEM0007321,PO002102,PROD0146,46,157952.28,2026-09-29,2026-10-16,45,1
POITEM0007322,PO002102,PROD0107,59,17371.46,2026-09-29,2026-10-17,55,4
POITEM0007323,PO002102,PROD0186,15,6198.8,2026-09-29,2026-09-29,14,1
POITEM0007324,PO002103,PROD0050,37,47481.94,2026-09-15,2026-10-01,36,0
POITEM0007325,PO002103,PROD0186,57,6724.39,2026-09-15,2026-10-03,51,0
POITEM0007326,PO002103,PROD0028,68,146156.67,2026-09-15,2026-09-17,66,0
POITEM0007327,PO002103,PROD0127,19,179779.39,2026-09-15,2026-10-09,17,2
POITEM0007328,PO002103,PROD0182,36,53383.53,2026-09-15,2026-10-08,34,0
POITEM0007329,PO002103,PROD0224,21,39916.38,2026-09-15,2026-09-16,20,0
POITEM0007330,PO002104,PROD0221,61,78557.51,2026-10-09,2026-10-16,56,0
POITEM0007331,PO002104,PROD0171,60,124654.01,2026-10-09,2026-10-17,57,2
POITEM0007332,PO002104,PROD0235,91,7203.9,2026-10-09,2026-10-04,86,5
POITEM0007333,PO002104,PROD0034,36,49158.63,2026-10-09,2026-10-05,32,2
POITEM0007334,PO002105,PROD0237,11,111514.15,2026-09-14,2026-09-14,10,1
POITEM0007335,PO002105,PROD0100,30,126688.58,2026-09-14,2026-09-25,29,0
POITEM0007336,PO002105,PROD0087,16,112511.38,2026-09-14,2026-10-09,14,0
POITEM0007337,PO002105,PROD0170,45,50713.31,2026-09-14,2026-09-09,41,1
POITEM0007338,PO002105,PROD0094,91,116909.33,2026-09-14,2026-10-06,88,1
POITEM0007339,PO002105,PROD0026,69,62886.03,2026-09-14,2026-10-01,64,4
POITEM0007340,PO002106,PROD0010,100,12331.59,2026-10-16,2026-10-31,90,4
POITEM0007341,PO002106,PROD0123,87,12686.24,2026-10-16,2026-10-31,79,5
POITEM0007342,PO002107,PROD0092,68,156112.58,2026-09-18,2026-10-05,64,1
POITEM0007343,PO002107,PROD0044,57,38612.47,2026-09-18,2026-10-07,55,1
POITEM0007344,PO002107,PROD0204,63,97513.64,2026-09-18,2026-09-28,59,2
POITEM0007345,PO002107,PROD0243,24,24385.72,2026-09-18,2026-09-19,22,2
POITEM0007346,PO002107,PROD0239,27,88379.79,2026-09-18,2026-09-23,24,2
POITEM0007347,PO002108,PROD0234,30,16861.74,2026-09-23,2026-10-14,27,3
POITEM0007348,PO002108,PROD0193,25,117165.82,2026-09-23,2026-10-11,23,0
POITEM0007349,PO002109,PROD0113,99,115168.58,2026-10-02,2026-10-20,98,0
POITEM0007350,PO002109,PROD0134,11,68818.92,2026-10-02,2026-10-23,10,1
POITEM0007351,PO002109,PROD0247,16,105284.19,2026-10-02,2026-09-28,15,0
POITEM0007352,PO002109,PROD0056,18,37243.87,2026-10-02,2026-10-09,16,0
POITEM0007353,PO002109,PROD0156,63,87348.96,2026-10-02,2026-10-11,59,1
POITEM0007354,PO002109,PROD0108,9,116307.25,2026-10-02,2026-10-05,8,0
POITEM0007355,PO002110,PROD0161,73,83392.82,2026-09-18,2026-10-04,66,6
POITEM0007356,PO002110,PROD0065,44,16542.14,2026-09-18,2026-09-19,41,3
POITEM0007357,PO002110,PROD0245,9,71391.38,2026-09-18,2026-09-24,8,1
POITEM0007358,PO002110,PROD0179,61,111708.17,2026-09-18,2026-09-20,58,0
POITEM0007359,PO002110,PROD0134,4,88291.27,2026-09-18,2026-09-24,3,0
POITEM0007360,PO002110,PROD0099,1,125911.96,2026-09-18,2026-09-30,0,0
POITEM0007361,PO002111,PROD0143,59,164183.04,2026-10-13,2026-10-15,58,0
POITEM0007362,PO002112,PROD0208,27,60497.8,2026-10-08,2026-10-29,26,0
POITEM0007363,PO002112,PROD0146,60,118697.68,2026-10-08,2026-10-17,54,6
POITEM0007364,PO002112,PROD0093,30,122786.83,2026-10-08,2026-10-06,28,0
POITEM0007365,PO002112,PROD0014,79,143298.44,2026-10-08,2026-10-18,78,0
POITEM0007366,PO002112,PROD0122,36,78870.04,2026-10-08,2026-11-02,34,0
POITEM0007367,PO002112,PROD0160,95,17848.64,2026-10-08,2026-10-12,89,4
POITEM0007368,PO002113,PROD0014,21,108072.99,2026-09-28,2026-10-14,19,2
POITEM0007369,PO002113,PROD0229,59,63018.08,2026-09-28,2026-10-14,56,2
POITEM0007370,PO002113,PROD0197,78,118463.62,2026-09-28,2026-10-13,70,0
POITEM0007371,PO002114,PROD0039,1,68128.99,2026-10-03,2026-10-17,0,0
POITEM0007372,PO002114,PROD0106,61,1536.98,2026-10-03,2026-10-02,60,0
POITEM0007373,PO002114,PROD0140,4,24312.96,2026-10-03,2026-10-15,3,1
POITEM0007374,PO002114,PROD0184,11,16645.32,2026-10-03,2026-10-25,10,0
POITEM0007375,PO002114,PROD0005,97,159246.64,2026-10-03,2026-10-01,89,8
POITEM0007376,PO002115,PROD0217,24,53006.86,2026-10-03,2026-10-05,22,2
POITEM0007377,PO002115,PROD0193,83,114605.7,2026-10-03,2026-10-20,80,2
POITEM0007378,PO002115,PROD0250,73,103916.6,2026-10-03,2026-10-11,72,0
POITEM0007379,PO002115,PROD0072,17,3008.63,2026-10-03,2026-10-05,15,0
POITEM0007380,PO002115,PROD0089,10,93013.74,2026-10-03,2026-10-24,9,1
POITEM0007381,PO002116,PROD0233,93,2523.03,2026-10-17,2026-10-26,91,1
POITEM0007382,PO002116,PROD0200,15,13919.01,2026-10-17,2026-10-26,14,1
POITEM0007383,PO002116,PROD0229,58,69591.2,2026-10-17,2026-11-06,53,4
POITEM0007384,PO002116,PROD0160,4,13537.99,2026-10-17,2026-10-18,3,0
POITEM0007385,PO002116,PROD0133,26,81689.65,2026-10-17,2026-10-12,23,0
POITEM0007386,PO002117,PROD0222,37,91159.01,2026-10-21,2026-11-15,35,0
POITEM0007387,PO002117,PROD0001,60,4786.5,2026-10-21,2026-10-26,58,0
POITEM0007388,PO002117,PROD0227,22,83203.54,2026-10-21,2026-11-15,20,2
POITEM0007389,PO002117,PROD0155,36,25834.32,2026-10-21,2026-10-19,34,0
POITEM0007390,PO002118,PROD0013,57,138409.53,2026-10-04,2026-10-15,56,1
POITEM0007391,PO002119,PROD0167,63,128057.16,2026-10-08,2026-10-13,62,1
POITEM0007392,PO002119,PROD0090,88,44283.12,2026-10-08,2026-10-20,83,2
POITEM0007393,PO002119,PROD0133,1,92168.41,2026-10-08,2026-10-21,0,1
POITEM0007394,PO002119,PROD0180,74,134725.88,2026-10-08,2026-10-27,73,0
POITEM0007395,PO002120,PROD0086,80,112552.63,2026-09-25,2026-10-16,79,1
POITEM0007396,PO002120,PROD0012,23,24009.9,2026-09-25,2026-10-18,22,0
POITEM0007397,PO002120,PROD0076,51,29623.59,2026-09-25,2026-10-03,49,2
POITEM0007398,PO002121,PROD0174,58,134300.65,2026-10-04,2026-10-04,56,2
POITEM0007399,PO002121,PROD0101,55,116586.54,2026-10-04,2026-10-29,50,2
POITEM0007400,PO002121,PROD0033,14,19878.19,2026-10-04,2026-10-16,13,0
POITEM0007401,PO002122,PROD0197,6,143919.57,2026-10-02,2026-10-06,5,0
POITEM0007402,PO002122,PROD0177,84,112737.64,2026-10-02,2026-10-14,78,2
POITEM0007403,PO002122,PROD0035,98,157217.96,2026-10-02,2026-10-18,88,5
POITEM0007404,PO002123,PROD0175,89,83768.33,2026-09-24,2026-09-27,88,1
POITEM0007405,PO002124,PROD0028,50,153675.71,2026-09-19,2026-09-22,45,5
POITEM0007406,PO002124,PROD0125,25,49711.91,2026-09-19,2026-10-13,24,1
POITEM0007407,PO002125,PROD0223,37,90634.5,2026-09-21,2026-09-19,33,3
POITEM0007408,PO002125,PROD0052,92,33075.96,2026-09-21,2026-10-10,90,1
POITEM0007409,PO002125,PROD0220,58,32295.25,2026-09-21,2026-09-24,53,0
POITEM0007410,PO002125,PROD0147,57,74115.38,2026-09-21,2026-10-03,54,3
POITEM0007411,PO002125,PROD0232,73,132245.13,2026-09-21,2026-10-02,71,2
POITEM0007412,PO002126,PROD0230,58,32403.3,2026-10-08,2026-10-11,57,0
POITEM0007413,PO002126,PROD0214,97,135854.3,2026-10-08,2026-10-05,92,0
POITEM0007414,PO002126,PROD0243,51,28870.34,2026-10-08,2026-10-23,46,3
POITEM0007415,PO002126,PROD0093,59,167556.63,2026-10-08,2026-10-23,55,1
POITEM0007416,PO002126,PROD0137,55,36832.34,2026-10-08,2026-10-12,54,0
POITEM0007417,PO002126,PROD0081,65,55554.8,2026-10-08,2026-10-17,63,2
POITEM0007418,PO002127,PROD0168,58,111733.91,2026-09-20,2026-10-02,57,1
POITEM0007419,PO002127,PROD0149,28,124780.37,2026-09-20,2026-09-29,25,3
POITEM0007420,PO002128,PROD0019,21,138963.75,2026-10-13,2026-10-16,19,2
POITEM0007421,PO002129,PROD0225,15,162193.19,2026-10-17,2026-10-25,14,1
POITEM0007422,PO002129,PROD0216,46,100152.06,2026-10-17,2026-11-02,41,5
POITEM0007423,PO002130,PROD0134,32,84125.5,2026-10-04,2026-10-28,31,1
POITEM0007424,PO002130,PROD0038,70,106328.11,2026-10-04,2026-09-29,66,2
POITEM0007425,PO002130,PROD0238,57,99357.07,2026-10-04,2026-09-29,54,2
POITEM0007426,PO002130,PROD0229,6,53854.2,2026-10-04,2026-10-14,5,0
POITEM0007427,PO002130,PROD0067,50,53373.59,2026-10-04,2026-10-10,49,0
POITEM0007428,PO002131,PROD0215,75,125731.26,2026-10-15,2026-10-15,73,1
POITEM0007429,PO002131,PROD0115,90,116373.82,2026-10-15,2026-11-07,89,0
POITEM0007430,PO002131,PROD0096,97,52936.95,2026-10-15,2026-10-11,90,3
POITEM0007431,PO002131,PROD0101,86,116076.55,2026-10-15,2026-11-09,77,2
POITEM0007432,PO002131,PROD0202,61,72138.25,2026-10-15,2026-11-09,55,1
POITEM0007433,PO002132,PROD0199,19,110973.21,2026-10-12,2026-10-18,17,1
POITEM0007434,PO002132,PROD0128,62,70515.39,2026-10-12,2026-10-12,58,0
POITEM0007435,PO002132,PROD0031,20,53370.33,2026-10-12,2026-11-03,18,0
POITEM0007436,PO002133,PROD0007,71,56977.94,2026-09-16,2026-10-05,68,2
POITEM0007437,PO002134,PROD0169,45,60560.37,2026-10-04,2026-10-24,42,0
POITEM0007438,PO002134,PROD0130,48,82036.53,2026-10-04,2026-10-06,46,0
POITEM0007439,PO002134,PROD0221,91,97828.11,2026-10-04,2026-10-08,88,1
POITEM0007440,PO002134,PROD0148,44,171389.4,2026-10-04,2026-10-23,40,3
POITEM0007441,PO002135,PROD0006,93,45170.84,2026-10-01,2026-10-23,86,0
POITEM0007442,PO002135,PROD0002,43,81685.28,2026-10-01,2026-10-25,42,1
POITEM0007443,PO002135,PROD0149,69,343021.54,2026-10-01,2026-10-02,66,3
POITEM0007444,PO002135,PROD0139,84,91294.29,2026-10-01,2026-10-15,77,0
POITEM0007445,PO002136,PROD0245,35,62028.08,2026-09-15,2026-09-12,34,0
POITEM0007446,PO002136,PROD0053,82,19852.45,2026-09-15,2026-09-22,80,1
POITEM0007447,PO002136,PROD0008,84,109562.05,2026-09-15,2026-09-16,82,0
POITEM0007448,PO002136,PROD0052,76,43864.49,2026-09-15,2026-09-26,71,2
POITEM0007449,PO002136,PROD0231,56,53247.54,2026-09-15,2026-10-03,54,2
POITEM0007450,PO002136,PROD0233,35,2397.08,2026-09-15,2026-09-29,33,2
POITEM0007451,PO002137,PROD0220,57,41339.89,2026-10-08,2026-10-29,52,0
POITEM0007452,PO002137,PROD0114,95,40054.12,2026-10-08,2026-10-18,87,0
POITEM0007453,PO002137,PROD0222,55,131118.19,2026-10-08,2026-10-04,50,0
POITEM0007454,PO002137,PROD0185,64,99242.27,2026-10-08,2026-10-11,59,3
POITEM0007455,PO002137,PROD0206,13,143030.2,2026-10-08,2026-10-29,12,1
POITEM0007456,PO002138,PROD0064,57,92406.73,2026-09-22,2026-09-18,54,0
POITEM0007457,PO002138,PROD0224,36,50608.31,2026-09-22,2026-10-10,33,0
POITEM0007458,PO002139,PROD0223,37,111624.56,2026-09-28,2026-09-29,36,1
POITEM0007459,PO002139,PROD0170,72,40165.72,2026-09-28,2026-10-07,67,0
POITEM0007460,PO002139,PROD0125,85,41572.61,2026-09-28,2026-10-16,79,5
POITEM0007461,PO002139,PROD0080,49,20276.18,2026-09-28,2026-09-30,47,2
POITEM0007462,PO002139,PROD0229,90,58988.01,2026-09-28,2026-10-07,87,3
POITEM0007463,PO002139,PROD0244,24,79725.61,2026-09-28,2026-10-20,22,0
POITEM0007464,PO002140,PROD0229,63,68956.01,2026-09-15,2026-10-05,57,2
POITEM0007465,PO002140,PROD0123,1,16910.69,2026-09-15,2026-10-03,0,1
POITEM0007466,PO002140,PROD0182,33,55639.99,2026-09-15,2026-09-21,32,1
POITEM0007467,PO002141,PROD0032,98,36339.34,2026-09-19,2026-10-01,95,3
POITEM0007468,PO002141,PROD0135,40,30192.95,2026-09-19,2026-09-16,36,2
POITEM0007469,PO002141,PROD0039,22,63839.02,2026-09-19,2026-09-29,19,2
POITEM0007470,PO002141,PROD0075,30,109422.36,2026-09-19,2026-10-04,27,0
POITEM0007471,PO002142,PROD0028,78,154292.54,2026-10-08,2026-10-19,71,7
POITEM0007472,PO002142,PROD0186,23,5793.46,2026-10-08,2026-10-16,22,0
POITEM0007473,PO002142,PROD0188,91,84131.51,2026-10-08,2026-10-11,85,5
POITEM0007474,PO002143,PROD0045,27,44386.48,2026-09-20,2026-10-07,25,0
POITEM0007475,PO002143,PROD0022,74,137818.16,2026-09-20,2026-10-12,69,4
POITEM0007476,PO002143,PROD0163,68,22712.25,2026-09-20,2026-10-13,62,6
POITEM0007477,PO002143,PROD0042,21,47131.01,2026-09-20,2026-09-18,19,1
POITEM0007478,PO002143,PROD0035,73,131210.92,2026-09-20,2026-10-10,69,0
POITEM0007479,PO002144,PROD0119,90,116641.22,2026-10-15,2026-11-05,81,1
POITEM0007480,PO002145,PROD0221,18,92470.73,2026-10-13,2026-10-29,17,0
POITEM0007481,PO002145,PROD0249,38,51631.62,2026-10-13,2026-10-30,37,1
POITEM0007482,PO002146,PROD0067,59,48067.06,2026-10-15,2026-11-08,54,3
POITEM0007483,PO002146,PROD0237,10,151594.0,2026-10-15,2026-10-21,9,1
POITEM0007484,PO002146,PROD0200,15,15592.27,2026-10-15,2026-11-02,14,1
POITEM0007485,PO002146,PROD0090,84,41673.18,2026-10-15,2026-11-01,82,1
POITEM0007486,PO002146,PROD0108,50,86805.01,2026-10-15,2026-10-10,48,1
POITEM0007487,PO002147,PROD0107,30,16772.47,2026-09-13,2026-09-26,27,0
POITEM0007488,PO002147,PROD0141,13,148612.53,2026-09-13,2026-09-20,11,2
POITEM0007489,PO002147,PROD0151,95,50624.91,2026-09-13,2026-09-17,90,2
POITEM0007490,PO002148,PROD0168,86,129795.57,2026-09-30,2026-10-25,78,7
POITEM0007491,PO002148,PROD0103,97,26576.39,2026-09-30,2026-10-21,89,6
POITEM0007492,PO002148,PROD0126,48,40181.04,2026-09-30,2026-10-21,46,1
POITEM0007493,PO002148,PROD0236,93,7067.29,2026-09-30,2026-10-08,91,1
POITEM0007494,PO002149,PROD0221,51,98207.66,2026-09-14,2026-09-10,46,4
POITEM0007495,PO002149,PROD0065,46,13461.38,2026-09-14,2026-09-13,44,0
POITEM0007496,PO002149,PROD0124,65,57950.4,2026-09-14,2026-09-30,59,5
POITEM0007497,PO002149,PROD0250,44,100592.34,2026-09-14,2026-10-06,41,1
POITEM0007498,PO002150,PROD0112,24,104439.57,2026-10-01,2026-09-28,23,1
POITEM0007499,PO002150,PROD0080,47,20984.49,2026-10-01,2026-09-27,42,2
POITEM0007500,PO002150,PROD0085,74,33850.97,2026-10-01,2026-10-15,72,2
POITEM0007501,PO002150,PROD0226,67,136643.67,2026-10-01,2026-10-11,64,1
POITEM0007502,PO002150,PROD0083,76,138121.67,2026-10-01,2026-10-13,75,1
POITEM0007503,PO002151,PROD0120,39,142064.87,2026-10-21,2026-11-08,38,1
POITEM0007504,PO002151,PROD0093,19,156190.06,2026-10-21,2026-10-21,17,0
POITEM0007505,PO002152,PROD0020,47,84305.17,2026-10-04,2026-10-21,43,0
POITEM0007506,PO002152,PROD0176,54,72778.51,2026-10-04,2026-10-27,52,2
POITEM0007507,PO002152,PROD0180,22,144173.51,2026-10-04,2026-10-18,21,1
POITEM0007508,PO002152,PROD0142,87,148255.21,2026-10-04,2026-10-06,79,8
POITEM0007509,PO002153,PROD0201,8,6848.78,2026-10-14,2026-10-21,7,1
POITEM0007510,PO002153,PROD0176,18,77951.79,2026-10-14,2026-10-18,17,1
POITEM0007511,PO002153,PROD0071,56,86680.77,2026-10-14,2026-10-15,55,0
POITEM0007512,PO002153,PROD0009,32,34244.66,2026-10-14,2026-10-14,31,0
POITEM0007513,PO002154,PROD0064,12,85557.97,2026-09-15,2026-09-27,10,2
POITEM0007514,PO002154,PROD0015,25,111112.69,2026-09-15,2026-09-28,24,0
POITEM0007515,PO002154,PROD0050,31,44422.04,2026-09-15,2026-10-06,29,0
POITEM0007516,PO002155,PROD0028,15,114273.25,2026-09-18,2026-10-08,14,1
POITEM0007517,PO002156,PROD0006,42,45505.92,2026-10-03,2026-10-08,38,4
POITEM0007518,PO002156,PROD0103,64,23243.22,2026-10-03,2026-10-08,63,1
POITEM0007519,PO002156,PROD0091,18,13546.39,2026-10-03,2026-10-20,17,1
POITEM0007520,PO002156,PROD0065,46,14506.05,2026-10-03,2026-10-02,44,2
POITEM0007521,PO002156,PROD0129,51,136001.09,2026-10-03,2026-10-01,47,2
POITEM0007522,PO002156,PROD0137,10,36678.62,2026-10-03,2026-10-06,9,0
POITEM0007523,PO002157,PROD0156,45,95968.61,2026-10-20,2026-10-29,43,2
POITEM0007524,PO002157,PROD0118,67,124033.75,2026-10-20,2026-10-21,61,2
POITEM0007525,PO002157,PROD0240,10,12682.51,2026-10-20,2026-11-13,9,1
POITEM0007526,PO002157,PROD0065,74,14267.83,2026-10-20,2026-11-12,68,4
POITEM0007527,PO002158,PROD0167,59,93159.38,2026-09-14,2026-10-01,53,0
POITEM0007528,PO002158,PROD0129,85,132418.94,2026-09-14,2026-09-16,83,1
POITEM0007529,PO002159,PROD0249,55,68489.18,2026-10-14,2026-11-07,54,1
POITEM0007530,PO002159,PROD0102,32,15483.93,2026-10-14,2026-10-30,31,0
POITEM0007531,PO002159,PROD0245,70,63479.26,2026-10-14,2026-10-31,64,6
POITEM0007532,PO002160,PROD0091,56,16434.65,2026-10-07,2026-10-23,51,2
POITEM0007533,PO002160,PROD0182,9,48576.61,2026-10-07,2026-10-16,8,0
POITEM0007534,PO002160,PROD0227,42,87856.15,2026-10-07,2026-11-01,39,3
POITEM0007535,PO002160,PROD0191,6,4259.28,2026-10-07,2026-10-24,5,0
POITEM0007536,PO002160,PROD0138,77,4492.32,2026-10-07,2026-10-21,73,4
POITEM0007537,PO002161,PROD0199,95,112290.25,2026-09-26,2026-10-04,87,2
POITEM0007538,PO002162,PROD0221,78,75570.12,2026-09-23,2026-09-27,74,3
POITEM0007539,PO002162,PROD0109,54,889.07,2026-09-23,2026-10-10,52,0
POITEM0007540,PO002162,PROD0240,76,17243.71,2026-09-23,2026-09-24,74,1
POITEM0007541,PO002163,PROD0240,47,18115.66,2026-10-05,2026-10-26,44,0
POITEM0007542,PO002163,PROD0138,63,3492.38,2026-10-05,2026-10-30,60,3
POITEM0007543,PO002163,PROD0073,25,68738.15,2026-10-05,2026-10-13,23,1
POITEM0007544,PO002163,PROD0036,73,45302.93,2026-10-05,2026-10-23,68,4
POITEM0007545,PO002163,PROD0111,7,73665.63,2026-10-05,2026-10-02,6,0
POITEM0007546,PO002163,PROD0135,17,32677.09,2026-10-05,2026-10-20,16,1
POITEM0007547,PO002164,PROD0156,98,94707.3,2026-10-03,2026-09-29,94,4
POITEM0007548,PO002165,PROD0220,87,33689.21,2026-10-17,2026-11-08,80,2
POITEM0007549,PO002165,PROD0185,2,78262.91,2026-10-17,2026-10-18,1,1
POITEM0007550,PO002165,PROD0190,21,101855.98,2026-10-17,2026-10-15,19,0
POITEM0007551,PO002166,PROD0199,47,92211.63,2026-10-12,2026-10-27,46,0
POITEM0007552,PO002167,PROD0011,94,47350.07,2026-10-01,2026-10-21,92,1
POITEM0007553,PO002167,PROD0163,22,20166.8,2026-10-01,2026-10-22,20,1
POITEM0007554,PO002167,PROD0071,93,118296.23,2026-10-01,2026-10-04,90,3
POITEM0007555,PO002167,PROD0231,89,60003.37,2026-10-01,2026-10-01,85,1
POITEM0007556,PO002167,PROD0091,5,15116.37,2026-10-01,2026-09-29,4,1
POITEM0007557,PO002168,PROD0109,81,822.66,2026-09-19,2026-10-09,75,1
POITEM0007558,PO002168,PROD0105,78,109082.04,2026-09-19,2026-09-20,72,5
POITEM0007559,PO002168,PROD0056,46,38877.27,2026-09-19,2026-09-15,44,2
POITEM0007560,PO002169,PROD0074,94,42563.63,2026-09-14,2026-09-13,88,3
POITEM0007561,PO002169,PROD0049,17,7982.66,2026-09-14,2026-09-19,16,0
POITEM0007562,PO002170,PROD0138,7,4389.85,2026-09-18,2026-10-03,6,1
POITEM0007563,PO002170,PROD0024,41,17182.51,2026-09-18,2026-09-23,38,2
POITEM0007564,PO002170,PROD0245,9,65430.05,2026-09-18,2026-10-04,8,1
POITEM0007565,PO002170,PROD0071,21,122357.23,2026-09-18,2026-09-14,19,0
POITEM0007566,PO002170,PROD0004,37,77963.74,2026-09-18,2026-09-29,35,1
POITEM0007567,PO002170,PROD0061,25,68543.84,2026-09-18,2026-10-07,24,1
POITEM0007568,PO002171,PROD0125,36,40367.89,2026-09-28,2026-10-04,32,0
POITEM0007569,PO002172,PROD0154,24,51232.05,2026-10-21,2026-11-01,21,0
POITEM0007570,PO002172,PROD0055,75,175020.69,2026-10-21,2026-11-05,73,2
POITEM0007571,PO002172,PROD0189,78,44525.08,2026-10-21,2026-11-10,73,3
POITEM0007572,PO002172,PROD0222,4,129619.57,2026-10-21,2026-10-20,3,1
POITEM0007573,PO002172,PROD0064,35,76360.48,2026-10-21,2026-10-16,34,1
POITEM0007574,PO002172,PROD0242,26,83418.75,2026-10-21,2026-10-18,25,0
POITEM0007575,PO002173,PROD0004,72,70844.57,2026-09-25,2026-09-25,65,3
POITEM0007576,PO002173,PROD0120,87,109615.25,2026-09-25,2026-09-30,80,3
POITEM0007577,PO002173,PROD0124,17,64038.02,2026-09-25,2026-10-14,15,1
POITEM0007578,PO002173,PROD0025,61,39121.17,2026-09-25,2026-10-10,56,5
POITEM0007579,PO002173,PROD0172,29,122522.51,2026-09-25,2026-10-05,28,1
POITEM0007580,PO002174,PROD0088,51,78985.45,2026-09-28,2026-09-25,47,3
POITEM0007581,PO002174,PROD0066,17,121606.98,2026-09-28,2026-10-07,15,1
POITEM0007582,PO002174,PROD0113,61,102324.98,2026-09-28,2026-10-23,57,1
POITEM0007583,PO002175,PROD0083,14,156460.39,2026-09-17,2026-09-21,13,1
POITEM0007584,PO002175,PROD0080,13,22116.75,2026-09-17,2026-09-17,11,1
POITEM0007585,PO002175,PROD0143,53,150628.35,2026-09-17,2026-09-25,47,0
POITEM0007586,PO002176,PROD0229,75,69080.04,2026-10-12,2026-10-13,72,1
POITEM0007587,PO002176,PROD0175,78,71309.18,2026-10-12,2026-10-15,76,0
POITEM0007588,PO002176,PROD0064,60,97655.84,2026-10-12,,58,0
POITEM0007589,PO002177,PROD0247,45,92636.29,2026-10-15,2026-10-11,43,2
POITEM0007590,PO002177,PROD0018,13,34127.21,2026-10-15,2026-10-16,12,1
POITEM0007591,PO002178,PROD0163,73,24854.37,2026-09-17,2026-09-13,65,6
POITEM0007592,PO002178,PROD0064,21,68468.03,2026-09-17,2026-09-27,20,1
POITEM0007593,PO002179,PROD0047,61,105613.6,2026-10-07,2026-10-08,59,0
POITEM0007594,PO002179,PROD0229,91,76984.29,2026-10-07,2026-10-30,82,9
POITEM0007595,PO002179,PROD0074,9,32103.76,2026-10-07,2026-10-28,8,0
POITEM0007596,PO002179,PROD0208,78,44673.68,2026-10-07,2026-10-29,75,0
POITEM0007597,PO002179,PROD0115,29,113500.51,2026-10-07,2026-10-16,26,0
POITEM0007598,PO002180,PROD0154,73,45897.79,2026-10-17,2026-11-03,69,2
POITEM0007599,PO002180,PROD0029,41,1360.2,2026-10-17,2026-10-26,39,2
POITEM0007600,PO002180,PROD0038,12,115899.29,2026-10-17,2026-11-11,11,1
POITEM0007601,PO002180,PROD0114,24,32688.68,2026-10-17,2026-10-14,21,0
POITEM0007602,PO002180,PROD0089,54,80578.16,2026-10-17,2026-11-11,48,5
POITEM0007603,PO002180,PROD0063,24,88831.89,2026-10-17,2026-10-17,22,0
POITEM0007604,PO002181,PROD0101,77,98020.92,2026-10-13,2026-10-10,69,0
POITEM0007605,PO002181,PROD0220,1,40831.85,2026-10-13,2026-10-30,0,1
POITEM0007606,PO002181,PROD0168,33,92884.96,2026-10-13,2026-10-14,32,1
POITEM0007607,PO002181,PROD0185,33,77216.5,2026-10-13,2026-11-05,32,0
POITEM0007608,PO002181,PROD0173,51,110579.13,2026-10-13,2026-10-16,50,1
POITEM0007609,PO002181,PROD0084,33,112909.35,2026-10-13,2026-10-14,32,0
POITEM0007610,PO002182,PROD0200,12,12824.95,2026-09-15,2026-09-18,11,0
POITEM0007611,PO002182,PROD0145,21,2442.81,2026-09-15,2026-10-02,19,2
POITEM0007612,PO002182,PROD0207,1,89660.09,2026-09-15,2026-09-30,0,0
POITEM0007613,PO002182,PROD0204,60,116583.73,2026-09-15,2026-09-30,54,1
POITEM0007614,PO002182,PROD0108,22,103713.52,2026-09-15,2026-10-09,21,1
POITEM0007615,PO002182,PROD0151,51,44560.76,2026-09-15,2026-10-02,47,4
POITEM0007616,PO002183,PROD0082,60,19738.35,2026-09-20,2026-10-01,58,0
POITEM0007617,PO002183,PROD0041,81,175999.33,2026-09-20,2026-10-01,75,3
POITEM0007618,PO002184,PROD0082,78,18007.95,2026-09-23,2026-10-17,73,1
POITEM0007619,PO002184,PROD0172,25,115803.48,2026-09-23,2026-10-05,24,1
POITEM0007620,PO002184,PROD0124,28,54439.82,2026-09-23,2026-09-19,26,0
POITEM0007621,PO002184,PROD0028,6,130604.49,2026-09-23,2026-10-06,5,0
POITEM0007622,PO002184,PROD0015,8,115683.71,2026-09-23,2026-10-09,7,1
POITEM0007623,PO002185,PROD0163,18,21913.69,2026-10-13,2026-10-18,17,1
POITEM0007624,PO002185,PROD0250,83,103908.03,2026-10-13,2026-11-07,75,7
POITEM0007625,PO002186,PROD0227,48,73901.61,2026-10-14,2026-10-26,43,3
POITEM0007626,PO002186,PROD0085,16,40034.11,2026-10-14,2026-10-24,15,0
POITEM0007627,PO002186,PROD0073,71,74959.11,2026-10-14,2026-10-30,66,2
POITEM0007628,PO002186,PROD0104,60,163610.84,2026-10-14,2026-10-29,59,0
POITEM0007629,PO002187,PROD0075,54,108043.39,2026-10-11,2026-10-26,50,1
POITEM0007630,PO002187,PROD0071,29,91176.56,2026-10-11,2026-10-11,26,2
POITEM0007631,PO002188,PROD0091,98,12549.35,2026-10-21,2026-11-06,91,6
POITEM0007632,PO002188,PROD0167,68,111978.33,2026-10-21,2026-10-25,61,1
POITEM0007633,PO002188,PROD0202,43,72133.22,2026-10-21,2026-10-25,39,3
POITEM0007634,PO002188,PROD0249,95,62036.98,2026-10-21,2026-10-22,91,2
POITEM0007635,PO002189,PROD0120,41,136355.51,2026-09-14,2026-09-24,37,1
POITEM0007636,PO002190,PROD0250,66,93770.63,2026-10-01,2026-10-07,60,0
POITEM0007637,PO002190,PROD0194,94,50878.63,2026-10-01,2026-10-22,93,1
POITEM0007638,PO002190,PROD0018,51,34855.57,2026-10-01,2026-10-14,49,2
POITEM0007639,PO002191,PROD0092,47,163762.81,2026-10-02,2026-10-26,45,2
POITEM0007640,PO002191,PROD0181,53,115257.88,2026-10-02,2026-10-07,52,1
POITEM0007641,PO002191,PROD0210,2,36203.94,2026-10-02,2026-09-28,1,0
POITEM0007642,PO002191,PROD0145,91,2298.84,2026-10-02,2026-10-04,85,3
POITEM0007643,PO002192,PROD0081,95,56777.38,2026-09-21,2026-09-24,89,4
POITEM0007644,PO002192,PROD0040,33,138513.46,2026-09-21,2026-10-06,30,1
POITEM0007645,PO002192,PROD0047,12,90249.7,2026-09-21,2026-09-16,11,0
POITEM0007646,PO002192,PROD0146,24,162851.03,2026-09-21,2026-10-14,22,0
POITEM0007647,PO002192,PROD0216,42,97109.19,2026-09-21,2026-09-18,41,1
POITEM0007648,PO002192,PROD0102,44,11604.97,2026-09-21,2026-09-27,40,3
POITEM0007649,PO002193,PROD0163,59,21022.75,2026-09-27,2026-10-12,58,0
POITEM0007650,PO002193,PROD0095,30,45966.75,2026-09-27,2026-10-07,27,3
POITEM0007651,PO002193,PROD0215,53,131381.84,2026-09-27,2026-09-23,49,2
POITEM0007652,PO002193,PROD0185,9,93509.2,2026-09-27,2026-10-01,8,0
POITEM0007653,PO002193,PROD0051,55,139516.81,2026-09-27,2026-10-01,50,1
POITEM0007654,PO002194,PROD0048,80,68390.82,2026-10-20,2026-11-11,78,1
POITEM0007655,PO002195,PROD0140,10,32094.67,2026-10-16,2026-10-18,9,1
POITEM0007656,PO002196,PROD0046,72,5040.43,2026-09-22,2026-09-21,65,1
POITEM0007657,PO002196,PROD0152,3,63222.43,2026-09-22,2026-10-06,2,0
POITEM0007658,PO002197,PROD0164,40,77729.46,2026-10-14,2026-11-06,38,2
POITEM0007659,PO002197,PROD0194,25,61405.01,2026-10-14,2026-10-28,24,0
POITEM0007660,PO002197,PROD0039,22,47833.92,2026-10-14,2026-10-28,20,2
POITEM0007661,PO002198,PROD0009,87,30180.15,2026-10-13,2026-10-29,85,1
POITEM0007662,PO002198,PROD0023,73,55747.76,2026-10-13,2026-10-20,69,1
POITEM0007663,PO002198,PROD0184,72,12534.51,2026-10-13,2026-10-16,66,0
POITEM0007664,PO002199,PROD0207,86,75097.94,2026-09-27,2026-10-10,82,2
POITEM0007665,PO002199,PROD0111,26,78502.42,2026-09-27,2026-10-11,23,0
POITEM0007666,PO002199,PROD0174,70,156489.79,2026-09-27,2026-10-06,65,4
POITEM0007667,PO002199,PROD0166,28,114581.0,2026-09-27,2026-10-13,25,2
POITEM0007668,PO002200,PROD0104,4,157845.52,2026-10-21,2026-10-17,3,1
POITEM0007669,PO002200,PROD0118,65,135589.9,2026-10-21,2026-10-20,61,2
POITEM0007670,PO002200,PROD0176,39,92332.89,2026-10-21,2026-10-28,38,1
POITEM0007671,PO002200,PROD0160,51,15848.67,2026-10-21,2026-10-28,50,1
POITEM0007672,PO002201,PROD0144,1,54432.56,2026-10-14,2026-10-30,0,1
POITEM0007673,PO002201,PROD0057,27,87559.79,2026-10-14,2026-10-25,25,1
POITEM0007674,PO002201,PROD0111,65,93783.6,2026-10-14,2026-10-14,63,2
POITEM0007675,PO002201,PROD0238,96,96068.5,2026-10-14,2026-10-20,90,5
POITEM0007676,PO002201,PROD0176,3,69311.21,2026-10-14,2026-10-25,2,1
POITEM0007677,PO002201,PROD0210,43,37164.31,2026-10-14,2026-10-27,42,0
POITEM0007678,PO002202,PROD0202,22,75144.8,2026-09-25,2026-10-08,20,1
POITEM0007679,PO002202,PROD0163,24,25114.97,2026-09-25,2026-10-02,22,1
POITEM0007680,PO002202,PROD0110,73,20806.69,2026-09-25,2026-10-14,69,1
POITEM0007681,PO002203,PROD0207,100,68490.03,2026-10-15,2026-10-14,99,1
POITEM0007682,PO002203,PROD0234,58,18991.01,2026-10-15,2026-11-02,53,1
POITEM0007683,PO002204,PROD0063,92,102242.36,2026-10-16,2026-11-06,83,6
POITEM0007684,PO002204,PROD0162,70,173749.15,2026-10-16,2026-11-06,69,0
POITEM0007685,PO002204,PROD0243,61,31269.76,2026-10-16,2026-11-10,56,0
POITEM0007686,PO002204,PROD0078,94,56928.04,2026-10-16,2026-11-01,84,4
POITEM0007687,PO002205,PROD0046,88,6251.73,2026-10-12,2026-10-14,83,2
POITEM0007688,PO002205,PROD0050,82,43281.7,2026-10-12,2026-10-15,81,1
POITEM0007689,PO002205,PROD0200,54,11825.38,2026-10-12,2026-10-19,48,0
POITEM0007690,PO002205,PROD0173,6,114377.65,2026-10-12,2026-10-18,5,0
POITEM0007691,PO002206,PROD0154,50,41099.46,2026-09-25,2026-09-22,47,0
POITEM0007692,PO002206,PROD0187,49,68190.28,2026-09-25,2026-10-17,44,4
POITEM0007693,PO002206,PROD0191,51,5372.95,2026-09-25,2026-09-25,46,4
POITEM0007694,PO002207,PROD0099,90,149714.13,2026-09-16,2026-09-27,84,3
POITEM0007695,PO002207,PROD0194,79,57053.13,2026-09-16,2026-10-11,78,0
POITEM0007696,PO002207,PROD0190,35,76690.75,2026-09-16,2026-09-19,33,2
POITEM0007697,PO002207,PROD0192,33,6791.28,2026-09-16,2026-10-09,31,0
POITEM0007698,PO002207,PROD0134,97,71026.58,2026-09-16,2026-09-18,91,5
POITEM0007699,PO002208,PROD0174,55,153722.68,2026-10-12,2026-10-26,54,1
POITEM0007700,PO002208,PROD0233,54,1956.03,2026-10-12,2026-11-01,48,0
POITEM0007701,PO002208,PROD0160,30,14373.73,2026-10-12,2026-10-28,27,2
POITEM0007702,PO002208,PROD0093,35,129125.74,2026-10-12,2026-10-08,32,1
POITEM0007703,PO002208,PROD0022,90,124789.92,2026-10-12,2026-10-27,82,3
POITEM0007704,PO002208,PROD0134,13,90457.43,2026-10-12,2026-10-24,11,0
POITEM0007705,PO002209,PROD0008,25,105621.8,2026-10-13,2026-10-16,23,1
POITEM0007706,PO002209,PROD0032,54,40847.69,2026-10-13,,52,0
POITEM0007707,PO002209,PROD0102,18,14821.34,2026-10-13,2026-10-28,16,0
POITEM0007708,PO002209,PROD0149,64,171218.95,2026-10-13,2026-11-07,60,3
POITEM0007709,PO002209,PROD0190,78,84687.4,2026-10-13,2026-11-02,74,1
POITEM0007710,PO002210,PROD0249,100,66316.84,2026-09-19,2026-10-05,97,1
POITEM0007711,PO002210,PROD0157,21,169357.96,2026-09-19,2026-10-13,20,0
POITEM0007712,PO002210,PROD0142,10,135259.33,2026-09-19,2026-09-26,9,0
POITEM0007713,PO002210,PROD0207,13,66322.85,2026-09-19,2026-09-30,12,1
POITEM0007714,PO002210,PROD0001,24,4387.02,2026-09-19,2026-09-14,23,0
POITEM0007715,PO002210,PROD0024,81,16293.97,2026-09-19,2026-09-18,75,1
POITEM0007716,PO002211,PROD0026,25,55508.66,2026-10-02,2026-10-04,23,1
POITEM0007717,PO002211,PROD0094,82,114510.12,2026-10-02,2026-10-21,74,3
POITEM0007718,PO002211,PROD0039,87,55292.37,2026-10-02,2026-09-29,78,4
POITEM0007719,PO002211,PROD0056,99,36324.76,2026-10-02,2026-09-27,90,9
POITEM0007720,PO002211,PROD0019,71,127318.67,2026-10-02,2026-10-02,70,0
POITEM0007721,PO002212,PROD0125,24,40827.05,2026-09-25,2026-09-27,22,0
POITEM0007722,PO002212,PROD0012,71,26347.62,2026-09-25,2026-10-09,64,6
POITEM0007723,PO002213,PROD0048,24,71962.46,2026-10-09,2026-10-23,22,1
POITEM0007724,PO002213,PROD0009,78,32505.34,2026-10-09,2026-10-04,75,1
POITEM0007725,PO002213,PROD0214,13,151129.58,2026-10-09,2026-10-25,12,1
POITEM0007726,PO002213,PROD0029,63,1404.01,2026-10-09,2026-10-24,57,2
POITEM0007727,PO002214,PROD0232,2,111866.68,2026-10-13,2026-10-08,1,0
POITEM0007728,PO002214,PROD0148,89,132020.03,2026-10-13,2026-10-11,87,2
POITEM0007729,PO002214,PROD0179,75,121539.74,2026-10-13,2026-10-28,71,0
POITEM0007730,PO002214,PROD0177,60,127562.11,2026-10-13,2026-10-20,54,6
POITEM0007731,PO002215,PROD0216,28,111966.43,2026-10-04,2026-10-25,27,0
POITEM0007732,PO002215,PROD0246,38,99765.86,2026-10-04,2026-10-26,35,2
POITEM0007733,PO002215,PROD0227,68,92933.4,2026-10-04,2026-10-06,63,2
POITEM0007734,PO002216,PROD0201,66,8380.29,2026-09-24,2026-10-18,62,3
POITEM0007735,PO002216,PROD0222,15,107482.76,2026-09-24,2026-09-30,14,0
POITEM0007736,PO002217,PROD0073,39,92508.2,2026-09-23,2026-10-01,35,4
POITEM0007737,PO002217,PROD0185,15,106175.82,2026-09-23,2026-09-21,14,1
POITEM0007738,PO002217,PROD0127,81,164971.06,2026-09-23,2026-09-19,79,2
POITEM0007739,PO002218,PROD0142,69,148365.68,2026-10-11,2026-11-05,67,0
POITEM0007740,PO002218,PROD0116,5,32847.92,2026-10-11,2026-11-02,4,1
POITEM0007741,PO002218,PROD0003,7,52557.5,2026-10-11,2026-10-07,6,0
POITEM0007742,PO002218,PROD0035,85,170716.51,2026-10-11,2026-10-29,81,4
POITEM0007743,PO002218,PROD0124,2,58544.64,2026-10-11,2026-11-02,1,0
POITEM0007744,PO002218,PROD0037,37,96710.47,2026-10-11,2026-10-26,34,0
POITEM0007745,PO002219,PROD0215,22,143933.78,2026-09-19,2026-09-17,20,1
POITEM0007746,PO002219,PROD0053,86,23857.81,2026-09-19,2026-10-05,80,0
POITEM0007747,PO002220,PROD0096,77,64820.19,2026-10-02,2026-10-24,73,1
POITEM0007748,PO002221,PROD0068,10,34375.65,2026-09-26,2026-10-08,9,0
POITEM0007749,PO002221,PROD0179,18,113652.68,2026-09-26,2026-10-12,17,1
POITEM0007750,PO002222,PROD0183,50,64748.87,2026-10-08,2026-10-08,49,1
POITEM0007751,PO002222,PROD0116,19,30376.88,2026-10-08,2026-10-23,17,0
POITEM0007752,PO002223,PROD0023,15,49627.18,2026-09-23,2026-09-21,13,1
POITEM0007753,PO002223,PROD0057,60,125039.01,2026-09-23,2026-10-06,55,2
POITEM0007754,PO002224,PROD0075,28,100593.42,2026-09-30,2026-09-30,25,3
POITEM0007755,PO002224,PROD0043,64,79027.68,2026-09-30,2026-10-16,60,0
POITEM0007756,PO002224,PROD0136,13,94072.61,2026-09-30,2026-10-18,12,0
POITEM0007757,PO002224,PROD0245,52,60229.25,2026-09-30,2026-10-09,51,0
POITEM0007758,PO002224,PROD0232,15,106100.7,2026-09-30,2026-10-20,14,1
POITEM0007759,PO002224,PROD0191,60,5816.28,2026-09-30,2026-10-20,58,2
POITEM0007760,PO002225,PROD0106,1,1844.38,2026-09-22,2026-09-22,0,1
POITEM0007761,PO002225,PROD0189,13,45025.02,2026-09-22,2026-09-27,12,0
POITEM0007762,PO002225,PROD0035,65,126474.36,2026-09-22,2026-09-29,61,2
POITEM0007763,PO002225,PROD0244,97,76442.17,2026-09-22,2026-09-22,92,3
POITEM0007764,PO002225,PROD0154,57,53846.87,2026-09-22,2026-09-24,55,0
POITEM0007765,PO002226,PROD0044,79,43004.3,2026-10-10,2026-10-23,78,1
POITEM0007766,PO002226,PROD0011,11,45010.8,2026-10-10,2026-10-20,10,1
POITEM0007767,PO002227,PROD0165,3,157437.29,2026-10-09,2026-10-13,2,0
POITEM0007768,PO002227,PROD0220,47,43257.82,2026-10-09,2026-10-29,44,1
POITEM0007769,PO002228,PROD0156,67,83794.2,2026-09-25,2026-09-28,65,0
POITEM0007770,PO002229,PROD0171,44,131597.05,2026-09-14,2026-09-09,41,3
POITEM0007771,PO002230,PROD0204,68,85496.38,2026-09-25,2026-09-28,67,1
POITEM0007772,PO002230,PROD0082,21,14785.98,2026-09-25,2026-10-07,20,1
POITEM0007773,PO002230,PROD0001,53,4782.29,2026-09-25,2026-10-19,51,1
POITEM0007774,PO002231,PROD0016,65,159346.53,2026-09-30,2026-10-03,59,3
POITEM0007775,PO002231,PROD0060,58,117648.61,2026-09-30,2026-10-14,56,1
POITEM0007776,PO002231,PROD0201,7,9047.96,2026-09-30,2026-10-18,6,0
POITEM0007777,PO002231,PROD0128,72,64921.73,2026-09-30,2026-10-15,70,2
POITEM0007778,PO002232,PROD0007,58,73102.38,2026-10-13,2026-10-20,56,1
POITEM0007779,PO002232,PROD0167,85,103704.37,2026-10-13,2026-10-17,84,0
POITEM0007780,PO002233,PROD0240,42,15116.77,2026-10-07,2026-10-12,37,5
POITEM0007781,PO002233,PROD0131,1,118651.58,2026-10-07,2026-10-04,0,1
POITEM0007782,PO002233,PROD0060,21,98178.2,2026-10-07,2026-10-16,19,0
POITEM0007783,PO002234,PROD0165,93,114685.56,2026-10-20,2026-10-19,90,1
POITEM0007784,PO002234,PROD0153,73,112311.5,2026-10-20,2026-10-15,67,0
POITEM0007785,PO002234,PROD0114,89,29913.23,2026-10-20,2026-11-01,80,3
POITEM0007786,PO002234,PROD0063,17,90987.83,2026-10-20,2026-10-15,16,1
POITEM0007787,PO002235,PROD0024,97,20511.53,2026-10-17,2026-10-17,95,0
POITEM0007788,PO002236,PROD0066,55,150421.02,2026-09-17,2026-10-10,50,1
POITEM0007789,PO002236,PROD0008,50,108365.2,2026-09-17,2026-09-29,45,0
POITEM0007790,PO002237,PROD0227,80,96624.72,2026-10-02,2026-10-16,72,0
POITEM0007791,PO002238,PROD0008,6,121595.72,2026-10-19,2026-10-26,5,1
POITEM0007792,PO002238,PROD0046,9,5333.12,2026-10-19,2026-10-16,8,1
POITEM0007793,PO002238,PROD0078,82,66939.86,2026-10-19,2026-11-05,80,1
POITEM0007794,PO002239,PROD0206,59,157913.98,2026-10-01,2026-09-27,58,1
POITEM0007795,PO002239,PROD0020,35,89705.6,2026-10-01,2026-10-13,34,1
POITEM0007796,PO002239,PROD0185,57,83532.86,2026-10-01,2026-10-14,54,3
POITEM0007797,PO002239,PROD0023,66,53790.09,2026-10-01,2026-10-13,61,3
POITEM0007798,PO002240,PROD0162,12,178490.56,2026-10-11,2026-10-11,11,1
POITEM0007799,PO002240,PROD0169,8,56552.56,2026-10-11,2026-10-20,7,0
POITEM0007800,PO002241,PROD0163,88,21916.69,2026-10-12,2026-10-09,86,0
POITEM0007801,PO002241,PROD0077,70,114887.52,2026-10-12,2026-10-28,63,1
POITEM0007802,PO002241,PROD0140,74,28430.85,2026-10-12,2026-10-08,66,1
POITEM0007803,PO002242,PROD0193,36,143327.59,2026-09-29,2026-10-20,33,2
POITEM0007804,PO002243,PROD0105,57,94534.94,2026-10-09,2026-10-17,55,0
POITEM0007805,PO002243,PROD0128,75,51268.21,2026-10-09,2026-10-31,68,5
POITEM0007806,PO002243,PROD0204,17,96529.21,2026-10-09,2026-10-12,15,2
POITEM0007807,PO002243,PROD0178,52,96082.31,2026-10-09,2026-10-27,51,0
POITEM0007808,PO002243,PROD0103,13,28711.24,2026-10-09,2026-10-19,12,0
POITEM0007809,PO002243,PROD0119,73,119395.6,2026-10-09,2026-10-08,68,0
POITEM0007810,PO002244,PROD0109,62,831.96,2026-10-15,2026-11-06,57,3
POITEM0007811,PO002244,PROD0079,98,166096.28,2026-10-15,2026-11-04,94,0
POITEM0007812,PO002244,PROD0085,17,36612.76,2026-10-15,2026-11-07,15,0
POITEM0007813,PO002244,PROD0020,86,85212.09,2026-10-15,2026-10-16,81,4
POITEM0007814,PO002245,PROD0065,91,16436.2,2026-10-17,2026-10-23,85,1
POITEM0007815,PO002246,PROD0116,21,43274.6,2026-09-17,2026-09-26,19,1
POITEM0007816,PO002246,PROD0130,85,108776.42,2026-09-17,2026-09-16,84,1
POITEM0007817,PO002246,PROD0224,25,51022.59,2026-09-17,2026-10-05,22,1
POITEM0007818,PO002247,PROD0159,46,79758.72,2026-10-15,2026-10-30,43,1
POITEM0007819,PO002248,PROD0069,31,6352.72,2026-09-25,2026-10-01,29,2
POITEM0007820,PO002248,PROD0135,65,36059.16,2026-09-25,2026-10-05,59,1
POITEM0007821,PO002248,PROD0145,59,2491.26,2026-09-25,2026-10-20,54,1
POITEM0007822,PO002248,PROD0143,80,165734.72,2026-09-25,2026-10-09,79,0
POITEM0007823,PO002248,PROD0122,28,88827.32,2026-09-25,2026-10-10,25,2
POITEM0007824,PO002249,PROD0121,90,114870.69,2026-10-11,2026-11-03,87,2
POITEM0007825,PO002249,PROD0229,4,62485.77,2026-10-11,2026-11-03,3,0
POITEM0007826,PO002249,PROD0176,74,93368.89,2026-10-11,2026-10-22,70,3
POITEM0007827,PO002249,PROD0161,86,99330.46,2026-10-11,2026-10-19,79,3
POITEM0007828,PO002249,PROD0005,92,147553.42,2026-10-11,2026-10-25,86,6
POITEM0007829,PO002249,PROD0042,68,36740.07,2026-10-11,2026-10-15,61,6
POITEM0007830,PO002250,PROD0137,18,40124.09,2026-09-24,2026-10-10,16,1
POITEM0007831,PO002250,PROD0074,32,36326.95,2026-09-24,2026-10-07,30,2
POITEM0007832,PO002250,PROD0069,30,6792.59,2026-09-24,2026-09-29,28,2
POITEM0007833,PO002251,PROD0204,91,97419.5,2026-10-10,2026-10-12,89,2
POITEM0007834,PO002251,PROD0174,10,142542.11,2026-10-10,2026-10-22,9,1
POITEM0007835,PO002251,PROD0089,85,81549.31,2026-10-10,2026-10-19,82,3
POITEM0007836,PO002251,PROD0034,22,44123.77,2026-10-10,2026-10-30,21,0
POITEM0007837,PO002252,PROD0064,29,95736.91,2026-09-13,2026-10-04,28,0
POITEM0007838,PO002252,PROD0086,40,123683.37,2026-09-13,2026-10-06,37,0
POITEM0007839,PO002252,PROD0250,50,101443.61,2026-09-13,2026-09-28,47,1
POITEM0007840,PO002252,PROD0222,8,115315.78,2026-09-13,2026-10-05,7,0
POITEM0007841,PO002253,PROD0109,100,1024.0,2026-10-03,2026-09-29,99,0
POITEM0007842,PO002253,PROD0050,34,43119.51,2026-10-03,2026-10-20,31,1
POITEM0007843,PO002253,PROD0063,12,86161.58,2026-10-03,2026-10-09,11,1
POITEM0007844,PO002253,PROD0070,89,86448.47,2026-10-03,2026-10-04,88,1
POITEM0007845,PO002254,PROD0088,52,93190.65,2026-10-03,2026-10-03,50,2
POITEM0007846,PO002254,PROD0046,72,6044.58,2026-10-03,2026-10-11,65,2
POITEM0007847,PO002254,PROD0249,28,68786.17,2026-10-03,2026-10-04,26,1
POITEM0007848,PO002254,PROD0224,59,80348.11,2026-10-03,2026-09-29,56,2
POITEM0007849,PO002254,PROD0107,36,17362.88,2026-10-03,2026-10-06,32,2
POITEM0007850,PO002254,PROD0055,47,163032.27,2026-10-03,2026-10-23,45,2
POITEM0007851,PO002255,PROD0190,84,102977.09,2026-10-19,2026-11-13,82,1
POITEM0007852,PO002256,PROD0070,38,83399.85,2026-09-19,2026-10-13,37,0
POITEM0007853,PO002256,PROD0224,11,52496.55,2026-09-19,2026-09-16,9,0
POITEM0007854,PO002257,PROD0087,34,150135.3,2026-09-17,2026-09-21,31,2
POITEM0007855,PO002257,PROD0068,62,31586.53,2026-09-17,2026-10-02,57,2
POITEM0007856,PO002257,PROD0228,22,113562.15,2026-09-17,2026-10-06,20,0
POITEM0007857,PO002257,PROD0148,81,152120.95,2026-09-17,2026-09-29,76,4
POITEM0007858,PO002258,PROD0077,31,101640.58,2026-10-02,2026-10-13,29,0
POITEM0007859,PO002258,PROD0046,47,5080.05,2026-10-02,2026-09-29,45,0
POITEM0007860,PO002258,PROD0220,80,46722.28,2026-10-02,2026-09-30,78,0
POITEM0007861,PO002258,PROD0161,53,110194.38,2026-10-02,2026-10-05,49,3
POITEM0007862,PO002258,PROD0197,83,113206.35,2026-10-02,2026-10-16,78,1
POITEM0007863,PO002258,PROD0097,33,94574.88,2026-10-02,2026-10-18,32,1
POITEM0007864,PO002259,PROD0046,65,5108.71,2026-10-05,2026-10-14,64,0
POITEM0007865,PO002259,PROD0151,33,39081.21,2026-10-05,2026-10-14,32,0
POITEM0007866,PO002259,PROD0153,42,116293.94,2026-10-05,2026-10-06,37,5
POITEM0007867,PO002260,PROD0159,98,97340.9,2026-10-11,2026-10-26,90,1
POITEM0007868,PO002260,PROD0136,47,123115.52,2026-10-11,2026-10-13,44,0
POITEM0007869,PO002260,PROD0226,8,98922.6,2026-10-11,2026-10-20,7,1
POITEM0007870,PO002260,PROD0127,16,150468.01,2026-10-11,2026-10-14,15,1
POITEM0007871,PO002260,PROD0096,84,55090.26,2026-10-11,2026-10-08,80,4
POITEM0007872,PO002261,PROD0220,62,36524.8,2026-10-11,2026-11-03,57,4
POITEM0007873,PO002261,PROD0072,23,2759.89,2026-10-11,2026-11-04,21,2
POITEM0007874,PO002262,PROD0013,60,140304.77,2026-09-20,2026-10-11,58,2
POITEM0007875,PO002262,PROD0087,22,138074.26,2026-09-20,2026-09-23,19,2
POITEM0007876,PO002263,PROD0051,18,134273.15,2026-10-16,2026-10-19,16,1
POITEM0007877,PO002263,PROD0020,39,71942.56,2026-10-16,2026-11-08,36,1
POITEM0007878,PO002263,PROD0007,96,53646.73,2026-10-16,2026-10-26,95,1
POITEM0007879,PO002263,PROD0186,22,6281.4,2026-10-16,2026-10-20,19,1
POITEM0007880,PO002263,PROD0129,96,114829.0,2026-10-16,2026-10-12,93,0
POITEM0007881,PO002263,PROD0024,35,17022.93,2026-10-16,2026-10-31,34,1
POITEM0007882,PO002264,PROD0109,54,1047.13,2026-10-21,2026-11-08,51,3
POITEM0007883,PO002265,PROD0186,4,5075.31,2026-09-18,2026-09-25,3,1
POITEM0007884,PO002266,PROD0192,40,7022.39,2026-10-15,2026-10-29,38,0
POITEM0007885,PO002266,PROD0115,19,119977.44,2026-10-15,2026-11-04,17,0
POITEM0007886,PO002267,PROD0234,81,17544.98,2026-10-09,2026-10-05,78,3
POITEM0007887,PO002267,PROD0126,44,44782.99,2026-10-09,2026-10-04,42,1
POITEM0007888,PO002267,PROD0154,10,55506.41,2026-10-09,2026-10-31,9,1
POITEM0007889,PO002267,PROD0245,57,55933.58,2026-10-09,2026-10-06,54,2
POITEM0007890,PO002267,PROD0180,75,109912.4,2026-10-09,2026-10-04,72,0
POITEM0007891,PO002268,PROD0231,22,51678.0,2026-10-02,2026-10-07,21,0
POITEM0007892,PO002269,PROD0187,11,82001.72,2026-09-18,2026-09-26,10,0
POITEM0007893,PO002269,PROD0049,1,7209.5,2026-09-18,2026-10-12,0,1
POITEM0007894,PO002270,PROD0048,62,94096.8,2026-10-03,2026-10-03,59,3
POITEM0007895,PO002271,PROD0247,23,82369.2,2026-09-21,2026-09-17,20,3
POITEM0007896,PO002271,PROD0059,11,34941.16,2026-09-21,2026-09-24,10,1
POITEM0007897,PO002271,PROD0164,19,91429.34,2026-09-21,2026-09-27,18,0
POITEM0007898,PO002271,PROD0035,60,134857.68,2026-09-21,2026-10-05,55,3
POITEM0007899,PO002271,PROD0029,98,1078.73,2026-09-21,2026-09-28,97,1
POITEM0007900,PO002272,PROD0225,8,150547.82,2026-10-21,2026-11-05,7,0
POITEM0007901,PO002272,PROD0067,37,48965.18,2026-10-21,2026-10-18,35,1
POITEM0007902,PO002272,PROD0042,35,38006.49,2026-10-21,2026-10-20,32,2
POITEM0007903,PO002272,PROD0009,51,37966.97,2026-10-21,2026-10-16,48,3
POITEM0007904,PO002272,PROD0239,29,68859.03,2026-10-21,2026-11-11,26,3
POITEM0007905,PO002273,PROD0064,69,80206.02,2026-10-09,2026-11-02,64,3
POITEM0007906,PO002273,PROD0181,9,147059.74,2026-10-09,2026-10-26,8,1
POITEM0007907,PO002274,PROD0095,42,44019.5,2026-10-16,2026-11-03,38,4
POITEM0007908,PO002274,PROD0044,91,41923.92,2026-10-16,2026-11-07,86,4
POITEM0007909,PO002274,PROD0133,35,88472.24,2026-10-16,2026-10-25,34,1
POITEM0007910,PO002274,PROD0181,85,126431.18,2026-10-16,2026-10-26,81,3
POITEM0007911,PO002274,PROD0238,28,127068.03,2026-10-16,2026-11-08,27,1
POITEM0007912,PO002275,PROD0196,4,96688.07,2026-09-23,2026-09-28,3,1
POITEM0007913,PO002275,PROD0156,64,101313.21,2026-09-23,2026-10-03,59,4
POITEM0007914,PO002275,PROD0129,61,124321.05,2026-09-23,2026-10-09,54,3
POITEM0007915,PO002275,PROD0044,50,51201.63,2026-09-23,2026-10-02,49,1
POITEM0007916,PO002275,PROD0152,3,53476.13,2026-09-23,2026-10-03,2,1
POITEM0007917,PO002275,PROD0059,93,41029.56,2026-09-23,2026-10-08,92,0
POITEM0007918,PO002276,PROD0095,76,56457.88,2026-10-06,2026-10-07,75,1
POITEM0007919,PO002277,PROD0173,36,128496.24,2026-09-14,2026-10-05,33,1
POITEM0007920,PO002277,PROD0138,73,3996.64,2026-09-14,2026-09-10,68,1
POITEM0007921,PO002277,PROD0027,44,104382.33,2026-09-14,2026-10-04,42,1
POITEM0007922,PO002277,PROD0082,95,19687.88,2026-09-14,2026-09-09,92,1
POITEM0007923,PO002277,PROD0002,68,94352.73,2026-09-14,2026-09-20,64,4
POITEM0007924,PO002277,PROD0198,81,32256.52,2026-09-14,2026-09-22,73,6
POITEM0007925,PO002278,PROD0184,54,15251.69,2026-09-15,2026-09-16,49,2
POITEM0007926,PO002278,PROD0004,40,67328.51,2026-09-15,2026-10-01,39,1
POITEM0007927,PO002278,PROD0219,51,20106.97,2026-09-15,2026-09-10,50,1
POITEM0007928,PO002278,PROD0159,42,90351.83,2026-09-15,2026-10-07,41,0
POITEM0007929,PO002279,PROD0023,12,41711.6,2026-10-17,2026-10-28,11,1
POITEM0007930,PO002279,PROD0015,17,94071.16,2026-10-17,2026-10-24,16,0
POITEM0007931,PO002280,PROD0036,14,48280.58,2026-10-05,2026-10-16,12,0
POITEM0007932,PO002280,PROD0098,17,160553.02,2026-10-05,2026-10-27,15,1
POITEM0007933,PO002280,PROD0080,45,17746.71,2026-10-05,2026-10-18,42,2
POITEM0007934,PO002280,PROD0215,8,139435.76,2026-10-05,2026-10-16,7,1
POITEM0007935,PO002280,PROD0168,78,107805.01,2026-10-05,2026-10-20,70,3
POITEM0007936,PO002280,PROD0074,42,36954.19,2026-10-05,2026-10-12,40,1
POITEM0007937,PO002281,PROD0087,36,124480.48,2026-09-20,2026-10-05,33,1
POITEM0007938,PO002281,PROD0041,61,127813.39,2026-09-20,2026-10-09,56,3
POITEM0007939,PO002282,PROD0242,93,64809.73,2026-10-11,2026-11-03,88,3
POITEM0007940,PO002282,PROD0152,88,61394.15,2026-10-11,2026-11-04,87,1
POITEM0007941,PO002282,PROD0085,100,34086.17,2026-10-11,2026-10-30,95,2
POITEM0007942,PO002282,PROD0010,59,12344.62,2026-10-11,2026-11-03,56,1
POITEM0007943,PO002282,PROD0211,63,79033.66,2026-10-11,2026-11-03,57,6
POITEM0007944,PO002282,PROD0115,33,92570.06,2026-10-11,2026-10-23,31,2
POITEM0007945,PO002283,PROD0091,10,13888.31,2026-10-13,2026-10-13,9,0
POITEM0007946,PO002283,PROD0187,43,66436.9,2026-10-13,2026-11-07,40,2
POITEM0007947,PO002283,PROD0236,54,6805.52,2026-10-13,2026-10-22,49,4
POITEM0007948,PO002283,PROD0192,82,5785.23,2026-10-13,2026-10-09,77,0
POITEM0007949,PO002283,PROD0040,85,150681.85,2026-10-13,2026-10-23,84,1
POITEM0007950,PO002283,PROD0085,99,33656.23,2026-10-13,2026-10-13,98,0
POITEM0007951,PO002284,PROD0151,23,47899.68,2026-10-17,2026-10-31,22,1
POITEM0007952,PO002284,PROD0193,73,126142.17,2026-10-17,2026-11-02,69,3
POITEM0007953,PO002284,PROD0163,42,25354.82,2026-10-17,2026-11-09,41,0
POITEM0007954,PO002284,PROD0233,27,2134.49,2026-10-17,2026-11-06,24,3
POITEM0007955,PO002285,PROD0066,73,131388.72,2026-10-19,2026-11-02,72,0
POITEM0007956,PO002285,PROD0174,19,134109.93,2026-10-19,2026-10-15,18,0
POITEM0007957,PO002285,PROD0224,86,47667.31,2026-10-19,2026-10-30,84,1
POITEM0007958,PO002285,PROD0150,35,137636.49,2026-10-19,2026-10-15,32,3
POITEM0007959,PO002286,PROD0016,72,161690.1,2026-09-22,2026-09-25,69,0
POITEM0007960,PO002287,PROD0147,17,73376.35,2026-09-19,2026-09-23,15,0
POITEM0007961,PO002287,PROD0183,54,63053.92,2026-09-19,2026-10-02,49,5
POITEM0007962,PO002287,PROD0022,41,127439.25,2026-09-19,2026-09-29,39,1
POITEM0007963,PO002288,PROD0215,70,132757.37,2026-10-12,2026-10-17,67,0
POITEM0007964,PO002288,PROD0178,91,93411.44,2026-10-12,2026-10-13,87,4
POITEM0007965,PO002289,PROD0097,21,111924.08,2026-10-06,2026-10-20,20,1
POITEM0007966,PO002289,PROD0181,54,129019.38,2026-10-06,2026-10-03,52,1
POITEM0007967,PO002289,PROD0064,17,94273.5,2026-10-06,2026-10-24,15,1
POITEM0007968,PO002289,PROD0086,96,96085.24,2026-10-06,2026-10-06,92,0
POITEM0007969,PO002290,PROD0016,19,147496.23,2026-09-16,2026-09-11,18,1
POITEM0007970,PO002290,PROD0131,32,133918.47,2026-09-16,2026-09-17,30,1
POITEM0007971,PO002290,PROD0091,53,14167.73,2026-09-16,2026-09-13,49,0
POITEM0007972,PO002291,PROD0154,58,43452.15,2026-09-15,2026-09-14,56,2
POITEM0007973,PO002291,PROD0128,23,52371.75,2026-09-15,2026-09-30,22,1
POITEM0007974,PO002291,PROD0135,45,34672.77,2026-09-15,2026-09-29,44,0
POITEM0007975,PO002291,PROD0127,85,176994.02,2026-09-15,2026-09-16,79,5
POITEM0007976,PO002291,PROD0049,65,9291.51,2026-09-15,2026-09-11,59,2
POITEM0007977,PO002292,PROD0183,79,48428.14,2026-10-03,2026-09-30,77,1
POITEM0007978,PO002293,PROD0206,50,128802.7,2026-10-19,2026-10-15,49,0
POITEM0007979,PO002294,PROD0213,87,4367.77,2026-10-17,2026-10-19,84,0
POITEM0007980,PO002294,PROD0189,65,40827.64,2026-10-17,2026-11-07,62,2
POITEM0007981,PO002295,PROD0073,84,66662.14,2026-09-24,2026-09-28,82,0
POITEM0007982,PO002295,PROD0023,54,43844.5,2026-09-24,2026-10-09,52,1
POITEM0007983,PO002295,PROD0136,7,101869.31,2026-09-24,2026-10-10,6,0
POITEM0007984,PO002296,PROD0005,29,141943.61,2026-09-19,2026-09-29,26,0
POITEM0007985,PO002296,PROD0162,94,169564.33,2026-09-19,2026-09-19,86,1
POITEM0007986,PO002296,PROD0155,5,25175.09,2026-09-19,2026-10-02,4,0
POITEM0007987,PO002296,PROD0236,54,5981.78,2026-09-19,2026-09-29,50,3
POITEM0007988,PO002296,PROD0051,64,160262.78,2026-09-19,2026-10-14,58,3
POITEM0007989,PO002296,PROD0023,60,42174.08,2026-09-19,2026-09-28,55,1
POITEM0007990,PO002297,PROD0088,49,84970.32,2026-10-06,2026-10-10,46,2
POITEM0007991,PO002297,PROD0196,45,78303.48,2026-10-06,2026-10-10,44,1
POITEM0007992,PO002297,PROD0245,80,51801.57,2026-10-06,2026-10-29,75,0
POITEM0007993,PO002297,PROD0117,27,49019.27,2026-10-06,2026-10-09,26,0
POITEM0007994,PO002298,PROD0085,26,47933.89,2026-09-19,2026-09-25,24,2
POITEM0007995,PO002298,PROD0207,93,96459.99,2026-09-19,2026-09-17,86,1
POITEM0007996,PO002298,PROD0221,7,71082.49,2026-09-19,2026-09-18,6,1
POITEM0007997,PO002298,PROD0179,80,106172.69,2026-09-19,2026-09-20,74,4
POITEM0007998,PO002298,PROD0065,41,12118.59,2026-09-19,2026-09-25,38,1
POITEM0007999,PO002299,PROD0211,69,64929.52,2026-10-01,2026-10-15,62,2
POITEM0008000,PO002299,PROD0013,25,135061.23,2026-10-01,2026-10-18,24,0
POITEM0008001,PO002300,PROD0168,11,102326.67,2026-10-10,2026-10-11,10,1
POITEM0008002,PO002300,PROD0243,87,28534.22,2026-10-10,2026-10-28,82,0
POITEM0008003,PO002301,PROD0250,41,88808.31,2026-10-08,2026-10-13,38,0
POITEM0008004,PO002301,PROD0168,60,114555.81,2026-10-08,2026-10-03,56,1
POITEM0008005,PO002301,PROD0134,49,69193.92,2026-10-08,2026-10-11,44,0
POITEM0008006,PO002302,PROD0036,2,58350.31,2026-09-27,2026-10-04,1,1
POITEM0008007,PO002302,PROD0205,37,119844.28,2026-09-27,2026-10-14,35,0
POITEM0008008,PO002302,PROD0204,41,114687.78,2026-09-27,2026-10-12,39,0
POITEM0008009,PO002302,PROD0109,96,895.07,2026-09-27,2026-10-18,95,1
POITEM0008010,PO002303,PROD0209,56,135746.78,2026-10-21,2026-10-21,51,0
POITEM0008011,PO002303,PROD0130,54,87233.52,2026-10-21,2026-11-15,52,1
POITEM0008012,PO002303,PROD0123,72,16748.77,2026-10-21,2026-10-23,68,2
POITEM0008013,PO002304,PROD0035,75,151595.17,2026-09-16,2026-09-25,72,1
POITEM0008014,PO002304,PROD0117,7,50130.94,2026-09-16,2026-09-16,6,1
POITEM0008015,PO002304,PROD0179,7,94096.41,2026-09-16,2026-09-24,6,1
POITEM0008016,PO002304,PROD0225,62,164728.33,2026-09-16,2026-10-10,59,1
POITEM0008017,PO002304,PROD0214,45,141011.74,2026-09-16,2026-09-16,41,0
POITEM0008018,PO002304,PROD0229,21,63863.47,2026-09-16,2026-09-18,20,1
POITEM0008019,PO002305,PROD0159,15,94405.44,2026-10-16,2026-10-16,14,1
POITEM0008020,PO002305,PROD0053,70,23899.48,2026-10-16,2026-10-16,68,2
POITEM0008021,PO002305,PROD0117,34,42059.69,2026-10-16,2026-10-27,32,2
POITEM0008022,PO002305,PROD0119,78,112435.55,2026-10-16,2026-11-08,74,0
POITEM0008023,PO002305,PROD0197,76,128297.66,2026-10-16,2026-11-01,72,4
POITEM0008024,PO002306,PROD0213,11,4862.42,2026-09-27,2026-10-04,9,2
POITEM0008025,PO002306,PROD0155,93,26690.94,2026-09-27,2026-10-02,84,9
POITEM0008026,PO002306,PROD0092,75,123006.13,2026-09-27,2026-09-24,70,5
POITEM0008027,PO002307,PROD0180,51,108908.85,2026-10-10,2026-10-26,50,1
POITEM0008028,PO002307,PROD0150,39,157234.01,2026-10-10,2026-10-18,36,2
POITEM0008029,PO002307,PROD0071,99,112433.33,2026-10-10,2026-10-15,94,1
POITEM0008030,PO002307,PROD0081,31,60253.63,2026-10-10,2026-10-31,29,2
POITEM0008031,PO002307,PROD0215,1,106614.07,2026-10-10,2026-10-05,0,1
POITEM0008032,PO002307,PROD0210,10,46751.1,2026-10-10,2026-11-04,9,1
POITEM0008033,PO002308,PROD0078,20,70334.48,2026-10-01,2026-10-24,19,1
POITEM0008034,PO002308,PROD0224,64,44567.5,2026-10-01,2026-10-13,61,2
POITEM0008035,PO002309,PROD0066,2,156465.47,2026-09-21,2026-10-11,1,0
POITEM0008036,PO002309,PROD0127,65,143012.85,2026-09-21,2026-10-04,59,3
POITEM0008037,PO002309,PROD0228,98,110922.54,2026-09-21,2026-10-01,95,2
POITEM0008038,PO002310,PROD0032,88,29796.0,2026-10-18,2026-10-22,87,1
POITEM0008039,PO002311,PROD0241,79,84300.24,2026-09-16,2026-10-02,77,0
POITEM0008040,PO002311,PROD0012,55,21094.4,2026-09-16,2026-09-26,52,1
POITEM0008041,PO002311,PROD0192,98,6436.1,2026-09-16,2026-10-01,93,2
POITEM0008042,PO002311,PROD0239,6,79482.29,2026-09-16,2026-10-04,5,0
POITEM0008043,PO002312,PROD0179,40,105296.9,2026-09-23,2026-10-09,39,0
POITEM0008044,PO002312,PROD0008,60,103740.63,2026-09-23,2026-10-03,55,5
POITEM0008045,PO002312,PROD0015,5,82438.09,2026-09-23,2026-10-14,4,1
POITEM0008046,PO002312,PROD0205,31,109155.03,2026-09-23,2026-09-26,30,1
POITEM0008047,PO002312,PROD0177,6,133088.52,2026-09-23,2026-10-09,5,0
POITEM0008048,PO002313,PROD0106,13,1642.54,2026-10-09,2026-10-11,11,2
POITEM0008049,PO002314,PROD0004,76,70388.93,2026-09-17,2026-10-01,73,1
POITEM0008050,PO002314,PROD0192,88,6305.65,2026-09-17,2026-10-05,86,0
POITEM0008051,PO002314,PROD0125,50,40300.19,2026-09-17,2026-10-10,48,1
POITEM0008052,PO002315,PROD0124,23,62045.43,2026-10-20,2026-10-30,22,1
POITEM0008053,PO002315,PROD0083,37,129841.26,2026-10-20,2026-11-04,35,0
POITEM0008054,PO002315,PROD0216,92,113898.62,2026-10-20,2026-10-31,91,0
POITEM0008055,PO002316,PROD0195,97,17815.19,2026-09-22,2026-09-29,92,3
POITEM0008056,PO002316,PROD0144,88,54946.1,2026-09-22,2026-10-15,83,4
POITEM0008057,PO002317,PROD0236,46,5850.63,2026-10-02,2026-10-18,41,0
POITEM0008058,PO002317,PROD0024,55,17908.36,2026-10-02,2026-10-26,51,3
POITEM0008059,PO002317,PROD0246,67,85279.25,2026-10-02,2026-10-26,62,4
POITEM0008060,PO002318,PROD0089,46,69137.43,2026-10-11,2026-10-29,45,1
POITEM0008061,PO002319,PROD0178,42,105571.8,2026-09-22,2026-09-28,41,1
POITEM0008062,PO002320,PROD0107,39,15605.27,2026-09-29,2026-09-25,38,0
POITEM0008063,PO002320,PROD0021,54,126383.74,2026-09-29,2026-10-23,51,1
POITEM0008064,PO002320,PROD0221,50,86279.97,2026-09-29,2026-10-02,48,1
POITEM0008065,PO002320,PROD0108,82,107191.35,2026-09-29,2026-09-24,76,2
POITEM0008066,PO002320,PROD0144,73,50484.8,2026-09-29,2026-10-22,70,2
POITEM0008067,PO002320,PROD0150,41,133810.59,2026-09-29,2026-09-27,37,3
POITEM0008068,PO002321,PROD0222,10,108102.15,2026-09-23,2026-09-25,9,0
POITEM0008069,PO002322,PROD0086,34,116932.3,2026-10-16,2026-11-09,30,2
POITEM0008070,PO002322,PROD0107,10,15148.26,2026-10-16,2026-10-27,9,0
POITEM0008071,PO002322,PROD0049,48,8671.56,2026-10-16,2026-10-23,44,4
POITEM0008072,PO002322,PROD0048,52,89646.6,2026-10-16,2026-10-13,49,1
POITEM0008073,PO002322,PROD0034,11,53210.51,2026-10-16,2026-11-10,10,0
POITEM0008074,PO002323,PROD0182,95,62382.98,2026-09-28,2026-10-21,88,4
POITEM0008075,PO002323,PROD0110,72,21935.45,2026-09-28,2026-10-19,67,5
POITEM0008076,PO002323,PROD0232,50,98032.35,2026-09-28,2026-10-11,45,3
POITEM0008077,PO002323,PROD0146,71,140398.07,2026-09-28,2026-10-02,70,1
POITEM0008078,PO002323,PROD0116,74,42744.4,2026-09-28,2026-10-17,70,4
POITEM0008079,PO002323,PROD0217,81,66074.17,2026-09-28,2026-10-12,72,6
POITEM0008080,PO002324,PROD0051,8,127556.43,2026-09-16,2026-09-22,7,0
POITEM0008081,PO002324,PROD0022,64,154831.79,2026-09-16,2026-10-01,58,0
POITEM0008082,PO002324,PROD0147,34,76988.69,2026-09-16,2026-10-03,32,0
POITEM0008083,PO002324,PROD0109,50,808.72,2026-09-16,2026-09-29,45,1
POITEM0008084,PO002324,PROD0239,24,78371.26,2026-09-16,2026-10-05,23,1
POITEM0008085,PO002324,PROD0058,73,129960.65,2026-09-16,2026-10-04,68,0
POITEM0008086,PO002325,PROD0065,16,14792.73,2026-10-15,2026-10-14,14,1
POITEM0008087,PO002325,PROD0035,37,176754.59,2026-10-15,2026-10-22,36,0
POITEM0008088,PO002325,PROD0061,15,60519.18,2026-10-15,2026-10-25,14,1
POITEM0008089,PO002325,PROD0002,27,104786.14,2026-10-15,2026-10-13,25,2
POITEM0008090,PO002326,PROD0147,65,55384.31,2026-09-13,2026-10-05,61,3
POITEM0008091,PO002327,PROD0120,84,155705.58,2026-09-27,2026-09-22,80,4
POITEM0008092,PO002327,PROD0175,47,67815.14,2026-09-27,2026-10-13,46,1
POITEM0008093,PO002328,PROD0208,1,46451.88,2026-10-14,2026-10-22,0,0
POITEM0008094,PO002328,PROD0100,23,113357.09,2026-10-14,2026-10-15,22,0
POITEM0008095,PO002329,PROD0049,27,8347.22,2026-10-07,2026-10-22,25,2
POITEM0008096,PO002329,PROD0090,46,41334.65,2026-10-07,2026-10-17,42,3
POITEM0008097,PO002329,PROD0107,48,17803.54,2026-10-07,2026-10-14,44,4
POITEM0008098,PO002329,PROD0121,94,114765.15,2026-10-07,2026-10-11,90,1
POITEM0008099,PO002330,PROD0134,39,83042.54,2026-09-19,2026-10-12,36,0
POITEM0008100,PO002330,PROD0080,91,23133.84,2026-09-19,2026-09-15,82,3
POITEM0008101,PO002330,PROD0205,96,129707.49,2026-09-19,2026-09-19,86,7
POITEM0008102,PO002330,PROD0017,27,109658.41,2026-09-19,2026-09-14,25,0
POITEM0008103,PO002330,PROD0001,97,5512.54,2026-09-19,2026-09-18,88,4
POITEM0008104,PO002331,PROD0045,89,52140.56,2026-10-21,2026-10-28,88,0
POITEM0008105,PO002331,PROD0182,96,55455.19,2026-10-21,2026-11-10,91,2
POITEM0008106,PO002331,PROD0114,17,38659.61,2026-10-21,2026-11-06,15,2
POITEM0008107,PO002331,PROD0078,30,60818.75,2026-10-21,2026-11-10,29,1
POITEM0008108,PO002331,PROD0222,53,132120.6,2026-10-21,2026-10-18,52,0
POITEM0008109,PO002332,PROD0132,32,72048.69,2026-10-11,2026-11-01,29,0
POITEM0008110,PO002332,PROD0177,88,116059.63,2026-10-11,2026-11-01,83,3
POITEM0008111,PO002332,PROD0193,87,120404.93,2026-10-11,2026-10-28,81,5
POITEM0008112,PO002332,PROD0039,75,59973.58,2026-10-11,2026-10-16,73,2
POITEM0008113,PO002332,PROD0004,86,87344.0,2026-10-11,2026-10-19,84,0
POITEM0008114,PO002333,PROD0018,86,24218.15,2026-10-08,2026-10-30,77,1
POITEM0008115,PO002333,PROD0144,91,64800.48,2026-10-08,2026-10-06,86,0
POITEM0008116,PO002333,PROD0086,84,107078.55,2026-10-08,2026-11-01,76,2
POITEM0008117,PO002333,PROD0052,65,34286.35,2026-10-08,2026-10-27,62,0
POITEM0008118,PO002333,PROD0236,60,7407.04,2026-10-08,2026-10-18,59,0
POITEM0008119,PO002333,PROD0167,27,109829.34,2026-10-08,2026-10-23,25,1
POITEM0008120,PO002334,PROD0099,93,157456.09,2026-10-19,2026-11-13,88,4
POITEM0008121,PO002334,PROD0101,39,101807.23,2026-10-19,2026-10-29,38,0
POITEM0008122,PO002334,PROD0059,65,41650.74,2026-10-19,2026-10-16,64,0
POITEM0008123,PO002334,PROD0167,21,98025.2,2026-10-19,2026-10-27,20,1
POITEM0008124,PO002335,PROD0132,26,89552.73,2026-09-14,2026-09-30,23,3
POITEM0008125,PO002335,PROD0072,79,3020.71,2026-09-14,2026-09-10,72,2
POITEM0008126,PO002335,PROD0087,86,143842.03,2026-09-14,2026-09-30,82,4
POITEM0008127,PO002335,PROD0003,36,43788.66,2026-09-14,2026-09-09,34,0
POITEM0008128,PO002335,PROD0050,63,47009.04,2026-09-14,2026-09-20,60,1
POITEM0008129,PO002336,PROD0163,86,21539.53,2026-09-28,2026-10-16,85,0
POITEM0008130,PO002336,PROD0177,85,126675.5,2026-09-28,2026-09-29,80,1
POITEM0008131,PO002336,PROD0051,91,119204.33,2026-09-28,2026-10-01,90,1
POITEM0008132,PO002337,PROD0217,58,56541.87,2026-09-29,2026-10-24,55,2
POITEM0008133,PO002337,PROD0177,54,140295.32,2026-09-29,2026-10-08,49,0
POITEM0008134,PO002338,PROD0162,94,157560.6,2026-10-18,2026-10-20,86,0
POITEM0008135,PO002338,PROD0088,48,96146.42,2026-10-18,2026-10-25,45,3
POITEM0008136,PO002338,PROD0013,72,166292.76,2026-10-18,2026-10-14,71,1
POITEM0008137,PO002338,PROD0209,9,132360.8,2026-10-18,2026-10-17,8,1
POITEM0008138,PO002338,PROD0207,43,82893.78,2026-10-18,2026-10-17,40,2
POITEM0008139,PO002339,PROD0075,65,107387.77,2026-09-18,2026-09-24,64,0
POITEM0008140,PO002339,PROD0204,93,97245.44,2026-09-18,2026-10-02,86,3
POITEM0008141,PO002339,PROD0139,65,97376.88,2026-09-18,2026-09-29,61,1
POITEM0008142,PO002339,PROD0155,1,22431.44,2026-09-18,2026-10-12,0,0
POITEM0008143,PO002339,PROD0019,42,140284.8,2026-09-18,2026-09-16,40,1
POITEM0008144,PO002340,PROD0120,74,126777.91,2026-09-27,2026-09-24,71,1
POITEM0008145,PO002340,PROD0114,52,40504.94,2026-09-27,2026-10-15,51,0
POITEM0008146,PO002340,PROD0128,53,63950.71,2026-09-27,2026-10-19,47,2
POITEM0008147,PO002340,PROD0106,57,1830.1,2026-09-27,2026-10-05,55,1
POITEM0008148,PO002340,PROD0069,18,6115.19,2026-09-27,2026-10-08,16,0
POITEM0008149,PO002341,PROD0181,97,121144.26,2026-10-08,2026-10-15,88,1
POITEM0008150,PO002341,PROD0243,73,22628.62,2026-10-08,2026-10-23,72,1
POITEM0008151,PO002342,PROD0069,4,6624.1,2026-09-29,2026-10-22,3,0
POITEM0008152,PO002342,PROD0182,73,59966.38,2026-09-29,2026-10-03,71,2
POITEM0008153,PO002342,PROD0238,34,127015.17,2026-09-29,2026-10-12,33,1
POITEM0008154,PO002342,PROD0145,25,2478.89,2026-09-29,2026-10-15,24,1
POITEM0008155,PO002342,PROD0171,95,138339.44,2026-09-29,2026-10-21,86,5
POITEM0008156,PO002342,PROD0209,59,133937.91,2026-09-29,2026-10-09,57,1
POITEM0008157,PO002343,PROD0020,70,98136.11,2026-10-11,2026-10-23,65,3
POITEM0008158,PO002343,PROD0185,44,94070.99,2026-10-11,2026-10-26,39,2
POITEM0008159,PO002343,PROD0226,3,108809.86,2026-10-11,2026-10-30,2,0
POITEM0008160,PO002343,PROD0061,91,58475.45,2026-10-11,2026-11-03,89,2
POITEM0008161,PO002344,PROD0179,48,98223.52,2026-09-14,2026-09-28,45,2
POITEM0008162,PO002345,PROD0103,27,22664.18,2026-10-18,2026-10-31,24,2
POITEM0008163,PO002345,PROD0191,97,4926.14,2026-10-18,2026-10-31,88,3
POITEM0008164,PO002345,PROD0114,50,36582.04,2026-10-18,2026-11-07,45,0
POITEM0008165,PO002345,PROD0132,15,67348.96,2026-10-18,2026-10-31,14,1
POITEM0008166,PO002345,PROD0049,12,8493.29,2026-10-18,2026-10-17,10,2
POITEM0008167,PO002345,PROD0037,59,84045.49,2026-10-18,2026-10-13,58,1
POITEM0008168,PO002346,PROD0028,86,147062.18,2026-09-17,2026-09-19,78,6
POITEM0008169,PO002346,PROD0144,5,60422.28,2026-09-17,2026-10-04,4,1
POITEM0008170,PO002346,PROD0199,69,80842.61,2026-09-17,2026-09-13,68,1
POITEM0008171,PO002346,PROD0084,18,159581.88,2026-09-17,2026-09-12,17,0
POITEM0008172,PO002347,PROD0232,29,134150.57,2026-09-22,2026-10-16,28,0
POITEM0008173,PO002348,PROD0241,21,81421.43,2026-09-19,2026-09-14,20,1
POITEM0008174,PO002348,PROD0141,51,165418.33,2026-09-19,2026-10-11,49,1
POITEM0008175,PO002348,PROD0026,55,62910.94,2026-09-19,2026-09-21,51,3
POITEM0008176,PO002348,PROD0242,21,85915.18,2026-09-19,2026-10-14,18,0
POITEM0008177,PO002348,PROD0018,26,31702.3,2026-09-19,2026-10-04,25,1
POITEM0008178,PO002349,PROD0076,33,29713.77,2026-09-18,,32,0
POITEM0008179,PO002349,PROD0199,49,105156.87,2026-09-18,2026-09-24,44,3
POITEM0008180,PO002350,PROD0001,75,5681.12,2026-10-18,2026-11-02,69,5
POITEM0008181,PO002350,PROD0118,1,115182.4,2026-10-18,2026-10-24,0,1
POITEM0008182,PO002350,PROD0164,85,74485.12,2026-10-18,2026-11-09,80,2
POITEM0008183,PO002350,PROD0026,63,64219.68,2026-10-18,2026-11-07,60,2
POITEM0008184,PO002351,PROD0151,63,51991.04,2026-09-27,2026-10-07,58,0
POITEM0008185,PO002351,PROD0105,41,85132.93,2026-09-27,2026-09-30,39,1
POITEM0008186,PO002352,PROD0052,51,40264.16,2026-09-26,2026-09-29,50,0
POITEM0008187,PO002352,PROD0154,76,40769.27,2026-09-26,2026-10-21,74,2
POITEM0008188,PO002352,PROD0063,44,100618.04,2026-09-26,2026-09-29,42,1
POITEM0008189,PO002352,PROD0020,71,71763.8,2026-09-26,2026-10-11,66,4
POITEM0008190,PO002353,PROD0192,85,5361.83,2026-10-13,2026-10-09,78,5
POITEM0008191,PO002353,PROD0248,67,7246.91,2026-10-13,2026-11-07,65,2
POITEM0008192,PO002353,PROD0062,55,108879.0,2026-10-13,2026-10-25,52,0
POITEM0008193,PO002353,PROD0184,8,15120.99,2026-10-13,2026-11-04,7,0
POITEM0008194,PO002354,PROD0055,76,183197.33,2026-10-19,2026-11-08,72,1
POITEM0008195,PO002354,PROD0025,55,32608.47,2026-10-19,2026-11-09,50,3
POITEM0008196,PO002354,PROD0035,17,154814.27,2026-10-19,2026-10-24,16,1
POITEM0008197,PO002355,PROD0200,88,10999.25,2026-10-08,2026-10-04,86,2
POITEM0008198,PO002355,PROD0131,42,134940.32,2026-10-08,2026-10-19,40,0
POITEM0008199,PO002355,PROD0230,40,32674.06,2026-10-08,2026-10-03,37,0
POITEM0008200,PO002355,PROD0013,100,170722.42,2026-10-08,2026-10-12,98,1
POITEM0008201,PO002356,PROD0213,41,6888.56,2026-10-10,2026-10-24,37,3
POITEM0008202,PO002357,PROD0004,86,78596.94,2026-09-17,2026-09-13,80,0
POITEM0008203,PO002357,PROD0011,58,48883.63,2026-09-17,2026-09-18,57,1
POITEM0008204,PO002357,PROD0007,33,61320.68,2026-09-17,2026-09-24,29,3
POITEM0008205,PO002357,PROD0019,98,161884.67,2026-09-17,2026-10-04,88,3
POITEM0008206,PO002357,PROD0235,81,8612.57,2026-09-17,2026-09-21,78,3
POITEM0008207,PO002357,PROD0149,37,177311.84,2026-09-17,2026-09-19,34,3
POITEM0008208,PO002358,PROD0060,5,94649.42,2026-09-28,2026-10-10,4,1
POITEM0008209,PO002358,PROD0210,14,41928.83,2026-09-28,2026-09-29,13,0
POITEM0008210,PO002358,PROD0147,74,79267.18,2026-09-28,2026-10-09,72,1
POITEM0008211,PO002358,PROD0163,74,23517.18,2026-09-28,2026-10-05,67,7
POITEM0008212,PO002358,PROD0249,9,64339.84,2026-09-28,2026-10-09,8,0
POITEM0008213,PO002359,PROD0028,2,131709.5,2026-10-15,2026-10-21,1,1
POITEM0008214,PO002359,PROD0052,17,33013.95,2026-10-15,2026-11-08,15,2
POITEM0008215,PO002360,PROD0164,23,68095.45,2026-09-27,2026-10-03,22,0
POITEM0008216,PO002360,PROD0065,14,14980.21,2026-09-27,2026-09-24,13,0
POITEM0008217,PO002360,PROD0168,26,96498.54,2026-09-27,2026-10-16,23,2
POITEM0008218,PO002360,PROD0203,77,74381.99,2026-09-27,2026-10-01,72,5
POITEM0008219,PO002360,PROD0182,2,48169.87,2026-09-27,2026-10-10,1,1
POITEM0008220,PO002361,PROD0170,37,52941.47,2026-09-16,2026-09-13,35,0
POITEM0008221,PO002361,PROD0148,41,165548.4,2026-09-16,2026-09-29,37,3
POITEM0008222,PO002362,PROD0160,94,14609.05,2026-09-17,,89,1
POITEM0008223,PO002362,PROD0190,98,81977.55,2026-09-17,2026-10-06,89,2
POITEM0008224,PO002362,PROD0211,32,78958.39,2026-09-17,2026-09-29,31,1
POITEM0008225,PO002362,PROD0151,87,38996.7,2026-09-17,2026-09-25,81,3
POITEM0008226,PO002362,PROD0010,50,14354.9,2026-09-17,2026-10-09,45,3
POITEM0008227,PO002363,PROD0162,50,164467.34,2026-10-11,2026-11-01,49,0
POITEM0008228,PO002364,PROD0135,10,36452.85,2026-09-22,2026-10-15,9,0
POITEM0008229,PO002364,PROD0148,100,132690.88,2026-09-22,2026-10-17,92,4
POITEM0008230,PO002364,PROD0241,3,88982.86,2026-09-22,2026-10-07,2,0
POITEM0008231,PO002364,PROD0082,73,18703.48,2026-09-22,2026-10-06,71,1
POITEM0008232,PO002364,PROD0230,71,42670.15,2026-09-22,2026-09-23,68,3
POITEM0008233,PO002364,PROD0215,37,148102.06,2026-09-22,2026-09-26,35,2
POITEM0008234,PO002365,PROD0168,26,112106.05,2026-09-29,2026-10-07,24,0
POITEM0008235,PO002365,PROD0050,21,48047.11,2026-09-29,2026-10-16,19,2
POITEM0008236,PO002365,PROD0006,86,36266.78,2026-09-29,2026-09-30,84,2
POITEM0008237,PO002365,PROD0136,80,122344.5,2026-09-29,2026-10-21,79,1
POITEM0008238,PO002365,PROD0026,91,58748.42,2026-09-29,2026-09-24,87,1
POITEM0008239,PO002365,PROD0131,50,113005.34,2026-09-29,2026-10-18,49,1
POITEM0008240,PO002366,PROD0131,1,106101.69,2026-10-10,2026-10-20,0,0
POITEM0008241,PO002366,PROD0043,45,87059.8,2026-10-10,2026-11-03,42,2
POITEM0008242,PO002367,PROD0021,29,149196.9,2026-10-11,2026-11-01,28,0
POITEM0008243,PO002367,PROD0142,10,138493.04,2026-10-11,2026-11-01,9,1
POITEM0008244,PO002367,PROD0084,66,127488.79,2026-10-11,2026-10-19,61,0
POITEM0008245,PO002367,PROD0031,44,75579.02,2026-10-11,2026-10-20,43,1
POITEM0008246,PO002367,PROD0057,52,88566.79,2026-10-11,2026-11-01,49,3
POITEM0008247,PO002368,PROD0019,86,143177.88,2026-10-15,2026-10-27,78,8
POITEM0008248,PO002368,PROD0152,78,57883.92,2026-10-15,2026-10-14,72,6
POITEM0008249,PO002368,PROD0035,5,150554.22,2026-10-15,2026-11-06,4,0
POITEM0008250,PO002368,PROD0181,8,151054.46,2026-10-15,2026-11-08,7,0
POITEM0008251,PO002369,PROD0249,35,66109.03,2026-10-20,2026-10-16,33,1
POITEM0008252,PO002369,PROD0114,65,40651.4,2026-10-20,2026-11-03,61,1
POITEM0008253,PO002369,PROD0082,31,20660.9,2026-10-20,2026-11-05,30,0
POITEM0008254,PO002369,PROD0206,27,150092.98,2026-10-20,2026-10-28,25,0
POITEM0008255,PO002369,PROD0113,49,119657.06,2026-10-20,2026-10-29,47,1
POITEM0008256,PO002370,PROD0124,22,67440.82,2026-10-05,2026-10-08,21,1
POITEM0008257,PO002370,PROD0029,85,1249.16,2026-10-05,2026-10-29,77,2
POITEM0008258,PO002370,PROD0153,49,123419.71,2026-10-05,2026-10-10,48,1
POITEM0008259,PO002370,PROD0224,97,41127.0,2026-10-05,2026-10-28,88,7
POITEM0008260,PO002370,PROD0165,9,149126.25,2026-10-05,2026-10-06,8,1
POITEM0008261,PO002371,PROD0148,62,139808.05,2026-10-09,2026-11-03,57,2
POITEM0008262,PO002371,PROD0216,90,108348.5,2026-10-09,2026-10-15,81,1
POITEM0008263,PO002371,PROD0107,89,17847.99,2026-10-09,2026-10-27,82,4
POITEM0008264,PO002372,PROD0059,98,42562.8,2026-09-24,2026-09-24,96,1
POITEM0008265,PO002372,PROD0116,57,39749.3,2026-09-24,2026-10-12,53,2
POITEM0008266,PO002372,PROD0092,39,142200.71,2026-09-24,2026-10-10,36,1
POITEM0008267,PO002373,PROD0036,84,47846.73,2026-09-20,2026-10-11,82,2
POITEM0008268,PO002373,PROD0185,74,90550.87,2026-09-20,2026-10-15,72,0
POITEM0008269,PO002373,PROD0108,91,88815.26,2026-09-20,2026-09-18,83,8
POITEM0008270,PO002374,PROD0243,14,32342.26,2026-10-07,2026-10-28,13,0
POITEM0008271,PO002374,PROD0027,41,129336.01,2026-10-07,2026-10-25,39,1
POITEM0008272,PO002374,PROD0196,61,73376.09,2026-10-07,2026-10-30,59,0
POITEM0008273,PO002375,PROD0140,45,23555.28,2026-10-04,2026-10-01,43,1
POITEM0008274,PO002375,PROD0222,59,115613.9,2026-10-04,2026-10-12,58,1
POITEM0008275,PO002376,PROD0108,85,105579.56,2026-10-10,,77,8
POITEM0008276,PO002376,PROD0127,2,157499.45,2026-10-10,2026-10-24,1,0
POITEM0008277,PO002376,PROD0010,65,10842.2,2026-10-10,2026-10-28,58,3
POITEM0008278,PO002376,PROD0167,9,110367.9,2026-10-10,2026-11-01,8,0
POITEM0008279,PO002376,PROD0095,34,52843.22,2026-10-10,2026-10-18,33,1
POITEM0008280,PO002376,PROD0016,90,148760.47,2026-10-10,2026-10-06,81,2
POITEM0008281,PO002377,PROD0082,7,16077.69,2026-09-29,2026-10-01,6,1
POITEM0008282,PO002377,PROD0131,96,144030.37,2026-09-29,2026-10-17,86,5
POITEM0008283,PO002377,PROD0244,49,76531.6,2026-09-29,2026-09-30,46,1
POITEM0008284,PO002377,PROD0110,27,25861.65,2026-09-29,2026-10-18,26,0
POITEM0008285,PO002378,PROD0077,47,119124.63,2026-10-11,2026-10-10,46,1
POITEM0008286,PO002378,PROD0160,99,14543.53,2026-10-11,2026-10-16,94,3
POITEM0008287,PO002379,PROD0087,10,134391.26,2026-10-21,2026-10-26,9,1
POITEM0008288,PO002380,PROD0121,18,106382.7,2026-10-06,2026-10-13,16,0
POITEM0008289,PO002380,PROD0219,69,21368.02,2026-10-06,2026-10-18,64,0
POITEM0008290,PO002380,PROD0136,82,124190.52,2026-10-06,2026-10-07,81,0
POITEM0008291,PO002380,PROD0241,35,76234.71,2026-10-06,2026-10-22,33,2
POITEM0008292,PO002380,PROD0244,19,58048.71,2026-10-06,2026-10-15,18,0
POITEM0008293,PO002380,PROD0164,49,83822.39,2026-10-06,2026-10-04,47,2
POITEM0008294,PO002381,PROD0192,92,6654.56,2026-10-03,2026-10-27,85,6
POITEM0008295,PO002381,PROD0172,75,129031.1,2026-10-03,2026-10-27,74,1
POITEM0008296,PO002381,PROD0100,95,103647.86,2026-10-03,2026-10-06,91,3
POITEM0008297,PO002381,PROD0198,54,40074.63,2026-10-03,2026-10-21,50,1
POITEM0008298,PO002381,PROD0042,28,45205.47,2026-10-03,2026-10-18,27,1
POITEM0008299,PO002382,PROD0054,88,84403.69,2026-09-17,2026-09-29,81,5
POITEM0008300,PO002383,PROD0072,89,2544.1,2026-09-24,2026-09-24,80,6
POITEM0008301,PO002383,PROD0121,68,116692.59,2026-09-24,2026-09-22,66,2
POITEM0008302,PO002383,PROD0144,25,61316.91,2026-09-24,2026-10-18,23,0
POITEM0008303,PO002383,PROD0194,79,47640.66,2026-09-24,2026-09-23,77,0
POITEM0008304,PO002383,PROD0114,93,38459.07,2026-09-24,2026-10-07,92,1
POITEM0008305,PO002383,PROD0193,12,140957.99,2026-09-24,2026-10-13,11,0
POITEM0008306,PO002384,PROD0058,98,131221.9,2026-09-22,2026-10-14,94,3
POITEM0008307,PO002384,PROD0036,24,49557.27,2026-09-22,2026-09-28,23,0
POITEM0008308,PO002384,PROD0131,88,132405.05,2026-09-22,2026-10-05,82,2
POITEM0008309,PO002384,PROD0193,94,109016.95,2026-09-22,2026-09-20,87,5
POITEM0008310,PO002384,PROD0179,36,112433.28,2026-09-22,2026-09-27,33,2
POITEM0008311,PO002384,PROD0001,36,4515.31,2026-09-22,2026-09-19,34,2
POITEM0008312,PO002385,PROD0043,31,68511.91,2026-09-22,2026-09-19,30,1
POITEM0008313,PO002385,PROD0082,99,17858.18,2026-09-22,2026-09-17,94,0
POITEM0008314,PO002385,PROD0138,30,3403.99,2026-09-22,2026-09-28,27,3
POITEM0008315,PO002385,PROD0230,29,37757.5,2026-09-22,2026-09-17,28,0
POITEM0008316,PO002385,PROD0136,21,125528.99,2026-09-22,2026-10-03,19,0
POITEM0008317,PO002386,PROD0122,39,93517.47,2026-09-15,2026-10-07,36,0
POITEM0008318,PO002386,PROD0049,40,9734.08,2026-09-15,2026-09-24,39,1
POITEM0008319,PO002386,PROD0084,47,141524.42,2026-09-15,2026-09-24,45,0
POITEM0008320,PO002386,PROD0171,55,142134.66,2026-09-15,2026-10-06,53,2
POITEM0008321,PO002387,PROD0183,25,63728.0,2026-09-19,2026-09-18,24,1
POITEM0008322,PO002387,PROD0112,8,113011.28,2026-09-19,2026-09-30,7,1
POITEM0008323,PO002387,PROD0168,23,125397.98,2026-09-19,2026-10-11,22,1
POITEM0008324,PO002387,PROD0036,69,55498.9,2026-09-19,2026-09-24,63,3
POITEM0008325,PO002387,PROD0024,38,16572.0,2026-09-19,2026-10-14,34,1
POITEM0008326,PO002388,PROD0113,88,102946.05,2026-09-19,2026-10-05,83,4
POITEM0008327,PO002388,PROD0099,69,166191.79,2026-09-19,2026-09-19,66,1
POITEM0008328,PO002388,PROD0013,3,162413.99,2026-09-19,2026-10-02,2,0
POITEM0008329,PO002389,PROD0140,67,31515.46,2026-10-04,2026-10-18,64,2
POITEM0008330,PO002389,PROD0113,51,110429.06,2026-10-04,2026-10-13,47,1
POITEM0008331,PO002389,PROD0046,51,6020.34,2026-10-04,2026-10-05,49,0
POITEM0008332,PO002390,PROD0052,71,39094.18,2026-09-20,2026-09-24,70,1
POITEM0008333,PO002390,PROD0063,6,114964.3,2026-09-20,2026-09-18,5,1
POITEM0008334,PO002390,PROD0005,21,152069.16,2026-09-20,2026-10-08,20,1
POITEM0008335,PO002390,PROD0219,20,27859.34,2026-09-20,2026-10-01,18,0
POITEM0008336,PO002391,PROD0242,90,72564.13,2026-10-06,2026-10-29,83,6
POITEM0008337,PO002391,PROD0054,40,62571.97,2026-10-06,2026-10-20,36,0
POITEM0008338,PO002392,PROD0212,86,10100.78,2026-10-05,2026-10-15,83,2
POITEM0008339,PO002392,PROD0208,74,49491.77,2026-10-05,2026-10-02,68,5
POITEM0008340,PO002392,PROD0073,12,88752.52,2026-10-05,2026-10-13,11,0
POITEM0008341,PO002392,PROD0201,33,9731.33,2026-10-05,2026-10-27,31,2
POITEM0008342,PO002392,PROD0227,91,86077.27,2026-10-05,2026-10-07,84,0
POITEM0008343,PO002393,PROD0242,8,66732.77,2026-09-18,2026-10-05,7,0
POITEM0008344,PO002393,PROD0025,50,34736.11,2026-09-18,2026-09-26,49,0
POITEM0008345,PO002394,PROD0111,19,70030.04,2026-10-19,2026-10-30,17,1
POITEM0008346,PO002394,PROD0046,47,5209.16,2026-10-19,2026-11-09,45,1
POITEM0008347,PO002394,PROD0193,40,122296.4,2026-10-19,2026-10-16,37,2
POITEM0008348,PO002394,PROD0249,97,51160.57,2026-10-19,2026-10-14,91,4
POITEM0008349,PO002395,PROD0085,49,34550.87,2026-10-03,2026-10-02,46,1
POITEM0008350,PO002395,PROD0117,74,43460.59,2026-10-03,2026-10-09,72,0
POITEM0008351,PO002395,PROD0158,98,112438.83,2026-10-03,2026-10-24,95,0
POITEM0008352,PO002395,PROD0234,82,17803.89,2026-10-03,2026-09-28,76,4
POITEM0008353,PO002395,PROD0238,40,93889.05,2026-10-03,2026-10-14,38,1
POITEM0008354,PO002395,PROD0219,11,24864.02,2026-10-03,2026-09-29,10,1
POITEM0008355,PO002396,PROD0199,8,107137.47,2026-10-10,2026-10-10,7,1
POITEM0008356,PO002396,PROD0107,1,17612.0,2026-10-10,2026-10-14,0,1
POITEM0008357,PO002396,PROD0192,76,6261.64,2026-10-10,2026-10-05,69,1
POITEM0008358,PO002396,PROD0012,57,27369.59,2026-10-10,2026-10-13,53,4
POITEM0008359,PO002396,PROD0190,85,80065.28,2026-10-10,2026-10-15,83,0
POITEM0008360,PO002396,PROD0169,66,59149.13,2026-10-10,2026-10-31,61,5
POITEM0008361,PO002397,PROD0028,18,111342.02,2026-10-03,2026-10-26,17,1
POITEM0008362,PO002397,PROD0233,36,2752.65,2026-10-03,2026-09-30,34,0
POITEM0008363,PO002397,PROD0211,54,81629.96,2026-10-03,2026-10-10,49,5
POITEM0008364,PO002397,PROD0185,63,93494.52,2026-10-03,2026-10-15,61,2
POITEM0008365,PO002397,PROD0098,37,142680.55,2026-10-03,2026-10-08,33,3
POITEM0008366,PO002398,PROD0218,19,28245.22,2026-10-01,2026-10-25,18,0
POITEM0008367,PO002398,PROD0212,56,13538.69,2026-10-01,2026-10-07,54,0
POITEM0008368,PO002399,PROD0234,36,20269.59,2026-09-25,2026-09-24,34,0
POITEM0008369,PO002399,PROD0175,100,71863.12,2026-09-25,2026-10-06,94,4
POITEM0008370,PO002400,PROD0089,96,92249.69,2026-10-19,2026-10-22,95,0
POITEM0008371,PO002400,PROD0069,59,5476.53,2026-10-19,2026-10-16,56,0
POITEM0008372,PO002401,PROD0237,79,125126.34,2026-09-14,2026-09-25,72,5
POITEM0008373,PO002401,PROD0004,4,80328.91,2026-09-14,2026-09-14,3,0
POITEM0008374,PO002401,PROD0176,85,64279.95,2026-09-14,2026-09-30,83,0
POITEM0008375,PO002401,PROD0119,45,114826.81,2026-09-14,2026-09-29,44,0
POITEM0008376,PO002401,PROD0194,55,49887.29,2026-09-14,2026-09-22,52,3
POITEM0008377,PO002401,PROD0044,13,46135.08,2026-09-14,2026-09-17,12,1
POITEM0008378,PO002402,PROD0239,85,76606.27,2026-10-17,2026-10-18,83,0
POITEM0008379,PO002402,PROD0057,64,86655.13,2026-10-17,2026-11-05,63,0
POITEM0008380,PO002403,PROD0117,41,57379.76,2026-10-15,2026-10-21,39,1
POITEM0008381,PO002403,PROD0148,95,167354.27,2026-10-15,2026-11-04,89,0
POITEM0008382,PO002403,PROD0195,22,22030.74,2026-10-15,2026-10-28,20,2
POITEM0008383,PO002404,PROD0043,21,90272.83,2026-09-24,2026-09-19,19,0
POITEM0008384,PO002404,PROD0075,65,93610.72,2026-09-24,2026-10-19,62,0
POITEM0008385,PO002404,PROD0193,46,120653.9,2026-09-24,2026-10-14,43,1
POITEM0008386,PO002404,PROD0195,7,20045.66,2026-09-24,2026-10-05,6,1
POITEM0008387,PO002404,PROD0149,18,153114.91,2026-09-24,2026-09-22,16,1
POITEM0008388,PO002404,PROD0046,51,5342.78,2026-09-24,2026-10-06,47,0
POITEM0008389,PO002405,PROD0249,21,59421.24,2026-09-26,2026-10-04,20,1
POITEM0008390,PO002406,PROD0086,6,88971.93,2026-10-07,2026-10-29,5,1
POITEM0008391,PO002406,PROD0248,98,6903.9,2026-10-07,2026-10-03,91,7
POITEM0008392,PO002407,PROD0059,77,35961.18,2026-10-04,2026-10-01,75,0
POITEM0008393,PO002407,PROD0183,77,55252.81,2026-10-04,2026-10-08,73,1
POITEM0008394,PO002407,PROD0035,7,155524.54,2026-10-04,2026-10-06,6,0
POITEM0008395,PO002407,PROD0072,47,2942.11,2026-10-04,2026-09-30,44,1
POITEM0008396,PO002407,PROD0192,63,5862.11,2026-10-04,2026-10-07,61,2
POITEM0008397,PO002407,PROD0236,51,5878.84,2026-10-04,2026-10-25,50,0
POITEM0008398,PO002408,PROD0144,65,59723.53,2026-10-08,2026-11-02,62,2
POITEM0008399,PO002408,PROD0059,38,42867.09,2026-10-08,2026-10-04,37,0
POITEM0008400,PO002409,PROD0165,27,143546.1,2026-09-29,2026-10-13,26,1
POITEM0008401,PO002409,PROD0101,20,98587.95,2026-09-29,2026-10-20,19,1
POITEM0008402,PO002409,PROD0091,95,12296.67,2026-09-29,2026-10-10,86,0
POITEM0008403,PO002409,PROD0066,25,148089.79,2026-09-29,2026-10-01,22,0
POITEM0008404,PO002410,PROD0106,37,1357.04,2026-10-02,2026-10-14,36,1
POITEM0008405,PO002410,PROD0164,84,66163.63,2026-10-02,2026-10-04,77,2
POITEM0008406,PO002410,PROD0066,76,135789.85,2026-10-02,2026-10-17,72,0
POITEM0008407,PO002410,PROD0211,66,76502.86,2026-10-02,2026-10-07,62,0
POITEM0008408,PO002410,PROD0025,43,36109.73,2026-10-02,2026-09-28,41,1
POITEM0008409,PO002411,PROD0131,75,125138.71,2026-10-09,2026-10-04,72,2
POITEM0008410,PO002411,PROD0219,16,28474.42,2026-10-09,2026-10-21,15,0
POITEM0008411,PO002411,PROD0127,28,146545.4,2026-10-09,2026-10-18,25,3
POITEM0008412,PO002411,PROD0170,22,48316.16,2026-10-09,2026-10-07,19,0
POITEM0008413,PO002411,PROD0028,79,135793.95,2026-10-09,2026-10-05,77,1
POITEM0008414,PO002411,PROD0086,33,105960.7,2026-10-09,2026-10-13,30,2
POITEM0008415,PO002412,PROD0147,14,74857.55,2026-09-13,2026-09-30,12,0
POITEM0008416,PO002412,PROD0177,61,136916.24,2026-09-13,2026-09-11,58,3
POITEM0008417,PO002412,PROD0060,33,100300.18,2026-09-13,2026-10-05,32,0
POITEM0008418,PO002412,PROD0146,4,129542.96,2026-09-13,2026-09-14,3,1
POITEM0008419,PO002413,PROD0101,65,82171.18,2026-09-27,2026-10-14,60,2
POITEM0008420,PO002413,PROD0136,68,100801.82,2026-09-27,2026-10-04,61,5
POITEM0008421,PO002413,PROD0174,87,156577.77,2026-09-27,2026-10-21,84,3
POITEM0008422,PO002414,PROD0123,100,16502.7,2026-09-17,2026-09-20,92,6
POITEM0008423,PO002414,PROD0076,52,26965.2,2026-09-17,2026-09-24,50,0
POITEM0008424,PO002415,PROD0035,94,145106.56,2026-10-08,2026-10-04,91,2
POITEM0008425,PO002415,PROD0057,61,111300.43,2026-10-08,2026-10-11,55,0
POITEM0008426,PO002415,PROD0101,19,111987.91,2026-10-08,2026-10-03,18,0
POITEM0008427,PO002415,PROD0097,70,121156.24,2026-10-08,2026-10-03,64,1
POITEM0008428,PO002416,PROD0133,82,82872.23,2026-09-19,2026-09-18,77,2
POITEM0008429,PO002416,PROD0153,17,122829.75,2026-09-19,2026-10-09,15,2
POITEM0008430,PO002416,PROD0054,87,86116.14,2026-09-19,2026-10-14,83,4
POITEM0008431,PO002416,PROD0129,81,144013.2,2026-09-19,2026-09-23,74,0
POITEM0008432,PO002417,PROD0056,100,44287.83,2026-10-18,2026-10-24,91,1
POITEM0008433,PO002417,PROD0149,52,168827.63,2026-10-18,2026-10-13,51,0
POITEM0008434,PO002417,PROD0064,51,91737.71,2026-10-18,2026-11-01,50,1
POITEM0008435,PO002418,PROD0250,89,104286.69,2026-09-15,2026-10-09,82,6
POITEM0008436,PO002418,PROD0113,54,91130.42,2026-09-15,2026-09-27,50,2
POITEM0008437,PO002418,PROD0096,72,44729.12,2026-09-15,2026-10-09,69,0
POITEM0008438,PO002418,PROD0034,28,48551.73,2026-09-15,2026-10-01,27,0
POITEM0008439,PO002419,PROD0051,9,135386.48,2026-09-15,2026-09-24,8,1
POITEM0008440,PO002419,PROD0103,20,30076.29,2026-09-15,2026-09-18,18,2
POITEM0008441,PO002419,PROD0121,71,112342.98,2026-09-15,2026-09-12,69,0
POITEM0008442,PO002419,PROD0134,44,69374.36,2026-09-15,2026-09-17,41,3
POITEM0008443,PO002420,PROD0227,66,82372.41,2026-09-17,2026-09-19,64,2
POITEM0008444,PO002420,PROD0069,29,6827.16,2026-09-17,2026-09-12,27,0
POITEM0008445,PO002420,PROD0041,80,167722.16,2026-09-17,2026-10-06,73,5
POITEM0008446,PO002420,PROD0157,31,161697.49,2026-09-17,2026-10-01,30,1
POITEM0008447,PO002421,PROD0190,51,106527.54,2026-09-22,2026-09-18,49,2
POITEM0008448,PO002421,PROD0179,84,106715.71,2026-09-22,2026-10-04,83,1
POITEM0008449,PO002422,PROD0047,72,91641.77,2026-09-26,2026-10-17,69,3
POITEM0008450,PO002422,PROD0154,31,43532.9,2026-09-26,2026-09-30,30,0
POITEM0008451,PO002423,PROD0022,33,152113.54,2026-10-04,2026-10-18,32,1
POITEM0008452,PO002424,PROD0078,26,50888.79,2026-10-12,2026-10-28,25,1
POITEM0008453,PO002424,PROD0117,60,56692.39,2026-10-12,2026-10-08,58,1
POITEM0008454,PO002424,PROD0085,98,37477.04,2026-10-12,2026-10-25,92,4
POITEM0008455,PO002424,PROD0070,6,79290.72,2026-10-12,2026-10-25,5,1
POITEM0008456,PO002424,PROD0187,59,66225.81,2026-10-12,2026-10-24,55,0
POITEM0008457,PO002424,PROD0126,78,33558.23,2026-10-12,2026-10-16,71,5
POITEM0008458,PO002425,PROD0221,58,72589.31,2026-10-01,2026-10-03,57,1
POITEM0008459,PO002425,PROD0087,13,130223.05,2026-10-01,2026-10-20,12,0
POITEM0008460,PO002425,PROD0148,85,154283.35,2026-10-01,2026-10-02,81,2
POITEM0008461,PO002425,PROD0123,3,17235.4,2026-10-01,2026-10-06,2,1
POITEM0008462,PO002426,PROD0233,52,2185.84,2026-09-25,2026-10-07,51,0
POITEM0008463,PO002426,PROD0230,7,37178.18,2026-09-25,2026-10-06,6,0
POITEM0008464,PO002427,PROD0208,87,44099.45,2026-09-17,2026-09-27,78,5
POITEM0008465,PO002427,PROD0029,55,1423.05,2026-09-17,2026-10-01,51,2
POITEM0008466,PO002427,PROD0181,28,162806.57,2026-09-17,2026-09-13,27,1
POITEM0008467,PO002428,PROD0234,65,19073.11,2026-10-18,2026-11-03,58,7
POITEM0008468,PO002428,PROD0042,85,33400.89,2026-10-18,2026-10-27,80,0
POITEM0008469,PO002428,PROD0207,87,78459.67,2026-10-18,2026-11-05,83,3
POITEM0008470,PO002428,PROD0027,74,125854.58,2026-10-18,2026-10-31,73,0
POITEM0008471,PO002428,PROD0230,50,39614.04,2026-10-18,2026-10-23,48,2
POITEM0008472,PO002428,PROD0176,60,90979.69,2026-10-18,2026-10-18,54,1
POITEM0008473,PO002429,PROD0064,16,75740.16,2026-09-17,2026-09-13,14,1
POITEM0008474,PO002429,PROD0079,69,127287.02,2026-09-17,2026-10-09,65,2
POITEM0008475,PO002429,PROD0196,57,76696.78,2026-09-17,2026-09-29,53,3
POITEM0008476,PO002429,PROD0018,58,34886.98,2026-09-17,2026-10-11,53,0
POITEM0008477,PO002430,PROD0099,62,141900.38,2026-10-03,2026-10-20,56,1
POITEM0008478,PO002430,PROD0084,71,128638.52,2026-10-03,2026-10-24,67,0
POITEM0008479,PO002431,PROD0249,16,69117.16,2026-09-27,2026-09-27,15,1
POITEM0008480,PO002431,PROD0037,98,68208.33,2026-09-27,2026-10-09,92,4
POITEM0008481,PO002431,PROD0216,83,94850.25,2026-09-27,2026-10-19,76,5
POITEM0008482,PO002431,PROD0198,84,35607.04,2026-09-27,2026-09-27,76,4
POITEM0008483,PO002431,PROD0151,74,45825.57,2026-09-27,2026-10-22,71,0
POITEM0008484,PO002432,PROD0226,38,112785.84,2026-10-19,2026-10-17,34,2
POITEM0008485,PO002432,PROD0104,87,167710.83,2026-10-19,2026-10-31,81,6
POITEM0008486,PO002432,PROD0007,43,71563.19,2026-10-19,2026-11-11,40,2
POITEM0008487,PO002432,PROD0164,25,80910.04,2026-10-19,2026-10-28,23,2
POITEM0008488,PO002432,PROD0136,30,106988.13,2026-10-19,2026-10-15,27,2
POITEM0008489,PO002433,PROD0117,54,48584.55,2026-09-17,2026-09-18,53,0
POITEM0008490,PO002433,PROD0231,68,60204.71,2026-09-17,2026-09-22,62,2
POITEM0008491,PO002434,PROD0104,16,146447.77,2026-10-07,2026-10-15,15,1
POITEM0008492,PO002434,PROD0249,33,63568.27,2026-10-07,2026-10-19,30,0
POITEM0008493,PO002434,PROD0127,35,174726.68,2026-10-07,2026-10-25,32,2
POITEM0008494,PO002434,PROD0006,1,38654.07,2026-10-07,2026-10-02,0,0
POITEM0008495,PO002434,PROD0211,96,78436.52,2026-10-07,2026-10-25,95,1
POITEM0008496,PO002435,PROD0201,57,9588.05,2026-10-14,2026-10-20,51,3
POITEM0008497,PO002436,PROD0039,31,66553.89,2026-10-12,2026-10-31,28,0
POITEM0008498,PO002437,PROD0187,55,66839.47,2026-10-01,2026-10-05,52,0
POITEM0008499,PO002438,PROD0197,75,120370.52,2026-09-23,2026-10-01,72,1
POITEM0008500,PO002438,PROD0156,23,87055.71,2026-09-23,2026-10-11,22,1
POITEM0008501,PO002438,PROD0125,96,37710.47,2026-09-23,2026-10-13,89,4
POITEM0008502,PO002438,PROD0041,20,175886.31,2026-09-23,2026-10-02,18,0
POITEM0008503,PO002439,PROD0069,95,6795.04,2026-09-15,2026-09-29,91,1
POITEM0008504,PO002439,PROD0067,48,50700.99,2026-09-15,2026-09-13,46,2
POITEM0008505,PO002439,PROD0151,77,40659.13,2026-09-15,2026-09-25,75,2
POITEM0008506,PO002439,PROD0183,25,51098.87,2026-09-15,2026-10-05,23,1
POITEM0008507,PO002439,PROD0125,53,35075.48,2026-09-15,2026-09-30,50,2
POITEM0008508,PO002439,PROD0148,36,162097.0,2026-09-15,2026-09-24,35,1
POITEM0008509,PO002440,PROD0231,90,61251.31,2026-09-21,2026-10-16,85,5
POITEM0008510,PO002440,PROD0214,94,176609.18,2026-09-21,2026-09-23,89,5
POITEM0008511,PO002440,PROD0119,62,104740.5,2026-09-21,2026-10-15,59,0
POITEM0008512,PO002440,PROD0215,8,127168.19,2026-09-21,2026-10-12,7,1
POITEM0008513,PO002440,PROD0144,25,51366.11,2026-09-21,2026-10-04,23,2
POITEM0008514,PO002441,PROD0037,56,88681.87,2026-10-09,2026-10-26,55,1
POITEM0008515,PO002441,PROD0091,59,16917.46,2026-10-09,2026-10-07,56,2
POITEM0008516,PO002441,PROD0166,25,123062.74,2026-10-09,2026-10-26,23,1
POITEM0008517,PO002441,PROD0183,1,58501.97,2026-10-09,2026-10-28,0,0
POITEM0008518,PO002441,PROD0152,61,70679.84,2026-10-09,2026-10-13,60,0
POITEM0008519,PO002441,PROD0015,90,86050.84,2026-10-09,2026-10-04,88,1
POITEM0008520,PO002442,PROD0247,21,117157.29,2026-10-07,2026-10-13,19,1
POITEM0008521,PO002443,PROD0012,38,25661.42,2026-10-16,,37,0
POITEM0008522,PO002444,PROD0105,88,97813.64,2026-10-06,2026-10-13,87,1
POITEM0008523,PO002445,PROD0091,1,14509.91,2026-10-02,2026-10-11,0,0
POITEM0008524,PO002445,PROD0038,20,123101.97,2026-10-02,2026-10-25,18,1
POITEM0008525,PO002445,PROD0123,74,16868.31,2026-10-02,2026-10-19,70,3
POITEM0008526,PO002445,PROD0199,14,94841.6,2026-10-02,2026-10-11,12,1
POITEM0008527,PO002446,PROD0190,42,89318.97,2026-10-11,2026-10-06,40,1
POITEM0008528,PO002446,PROD0246,98,112610.16,2026-10-11,2026-10-15,90,2
POITEM0008529,PO002447,PROD0118,4,111113.62,2026-09-25,2026-10-12,3,1
POITEM0008530,PO002447,PROD0041,27,162603.32,2026-09-25,2026-10-06,26,0
POITEM0008531,PO002447,PROD0146,63,154069.02,2026-09-25,2026-10-19,60,3
POITEM0008532,PO002447,PROD0185,60,92980.23,2026-09-25,2026-10-02,54,1
POITEM0008533,PO002447,PROD0156,22,95414.09,2026-09-25,2026-10-17,21,1
POITEM0008534,PO002447,PROD0235,5,7797.45,2026-09-25,2026-09-24,4,1
POITEM0008535,PO002448,PROD0064,51,93566.87,2026-09-24,2026-10-09,49,0
POITEM0008536,PO002448,PROD0244,74,79520.81,2026-09-24,2026-09-21,73,1
POITEM0008537,PO002448,PROD0019,66,144942.65,2026-09-24,2026-09-28,60,3
POITEM0008538,PO002449,PROD0227,43,85997.43,2026-10-19,2026-10-27,42,0
POITEM0008539,PO002449,PROD0124,37,47549.91,2026-10-19,2026-10-26,33,3
POITEM0008540,PO002449,PROD0033,66,15843.0,2026-10-19,2026-10-19,64,2
POITEM0008541,PO002450,PROD0175,27,80623.56,2026-10-08,2026-10-16,25,2
POITEM0008542,PO002451,PROD0101,89,85959.54,2026-10-12,2026-11-05,86,0
POITEM0008543,PO002452,PROD0182,45,49669.34,2026-10-16,2026-10-12,41,1
POITEM0008544,PO002452,PROD0204,51,106261.05,2026-10-16,2026-11-09,48,0
POITEM0008545,PO002452,PROD0180,31,118788.11,2026-10-16,2026-10-19,29,0
POITEM0008546,PO002453,PROD0160,18,14057.92,2026-09-14,2026-09-13,17,0
POITEM0008547,PO002453,PROD0223,92,93290.91,2026-09-14,2026-09-22,84,6
POITEM0008548,PO002453,PROD0121,57,114757.99,2026-09-14,2026-09-22,55,1
POITEM0008549,PO002453,PROD0058,42,105474.59,2026-09-14,2026-09-18,38,0
POITEM0008550,PO002453,PROD0024,42,19673.15,2026-09-14,2026-09-16,41,0
POITEM0008551,PO002453,PROD0222,36,105170.38,2026-09-14,2026-09-14,34,2
POITEM0008552,PO002454,PROD0030,29,68969.17,2026-10-05,2026-10-10,27,0
POITEM0008553,PO002454,PROD0178,90,83630.85,2026-10-05,2026-10-05,84,4
POITEM0008554,PO002454,PROD0221,96,72532.41,2026-10-05,2026-10-13,90,0
POITEM0008555,PO002454,PROD0106,60,1506.25,2026-10-05,2026-10-17,56,0
POITEM0008556,PO002454,PROD0145,47,2098.23,2026-10-05,2026-10-17,43,0
POITEM0008557,PO002454,PROD0072,31,2981.21,2026-10-05,2026-10-30,29,2
POITEM0008558,PO002455,PROD0245,43,67977.65,2026-10-06,2026-10-15,40,1
POITEM0008559,PO002456,PROD0030,49,78140.25,2026-10-13,2026-11-01,46,3
POITEM0008560,PO002456,PROD0058,72,140579.31,2026-10-13,2026-11-01,65,6
POITEM0008561,PO002457,PROD0092,48,116175.72,2026-09-19,2026-09-18,46,1
POITEM0008562,PO002457,PROD0086,15,121773.11,2026-09-19,2026-09-24,14,0
POITEM0008563,PO002457,PROD0214,4,150706.37,2026-09-19,2026-09-28,3,0
POITEM0008564,PO002458,PROD0090,21,40279.33,2026-10-09,2026-10-23,20,1
POITEM0008565,PO002458,PROD0171,5,134006.96,2026-10-09,2026-10-21,4,1
POITEM0008566,PO002458,PROD0094,69,109111.83,2026-10-09,2026-10-19,65,2
POITEM0008567,PO002458,PROD0128,38,61076.23,2026-10-09,2026-10-06,36,0
POITEM0008568,PO002458,PROD0003,99,48746.4,2026-10-09,2026-10-10,93,2
POITEM0008569,PO002458,PROD0247,87,81627.04,2026-10-09,2026-10-22,79,8
POITEM0008570,PO002459,PROD0112,41,108528.86,2026-10-18,2026-10-30,40,1
POITEM0008571,PO002459,PROD0168,77,101343.4,2026-10-18,2026-10-17,73,3
POITEM0008572,PO002459,PROD0045,32,42283.37,2026-10-18,2026-10-23,29,3
POITEM0008573,PO002459,PROD0239,4,87786.02,2026-10-18,2026-10-14,3,1
POITEM0008574,PO002459,PROD0240,83,13014.13,2026-10-18,2026-10-18,80,2
POITEM0008575,PO002460,PROD0089,98,78622.72,2026-09-28,2026-10-23,97,1
POITEM0008576,PO002460,PROD0017,89,117069.0,2026-09-28,2026-10-23,82,5
POITEM0008577,PO002460,PROD0094,10,102331.9,2026-09-28,2026-10-20,9,0
POITEM0008578,PO002460,PROD0023,61,44281.96,2026-09-28,2026-10-21,59,2
POITEM0008579,PO002460,PROD0124,33,48293.87,2026-09-28,2026-10-11,32,1
POITEM0008580,PO002460,PROD0205,28,96132.88,2026-09-28,2026-09-25,27,0
POITEM0008581,PO002461,PROD0206,33,153160.99,2026-09-15,2026-10-05,31,1
POITEM0008582,PO002461,PROD0051,68,168856.57,2026-09-15,2026-09-30,67,0
POITEM0008583,PO002461,PROD0069,86,6895.97,2026-09-15,2026-09-12,78,7
POITEM0008584,PO002461,PROD0196,55,82496.93,2026-09-15,2026-10-02,52,1
POITEM0008585,PO002462,PROD0051,35,143848.84,2026-09-23,2026-10-01,33,0
POITEM0008586,PO002463,PROD0071,41,87178.34,2026-10-20,2026-10-19,39,2
POITEM0008587,PO002463,PROD0175,56,87108.27,2026-10-20,2026-11-08,51,2
POITEM0008588,PO002463,PROD0097,32,117427.01,2026-10-20,2026-10-19,30,0
POITEM0008589,PO002463,PROD0020,17,90902.32,2026-10-20,2026-11-11,15,2
POITEM0008590,PO002464,PROD0232,58,125139.61,2026-10-19,2026-10-15,53,5
POITEM0008591,PO002464,PROD0225,87,150797.25,2026-10-19,2026-10-30,85,0
POITEM0008592,PO002464,PROD0199,1,105833.64,2026-10-19,2026-10-17,0,1
POITEM0008593,PO002465,PROD0177,57,130120.95,2026-09-24,2026-09-21,56,1
POITEM0008594,PO002465,PROD0028,6,117852.03,2026-09-24,2026-10-13,5,1
POITEM0008595,PO002465,PROD0043,32,84416.5,2026-09-24,2026-10-03,31,1
POITEM0008596,PO002465,PROD0150,71,123203.65,2026-09-24,2026-10-10,65,6
POITEM0008597,PO002465,PROD0185,83,105217.83,2026-09-24,2026-10-12,77,6
POITEM0008598,PO002466,PROD0226,66,96894.73,2026-09-20,2026-09-18,63,3
POITEM0008599,PO002466,PROD0031,97,56398.35,2026-09-20,2026-10-14,95,2
POITEM0008600,PO002466,PROD0208,32,53687.25,2026-09-20,2026-09-15,31,0
POITEM0008601,PO002466,PROD0035,67,164629.47,2026-09-20,2026-10-12,61,0
POITEM0008602,PO002466,PROD0229,42,63151.03,2026-09-20,2026-10-01,41,0
POITEM0008603,PO002466,PROD0103,43,24740.18,2026-09-20,2026-10-12,42,0
POITEM0008604,PO002467,PROD0031,37,71712.94,2026-09-18,2026-10-05,33,0
POITEM0008605,PO002467,PROD0069,44,7467.02,2026-09-18,2026-09-14,40,4
POITEM0008606,PO002467,PROD0005,95,123375.18,2026-09-18,2026-09-16,92,0
POITEM0008607,PO002467,PROD0050,44,50074.92,2026-09-18,2026-09-25,41,1
POITEM0008608,PO002467,PROD0056,44,35133.2,2026-09-18,2026-10-13,41,3
POITEM0008609,PO002468,PROD0152,14,57083.42,2026-10-09,2026-10-28,13,0
POITEM0008610,PO002468,PROD0010,9,11024.31,2026-10-09,2026-10-07,8,1
POITEM0008611,PO002468,PROD0163,90,25532.71,2026-10-09,2026-10-17,83,4
POITEM0008612,PO002468,PROD0048,54,69768.4,2026-10-09,2026-10-04,53,0
POITEM0008613,PO002468,PROD0247,82,109282.4,2026-10-09,2026-10-06,81,0
POITEM0008614,PO002469,PROD0232,58,104173.87,2026-10-15,2026-11-05,53,3
POITEM0008615,PO002469,PROD0111,100,87837.73,2026-10-15,2026-10-18,96,1
POITEM0008616,PO002469,PROD0247,65,99309.77,2026-10-15,2026-10-13,62,1
POITEM0008617,PO002470,PROD0176,25,69417.1,2026-09-16,2026-09-23,23,0
POITEM0008618,PO002470,PROD0186,7,6109.17,2026-09-16,2026-09-25,6,1
POITEM0008619,PO002470,PROD0187,80,78404.65,2026-09-16,2026-09-27,75,4
POITEM0008620,PO002470,PROD0089,34,78178.18,2026-09-16,2026-09-29,31,2
POITEM0008621,PO002470,PROD0145,77,2451.66,2026-09-16,2026-09-13,69,2
POITEM0008622,PO002470,PROD0135,50,32814.89,2026-09-16,2026-09-11,49,0
POITEM0008623,PO002471,PROD0063,29,94291.39,2026-10-10,2026-10-07,26,2
POITEM0008624,PO002472,PROD0111,64,102508.36,2026-09-18,2026-10-05,59,0
POITEM0008625,PO002472,PROD0095,98,45861.53,2026-09-18,2026-09-26,91,6
POITEM0008626,PO002472,PROD0107,46,17537.09,2026-09-18,2026-09-28,42,4
POITEM0008627,PO002472,PROD0248,81,7441.54,2026-09-18,2026-09-16,76,1
POITEM0008628,PO002472,PROD0176,3,67531.68,2026-09-18,2026-09-22,2,1
POITEM0008629,PO002472,PROD0091,8,16023.23,2026-09-18,2026-09-22,7,0
POITEM0008630,PO002473,PROD0146,84,125038.6,2026-10-19,2026-10-17,76,6
POITEM0008631,PO002473,PROD0173,35,143900.16,2026-10-19,2026-10-25,34,0
POITEM0008632,PO002473,PROD0193,68,122147.8,2026-10-19,2026-10-26,65,1
POITEM0008633,PO002473,PROD0102,93,11673.42,2026-10-19,2026-11-05,86,5
POITEM0008634,PO002473,PROD0075,25,83074.64,2026-10-19,2026-11-08,24,0
POITEM0008635,PO002474,PROD0217,3,62040.87,2026-10-07,2026-10-17,2,0
POITEM0008636,PO002474,PROD0058,35,129504.16,2026-10-07,2026-10-30,34,1
POITEM0008637,PO002475,PROD0066,53,120833.63,2026-10-06,2026-10-04,48,1
POITEM0008638,PO002475,PROD0025,86,42449.26,2026-10-06,2026-10-28,83,2
POITEM0008639,PO002475,PROD0235,100,8280.35,2026-10-06,2026-10-12,90,7
POITEM0008640,PO002475,PROD0048,33,74831.73,2026-10-06,2026-10-11,32,1
POITEM0008641,PO002476,PROD0130,96,83455.76,2026-10-04,2026-09-29,91,5
POITEM0008642,PO002477,PROD0219,74,24059.27,2026-10-14,2026-10-16,66,4
POITEM0008643,PO002477,PROD0130,5,89441.01,2026-10-14,2026-10-25,4,0
POITEM0008644,PO002477,PROD0052,48,32220.03,2026-10-14,2026-10-17,46,2
POITEM0008645,PO002478,PROD0216,82,98887.66,2026-10-03,2026-10-13,76,4
POITEM0008646,PO002478,PROD0037,68,94163.86,2026-10-03,2026-10-09,64,4
POITEM0008647,PO002478,PROD0173,70,130965.31,2026-10-03,2026-10-27,68,2
POITEM0008648,PO002479,PROD0151,23,53697.96,2026-09-19,2026-09-14,20,3
POITEM0008649,PO002480,PROD0099,23,136972.73,2026-10-19,2026-10-25,22,1
POITEM0008650,PO002480,PROD0096,19,51262.55,2026-10-19,2026-11-13,18,1
POITEM0008651,PO002480,PROD0098,56,166685.63,2026-10-19,2026-11-05,55,0
POITEM0008652,PO002480,PROD0157,18,134305.89,2026-10-19,2026-10-21,16,1
POITEM0008653,PO002480,PROD0051,69,167994.57,2026-10-19,2026-10-21,65,0
POITEM0008654,PO002481,PROD0121,30,92096.35,2026-09-13,2026-10-06,29,1
POITEM0008655,PO002481,PROD0088,16,80305.59,2026-09-13,2026-09-25,14,0
POITEM0008656,PO002482,PROD0190,44,106549.79,2026-10-20,2026-11-04,40,3
POITEM0008657,PO002482,PROD0156,72,73182.22,2026-10-20,2026-11-10,66,5
POITEM0008658,PO002482,PROD0181,100,145898.78,2026-10-20,2026-11-14,91,0
POITEM0008659,PO002482,PROD0193,21,128176.04,2026-10-20,2026-11-12,20,0
POITEM0008660,PO002482,PROD0089,66,94558.44,2026-10-20,2026-10-15,60,0
POITEM0008661,PO002483,PROD0128,4,69469.21,2026-09-19,2026-09-27,3,0
POITEM0008662,PO002483,PROD0021,73,135757.11,2026-09-19,2026-09-23,68,2
POITEM0008663,PO002483,PROD0174,3,122729.84,2026-09-19,2026-09-18,2,1
POITEM0008664,PO002483,PROD0250,85,88009.53,2026-09-19,2026-10-08,78,4
POITEM0008665,PO002484,PROD0117,47,48551.36,2026-09-18,2026-10-04,45,0
POITEM0008666,PO002484,PROD0058,36,107821.97,2026-09-18,2026-09-16,33,2
POITEM0008667,PO002484,PROD0199,90,79822.74,2026-09-18,2026-09-20,85,4
POITEM0008668,PO002485,PROD0008,96,115789.56,2026-09-27,2026-09-28,88,2
POITEM0008669,PO002486,PROD0189,16,37518.6,2026-10-16,2026-11-06,15,1
POITEM0008670,PO002486,PROD0180,85,139122.23,2026-10-16,2026-11-03,82,3
POITEM0008671,PO002487,PROD0220,55,44919.98,2026-09-24,2026-10-02,49,5
POITEM0008672,PO002487,PROD0147,63,79492.51,2026-09-24,2026-10-19,58,5
POITEM0008673,PO002487,PROD0164,33,96948.2,2026-09-24,2026-10-04,30,3
POITEM0008674,PO002487,PROD0013,83,144846.93,2026-09-24,2026-10-09,77,1
POITEM0008675,PO002488,PROD0183,13,55965.84,2026-09-13,2026-09-10,12,0
POITEM0008676,PO002489,PROD0001,66,5526.02,2026-10-19,2026-10-22,65,0
POITEM0008677,PO002489,PROD0142,95,156745.89,2026-10-19,2026-10-28,89,6
POITEM0008678,PO002489,PROD0059,72,31650.63,2026-10-19,2026-10-19,71,1
POITEM0008679,PO002490,PROD0203,11,86870.76,2026-09-24,2026-10-09,10,1
POITEM0008680,PO002491,PROD0183,97,57115.99,2026-10-20,2026-10-26,92,5
POITEM0008681,PO002491,PROD0122,29,104652.82,2026-10-20,2026-10-21,26,2
POITEM0008682,PO002491,PROD0202,19,77114.24,2026-10-20,2026-10-19,17,1
POITEM0008683,PO002491,PROD0159,28,99829.66,2026-10-20,2026-11-02,25,1
POITEM0008684,PO002492,PROD0034,98,44758.0,2026-10-10,2026-10-20,91,7
POITEM0008685,PO002492,PROD0035,58,149316.99,2026-10-10,2026-10-29,54,1
POITEM0008686,PO002492,PROD0068,59,24353.25,2026-10-10,2026-10-19,58,1
POITEM0008687,PO002492,PROD0033,47,22244.16,2026-10-10,2026-10-19,43,2
POITEM0008688,PO002492,PROD0093,7,154335.42,2026-10-10,2026-10-10,6,0
POITEM0008689,PO002493,PROD0206,12,138327.95,2026-09-29,2026-09-27,11,1
POITEM0008690,PO002493,PROD0134,68,77363.21,2026-09-29,2026-10-03,64,3
POITEM0008691,PO002493,PROD0135,5,28382.89,2026-09-29,2026-10-01,4,1
POITEM0008692,PO002493,PROD0225,25,149333.97,2026-09-29,2026-10-10,24,0
POITEM0008693,PO002493,PROD0089,75,73588.92,2026-09-29,2026-10-20,71,3
POITEM0008694,PO002493,PROD0048,92,73730.57,2026-09-29,2026-10-18,87,4
POITEM0008695,PO002494,PROD0139,39,112579.02,2026-10-14,2026-10-14,38,0
POITEM0008696,PO002494,PROD0214,98,143200.78,2026-10-14,2026-11-01,95,2
POITEM0008697,PO002494,PROD0130,60,116160.48,2026-10-14,2026-10-19,57,1
POITEM0008698,PO002494,PROD0224,48,38249.75,2026-10-14,,46,2
POITEM0008699,PO002495,PROD0080,50,18476.44,2026-10-10,2026-10-23,49,0
POITEM0008700,PO002495,PROD0115,88,112910.56,2026-10-10,2026-10-23,82,1
POITEM0008701,PO002495,PROD0193,68,107710.67,2026-10-10,2026-10-15,63,1
POITEM0008702,PO002495,PROD0122,17,103309.64,2026-10-10,2026-10-25,15,2
POITEM0008703,PO002495,PROD0015,7,98835.73,2026-10-10,2026-10-09,6,1
POITEM0008704,PO002496,PROD0105,54,91725.96,2026-10-20,2026-11-06,50,3
POITEM0008705,PO002496,PROD0021,76,130998.6,2026-10-20,2026-11-14,71,2
POITEM0008706,PO002496,PROD0219,53,21605.65,2026-10-20,2026-11-07,47,3
POITEM0008707,PO002497,PROD0116,98,39013.34,2026-09-17,2026-09-30,97,1
POITEM0008708,PO002497,PROD0135,28,26211.32,2026-09-17,2026-10-04,25,3
POITEM0008709,PO002497,PROD0171,96,121191.54,2026-09-17,2026-10-11,94,0
POITEM0008710,PO002497,PROD0204,29,91605.11,2026-09-17,2026-10-09,28,1
POITEM0008711,PO002497,PROD0018,80,24473.82,2026-09-17,2026-10-04,79,1
POITEM0008712,PO002497,PROD0134,100,79421.19,2026-09-17,2026-10-02,96,2
POITEM0008713,PO002498,PROD0035,92,141028.56,2026-10-13,2026-10-25,89,2
POITEM0008714,PO002498,PROD0181,96,122380.45,2026-10-13,2026-10-22,86,2
POITEM0008715,PO002498,PROD0249,30,56716.1,2026-10-13,2026-11-07,29,1
POITEM0008716,PO002498,PROD0017,81,138893.62,2026-10-13,2026-10-09,77,0
POITEM0008717,PO002498,PROD0030,80,82706.13,2026-10-13,2026-10-16,73,7
POITEM0008718,PO002499,PROD0127,74,173141.56,2026-09-25,2026-10-03,72,0
POITEM0008719,PO002499,PROD0125,52,44340.9,2026-09-25,2026-10-11,49,1
POITEM0008720,PO002500,PROD0235,46,8645.3,2026-10-05,2026-10-09,45,1
POITEM0008721,PO002500,PROD0201,87,8692.79,2026-10-05,2026-10-14,81,4
POITEM0008722,PO002500,PROD0150,11,140405.57,2026-10-05,2026-10-22,10,1
POITEM0008723,PO002500,PROD0098,71,135612.64,2026-10-05,2026-10-20,66,5
POITEM0008724,PO002500,PROD0227,20,84262.96,2026-10-05,2026-10-25,19,0
