po_id,supplier_id,contract_id,po_date,required_date,buyer_id,currency,status
PO000001,SUP0043,CON0082,2026-09-06,2026-09-23,BUY017,INR,Cancelled
PO000002,SUP0025,CON0048,2026-09-06,2026-10-05,BUY008,INR,Approved
PO000003,SUP0019,,2026-09-06,2026-09-29,BUY020,INR,Approved
PO000004,SUP0098,CON0137,2026-09-06,2026-09-17,BUY016,INR,Completed
PO000005,SUP0097,,2026-09-06,2026-10-19,BUY015,INR,Cancelled
PO000006,SUP0083,,2026-09-06,2026-10-03,BUY011,INR,Approved
PO000007,SUP0057,CON0074,2026-09-06,2026-09-17,BUY009,INR,Cancelled
PO000008,SUP0008,CON0109,2026-09-06,2026-10-05,BUY015,INR,Completed
PO000009,SUP0005,CON0051,2026-09-06,2026-09-16,BUY003,INR,Approved
PO000010,SUP0079,CON0092,2026-09-06,2026-10-21,BUY019,INR,Cancelled
PO000011,SUP0095,CON0142,2026-09-06,2026-09-15,BUY007,INR,Approved
PO000012,SUP0078,CON0047,2026-09-06,2026-10-13,BUY015,INR,Approved
PO000013,SUP0044,,2026-09-06,2026-09-18,BUY006,INR,Approved
PO000014,SUP0032,,2026-09-06,2026-10-11,BUY017,INR,Cancelled
PO000015,SUP0079,CON0092,2026-09-06,2026-09-23,BUY013,INR,Completed
PO000016,SUP0100,CON0090,2026-09-06,2026-10-04,BUY011,INR,Approved
PO000017,SUP0043,CON0110,2026-09-06,2026-09-19,BUY010,INR,Approved
PO000018,SUP0093,,2026-09-06,2026-10-21,BUY011,INR,Approved
PO000019,SUP0075,,2026-09-06,2026-09-22,BUY010,INR,Completed
PO000020,SUP0017,CON0017,2026-09-06,2026-10-21,BUY010,INR,Cancelled
PO000021,SUP0049,,2026-09-06,2026-10-04,BUY017,INR,Approved
PO000022,SUP0083,CON0050,2026-09-06,2026-10-10,BUY012,INR,Approved
PO000023,SUP0024,CON0033,2026-09-06,2026-09-26,BUY007,INR,Approved
PO000024,SUP0018,CON0069,2026-09-06,2026-09-22,BUY017,INR,Cancelled
PO000025,SUP0095,CON0123,2026-09-06,2026-10-16,BUY020,INR,Approved
PO000026,SUP0077,CON0099,2026-09-06,2026-10-07,BUY020,INR,Approved
PO000027,SUP0093,,2026-09-06,2026-10-11,BUY012,INR,Approved
PO000028,SUP0057,,2026-09-06,2026-10-01,BUY015,INR,Approved
PO000029,SUP0069,CON0060,2026-09-06,2026-09-28,BUY007,INR,Approved
PO000030,SUP0087,,2026-09-06,2026-10-19,BUY015,INR,Approved
PO000031,SUP0100,CON0090,2026-09-06,2026-10-07,BUY006,INR,Approved
PO000032,SUP0078,,2026-09-06,2026-09-21,BUY002,INR,Completed
PO000033,SUP0048,,2026-09-06,2026-10-18,BUY017,INR,Approved
PO000034,SUP0037,,2026-09-06,2026-09-18,BUY009,INR,Completed
PO000035,SUP0066,,2026-09-06,2026-09-22,BUY003,INR,Approved
PO000036,SUP0058,,2026-09-06,2026-10-05,BUY014,INR,Approved
PO000037,SUP0051,CON0135,2026-09-06,2026-10-15,BUY003,INR,Approved
PO000038,SUP0029,,2026-09-06,2026-09-14,BUY004,INR,Approved
PO000039,SUP0019,,2026-09-06,2026-09-21,BUY016,INR,Approved
PO000040,SUP0098,CON0012,2026-09-06,2026-10-13,BUY003,INR,Approved
PO000041,SUP0033,,2026-09-06,2026-09-26,BUY018,INR,Cancelled
PO000042,SUP0068,CON0124,2026-09-06,2026-10-10,BUY008,INR,Approved
PO000043,SUP0016,CON0138,2026-09-06,2026-09-16,BUY003,INR,Approved
PO000044,SUP0064,,2026-09-06,2026-10-21,BUY017,INR,Cancelled
PO000045,SUP0031,CON0035,2026-09-06,2026-09-22,BUY020,INR,Approved
PO000046,SUP0031,CON0035,2026-09-06,2026-10-19,BUY017,INR,Approved
PO000047,SUP0009,,2026-09-06,2026-10-16,BUY017,INR,Cancelled
PO000048,SUP0003,,2026-09-06,2026-10-07,BUY002,INR,Completed
PO000049,SUP0048,CON0031,2026-09-06,2026-09-29,BUY003,INR,Approved
PO000050,SUP0031,,2026-09-06,2026-09-19,BUY011,INR,Approved
PO000051,SUP0006,CON0067,2026-09-06,2026-10-05,BUY015,INR,Completed
PO000052,SUP0081,,2026-09-06,2026-09-24,BUY003,INR,Completed
PO000053,SUP0005,CON0051,2026-09-06,2026-10-01,BUY002,INR,Approved
PO000054,SUP0040,CON0126,2026-09-06,2026-10-15,BUY009,INR,Approved
PO000055,SUP0097,CON0049,2026-09-06,2026-09-25,BUY011,INR,Approved
PO000056,SUP0016,CON0138,2026-09-06,2026-10-06,BUY015,INR,Completed
PO000057,SUP0044,,2026-09-06,2026-09-24,BUY016,INR,Approved
PO000058,SUP0067,,2026-09-06,2026-09-30,BUY014,INR,Approved
PO000059,SUP0056,,2026-09-06,2026-10-21,BUY006,INR,Cancelled
PO000060,SUP0038,CON0044,2026-09-06,2026-10-03,BUY010,INR,Approved
PO000061,SUP0058,,2026-09-06,2026-10-21,BUY006,INR,Completed
PO000062,SUP0045,CON0115,2026-09-06,2026-10-11,BUY020,INR,Completed
PO000063,SUP0036,CON0083,2026-09-06,2026-09-16,BUY012,INR,Cancelled
PO000064,SUP0096,,2026-09-06,2026-09-23,BUY005,INR,Cancelled
PO000065,SUP0087,CON0038,2026-09-06,2026-10-11,BUY008,INR,Approved
PO000066,SUP0047,,2026-09-06,2026-10-07,BUY002,INR,Cancelled
PO000067,SUP0020,,2026-09-06,2026-10-11,BUY012,INR,Completed
PO000068,SUP0098,CON0137,2026-09-06,2026-09-17,BUY012,INR,Completed
PO000069,SUP0041,CON0015,2026-09-06,2026-09-30,BUY001,INR,Approved
PO000070,SUP0064,,2026-09-06,2026-10-16,BUY018,INR,Approved
PO000071,SUP0034,CON0021,2026-09-06,2026-09-29,BUY020,INR,Approved
PO000072,SUP0089,CON0029,2026-09-06,2026-10-14,BUY003,INR,Completed
PO000073,SUP0023,,2026-09-06,2026-10-11,BUY011,INR,Approved
PO000074,SUP0091,CON0028,2026-09-06,2026-09-17,BUY010,INR,Approved
PO000075,SUP0092,,2026-09-06,2026-09-24,BUY017,INR,Approved
PO000076,SUP0016,,2026-09-06,2026-09-25,BUY008,INR,Completed
PO000077,SUP0004,CON0085,2026-09-06,2026-10-06,BUY015,INR,Cancelled
PO000078,SUP0017,CON0097,2026-09-06,2026-09-18,BUY016,INR,Cancelled
PO000079,SUP0053,,2026-09-06,2026-10-09,BUY003,INR,Approved
PO000080,SUP0041,CON0105,2026-09-06,2026-09-17,BUY005,INR,Cancelled
PO000081,SUP0082,CON0040,2026-09-06,2026-10-20,BUY014,INR,Cancelled
PO000082,SUP0008,CON0109,2026-09-06,2026-09-20,BUY006,INR,Approved
PO000083,SUP0042,CON0096,2026-09-06,2026-09-27,BUY010,INR,Approved
PO000084,SUP0033,CON0084,2026-09-06,2026-09-25,BUY005,INR,Approved
PO000085,SUP0079,CON0034,2026-09-06,2026-10-17,BUY019,INR,Cancelled
PO000086,SUP0020,,2026-09-06,2026-09-23,BUY020,INR,Approved
PO000087,SUP0073,,2026-09-06,2026-09-15,BUY001,INR,Approved
PO000088,SUP0006,CON0067,2026-09-06,2026-10-19,BUY019,INR,Completed
PO000089,SUP0080,CON0147,2026-09-06,2026-09-14,BUY010,INR,Completed
PO000090,SUP0032,CON0004,2026-09-06,2026-10-08,BUY002,INR,Approved
PO000091,SUP0057,CON0039,2026-09-06,2026-10-09,BUY011,INR,Cancelled
PO000092,SUP0019,,2026-09-06,2026-10-03,BUY011,INR,Approved
PO000093,SUP0052,,2026-09-06,2026-09-21,BUY017,INR,Cancelled
PO000094,SUP0014,CON0042,2026-09-06,2026-10-03,BUY009,INR,Completed
PO000095,SUP0032,CON0004,2026-09-06,2026-09-22,BUY013,INR,Cancelled
PO000096,SUP0054,,2026-09-06,2026-09-28,BUY006,INR,Approved
PO000097,SUP0074,CON0113,2026-09-06,2026-10-03,BUY016,INR,Cancelled
PO000098,SUP0060,,2026-09-06,2026-10-14,BUY016,INR,Approved
PO000099,SUP0012,CON0027,2026-09-06,2026-10-08,BUY007,INR,Cancelled
PO000100,SUP0046,CON0076,2026-09-06,2026-09-16,BUY020,INR,Completed
PO000101,SUP0037,CON0133,2026-09-06,2026-10-17,BUY014,INR,Approved
PO000102,SUP0034,,2026-09-06,2026-10-06,BUY012,INR,Approved
PO000103,SUP0052,CON0094,2026-09-06,2026-09-16,BUY012,INR,Cancelled
PO000104,SUP0037,CON0133,2026-09-06,2026-09-17,BUY018,INR,Approved
PO000105,SUP0080,CON0025,2026-09-06,2026-09-20,BUY013,INR,Approved
PO000106,SUP0044,,2026-09-06,2026-10-18,BUY005,INR,Approved
PO000107,SUP0078,CON0047,2026-09-06,2026-10-15,BUY002,INR,Approved
PO000108,SUP0018,,2026-09-06,2026-10-04,BUY017,INR,Completed
PO000109,SUP0020,,2026-09-06,2026-10-21,BUY005,INR,Approved
PO000110,SUP0079,CON0092,2026-09-06,2026-10-03,BUY019,INR,Approved
PO000111,SUP0065,CON0100,2026-09-06,2026-10-15,BUY016,INR,Approved
PO000112,SUP0048,CON0031,2026-09-06,2026-10-04,BUY019,INR,Approved
PO000113,SUP0093,,2026-09-06,2026-09-14,BUY009,INR,Cancelled
PO000114,SUP0074,CON0113,2026-09-06,2026-09-27,BUY006,INR,Cancelled
PO000115,SUP0081,,2026-09-06,2026-10-07,BUY008,INR,Approved
PO000116,SUP0074,CON0113,2026-09-06,2026-09-20,BUY011,INR,Completed
PO000117,SUP0020,,2026-09-06,2026-10-09,BUY014,INR,Cancelled
PO000118,SUP0100,,2026-09-06,2026-10-13,BUY002,INR,Approved
PO000119,SUP0067,,2026-09-06,2026-09-26,BUY016,INR,Cancelled
PO000120,SUP0049,,2026-09-06,2026-10-03,BUY015,INR,Cancelled
PO000121,SUP0044,,2026-09-06,2026-10-17,BUY009,INR,Cancelled
PO000122,SUP0062,,2026-09-06,2026-09-25,BUY009,INR,Cancelled
PO000123,SUP0039,,2026-09-06,2026-09-27,BUY010,INR,Approved
PO000124,SUP0091,CON0028,2026-09-06,2026-09-26,BUY011,INR,Completed
PO000125,SUP0045,,2026-09-06,2026-10-18,BUY009,INR,Approved
PO000126,SUP0016,CON0138,2026-09-06,2026-10-19,BUY013,INR,Approved
PO000127,SUP0099,CON0007,2026-09-06,2026-09-22,BUY003,INR,Approved
PO000128,SUP0057,CON0039,2026-09-06,2026-09-29,BUY007,INR,Cancelled
PO000129,SUP0035,CON0003,2026-09-06,2026-10-18,BUY004,INR,Cancelled
PO000130,SUP0095,CON0088,2026-09-06,2026-10-20,BUY017,INR,Approved
PO000131,SUP0082,CON0062,2026-09-06,2026-09-27,BUY011,INR,Completed
PO000132,SUP0013,CON0075,2026-09-06,2026-09-21,BUY006,INR,Completed
PO000133,SUP0084,CON0020,2026-09-06,2026-10-13,BUY010,INR,Approved
PO000134,SUP0037,,2026-09-06,2026-09-16,BUY003,INR,Cancelled
PO000135,SUP0030,CON0036,2026-09-06,2026-10-17,BUY006,INR,Completed
PO000136,SUP0023,,2026-09-06,2026-09-15,BUY013,INR,Completed
PO000137,SUP0024,,2026-09-06,2026-10-01,BUY001,INR,Approved
PO000138,SUP0073,CON0080,2026-09-06,2026-10-21,BUY010,INR,Completed
PO000139,SUP0083,CON0050,2026-09-06,2026-10-17,BUY017,INR,Completed
PO000140,SUP0035,,2026-09-06,2026-09-25,BUY011,INR,Approved
PO000141,SUP0094,,2026-09-06,2026-10-12,BUY006,INR,Approved
PO000142,SUP0095,,2026-09-06,2026-10-04,BUY019,INR,Approved
PO000143,SUP0023,,2026-09-06,2026-10-08,BUY017,INR,Approved
PO000144,SUP0012,CON0027,2026-09-06,2026-10-08,BUY005,INR,Completed
PO000145,SUP0042,CON0030,2026-09-06,2026-09-28,BUY008,INR,Completed
PO000146,SUP0097,,2026-09-06,2026-09-30,BUY010,INR,Cancelled
PO000147,SUP0093,,2026-09-06,2026-10-19,BUY012,INR,Approved
PO000148,SUP0008,CON0109,2026-09-06,2026-09-20,BUY013,INR,Cancelled
PO000149,SUP0091,CON0028,2026-09-06,2026-10-02,BUY012,INR,Cancelled
PO000150,SUP0029,,2026-09-06,2026-09-27,BUY016,INR,Approved
PO000151,SUP0059,CON0143,2026-09-06,2026-10-21,BUY018,INR,Approved
PO000152,SUP0098,CON0137,2026-09-06,2026-09-28,BUY003,INR,Cancelled
PO000153,SUP0058,,2026-09-06,2026-10-16,BUY003,INR,Cancelled
PO000154,SUP0015,,2026-09-06,2026-09-16,BUY017,INR,Approved
PO000155,SUP0074,CON0113,2026-09-06,2026-10-17,BUY017,INR,Completed
PO000156,SUP0015,CON0132,2026-09-06,2026-09-26,BUY003,INR,Cancelled
PO000157,SUP0058,,2026-09-06,2026-09-16,BUY017,INR,Completed
PO000158,SUP0059,CON0143,2026-09-06,2026-10-19,BUY010,INR,Approved
PO000159,SUP0051,,2026-09-06,2026-09-29,BUY007,INR,Cancelled
PO000160,SUP0010,,2026-09-06,2026-09-15,BUY003,INR,Cancelled
PO000161,SUP0008,,2026-09-06,2026-09-17,BUY016,INR,Approved
PO000162,SUP0037,CON0133,2026-09-06,2026-10-09,BUY014,INR,Approved
PO000163,SUP0049,,2026-09-06,2026-10-11,BUY013,INR,Completed
PO000164,SUP0011,CON0127,2026-09-06,2026-10-17,BUY004,INR,Approved
PO000165,SUP0069,CON0140,2026-09-06,2026-10-08,BUY008,INR,Approved
PO000166,SUP0097,,2026-09-06,2026-09-14,BUY015,INR,Cancelled
PO000167,SUP0055,CON0117,2026-09-06,2026-10-17,BUY008,INR,Completed
PO000168,SUP0045,CON0115,2026-09-06,2026-09-22,BUY002,INR,Completed
PO000169,SUP0079,CON0034,2026-09-06,2026-09-14,BUY004,INR,Cancelled
PO000170,SUP0005,CON0051,2026-09-06,2026-10-11,BUY008,INR,Approved
PO000171,SUP0052,CON0094,2026-09-06,2026-10-11,BUY002,INR,Approved
PO000172,SUP0065,CON0100,2026-09-06,2026-10-01,BUY019,INR,Cancelled
PO000173,SUP0099,CON0007,2026-09-06,2026-10-03,BUY017,INR,Approved
PO000174,SUP0053,CON0103,2026-09-06,2026-10-02,BUY014,INR,Cancelled
PO000175,SUP0064,,2026-09-06,2026-09-16,BUY013,INR,Cancelled
PO000176,SUP0041,CON0105,2026-09-06,2026-10-09,BUY013,INR,Approved
PO000177,SUP0097,CON0049,2026-09-06,2026-10-17,BUY010,INR,Approved
PO000178,SUP0060,CON0057,2026-09-06,2026-09-16,BUY018,INR,Cancelled
PO000179,SUP0018,CON0069,2026-09-06,2026-10-07,BUY011,INR,Approved
PO000180,SUP0058,,2026-09-06,2026-10-06,BUY007,INR,Approved
PO000181,SUP0035,CON0120,2026-09-06,2026-10-07,BUY002,INR,Approved
PO000182,SUP0025,CON0048,2026-09-06,2026-10-20,BUY016,INR,Approved
PO000183,SUP0043,,2026-09-06,2026-10-02,BUY001,INR,Approved
PO000184,SUP0025,CON0077,2026-09-06,2026-09-20,BUY008,INR,Cancelled
PO000185,SUP0091,CON0028,2026-09-06,2026-09-26,BUY018,INR,Approved
PO000186,SUP0100,CON0090,2026-09-06,2026-10-01,BUY010,INR,Approved
PO000187,SUP0047,,2026-09-06,2026-10-15,BUY015,INR,Approved
PO000188,SUP0093,,2026-09-06,2026-10-13,BUY011,INR,Approved
PO000189,SUP0048,CON0031,2026-09-06,2026-10-03,BUY005,INR,Approved
PO000190,SUP0034,,2026-09-06,2026-10-18,BUY019,INR,Completed
PO000191,SUP0038,CON0044,2026-09-06,2026-09-22,BUY013,INR,Cancelled
PO000192,SUP0032,CON0004,2026-09-06,2026-10-14,BUY009,INR,Completed
PO000193,SUP0093,,2026-09-06,2026-10-14,BUY012,INR,Approved
PO000194,SUP0018,CON0069,2026-09-06,2026-10-17,BUY017,INR,Approved
PO000195,SUP0010,,2026-09-06,2026-09-16,BUY014,INR,Approved
PO000196,SUP0081,,2026-09-06,2026-09-27,BUY005,INR,Approved
PO000197,SUP0028,CON0102,2026-09-06,2026-10-15,BUY020,INR,Cancelled
PO000198,SUP0062,CON0056,2026-09-06,2026-10-14,BUY001,INR,Approved
PO000199,SUP0068,CON0124,2026-09-06,2026-09-30,BUY001,INR,Cancelled
PO000200,SUP0090,,2026-09-06,2026-10-10,BUY006,INR,Approved
PO000201,SUP0013,CON0018,2026-09-06,2026-10-16,BUY020,INR,Cancelled
PO000202,SUP0033,CON0084,2026-09-06,2026-10-05,BUY003,INR,Approved
PO000203,SUP0052,CON0094,2026-09-06,2026-10-12,BUY010,INR,Approved
PO000204,SUP0084,CON0020,2026-09-06,2026-09-15,BUY013,INR,Cancelled
PO000205,SUP0061,,2026-09-06,2026-09-16,BUY006,INR,Approved
PO000206,SUP0064,,2026-09-06,2026-10-10,BUY011,INR,Cancelled
PO000207,SUP0013,,2026-09-06,2026-10-16,BUY008,INR,Approved
PO000208,SUP0089,CON0029,2026-09-06,2026-10-19,BUY003,INR,Approved
PO000209,SUP0070,,2026-09-06,2026-10-19,BUY006,INR,Approved
PO000210,SUP0003,,2026-09-06,2026-09-26,BUY013,INR,Approved
PO000211,SUP0039,CON0066,2026-09-06,2026-09-23,BUY013,INR,Cancelled
PO000212,SUP0043,,2026-09-06,2026-10-07,BUY005,INR,Approved
PO000213,SUP0065,CON0100,2026-09-06,2026-10-05,BUY008,INR,Approved
PO000214,SUP0044,,2026-09-06,2026-10-21,BUY020,INR,Completed
PO000215,SUP0100,CON0090,2026-09-06,2026-10-03,BUY015,INR,Completed
PO000216,SUP0030,CON0063,2026-09-06,2026-10-05,BUY014,INR,Approved
PO000217,SUP0088,CON0026,2026-09-06,2026-10-20,BUY020,INR,Approved
PO000218,SUP0032,CON0004,2026-09-06,2026-09-17,BUY013,INR,Approved
PO000219,SUP0095,CON0088,2026-09-06,2026-10-07,BUY003,INR,Approved
PO000220,SUP0040,CON0126,2026-09-06,2026-10-11,BUY004,INR,Approved
PO000221,SUP0012,CON0059,2026-09-06,2026-09-24,BUY004,INR,Approved
PO000222,SUP0012,CON0059,2026-09-06,2026-10-05,BUY013,INR,Approved
PO000223,SUP0038,CON0044,2026-09-06,2026-10-09,BUY018,INR,Approved
PO000224,SUP0074,CON0113,2026-09-06,2026-10-16,BUY006,INR,Approved
PO000225,SUP0035,CON0003,2026-09-06,2026-10-02,BUY003,INR,Approved
PO000226,SUP0056,CON0148,2026-09-06,2026-09-30,BUY003,INR,Approved
PO000227,SUP0033,CON0084,2026-09-06,2026-09-28,BUY020,INR,Cancelled
PO000228,SUP0026,,2026-09-06,2026-10-12,BUY010,INR,Approved
PO000229,SUP0051,,2026-09-06,2026-10-04,BUY013,INR,Approved
PO000230,SUP0057,CON0039,2026-09-06,2026-10-04,BUY010,INR,Approved
PO000231,SUP0078,CON0047,2026-09-06,2026-09-25,BUY013,INR,Approved
PO000232,SUP0038,,2026-09-06,2026-10-14,BUY008,INR,Approved
PO000233,SUP0049,,2026-09-06,2026-09-30,BUY013,INR,Approved
PO000234,SUP0015,CON0068,2026-09-06,2026-10-19,BUY018,INR,Approved
PO000235,SUP0094,,2026-09-06,2026-10-12,BUY007,INR,Completed
PO000236,SUP0038,,2026-09-06,2026-09-17,BUY014,INR,Completed
PO000237,SUP0018,CON0069,2026-09-06,2026-10-02,BUY014,INR,Completed
PO000238,SUP0010,,2026-09-06,2026-10-11,BUY016,INR,Cancelled
PO000239,SUP0052,CON0146,2026-09-06,2026-10-17,BUY018,INR,Approved
PO000240,SUP0047,,2026-09-06,2026-10-17,BUY003,INR,Approved
PO000241,SUP0099,CON0007,2026-09-06,2026-09-28,BUY006,INR,Cancelled
PO000242,SUP0006,,2026-09-06,2026-10-19,BUY013,INR,Approved
PO000243,SUP0056,CON0148,2026-09-06,2026-09-19,BUY008,INR,Cancelled
PO000244,SUP0096,CON0108,2026-09-06,2026-10-16,BUY019,INR,Approved
PO000245,SUP0058,,2026-09-06,2026-10-06,BUY019,INR,Cancelled
PO000246,SUP0020,,2026-09-06,2026-10-05,BUY016,INR,Approved
PO000247,SUP0038,,2026-09-06,2026-10-09,BUY003,INR,Approved
PO000248,SUP0094,,2026-09-06,2026-09-22,BUY011,INR,Completed
PO000249,SUP0027,CON0136,2026-09-06,2026-10-16,BUY004,INR,Completed
PO000250,SUP0093,,2026-09-06,2026-10-11,BUY010,INR,Approved
PO000251,SUP0091,CON0028,2026-09-06,2026-09-20,BUY004,INR,Approved
PO000252,SUP0095,CON0142,2026-09-06,2026-09-28,BUY006,INR,Approved
PO000253,SUP0072,,2026-09-06,2026-10-10,BUY008,INR,Completed
PO000254,SUP0081,,2026-09-06,2026-09-24,BUY014,INR,Completed
PO000255,SUP0004,CON0085,2026-09-06,2026-09-25,BUY013,INR,Approved
PO000256,SUP0091,CON0028,2026-09-06,2026-09-26,BUY019,INR,Approved
PO000257,SUP0069,CON0023,2026-09-06,2026-09-24,BUY015,INR,Approved
PO000258,SUP0034,CON0021,2026-09-06,2026-10-14,BUY020,INR,Completed
PO000259,SUP0079,CON0092,2026-09-06,2026-10-08,BUY012,INR,Completed
PO000260,SUP0080,,2026-09-06,2026-09-24,BUY010,INR,Cancelled
PO000261,SUP0076,CON0149,2026-09-06,2026-09-18,BUY004,INR,Approved
PO000262,SUP0040,CON0126,2026-09-06,2026-09-20,BUY017,INR,Completed
PO000263,SUP0054,CON0131,2026-09-06,2026-10-21,BUY014,INR,Approved
PO000264,SUP0063,CON0010,2026-09-06,2026-10-17,BUY018,INR,Approved
PO000265,SUP0063,CON0010,2026-09-06,2026-10-01,BUY015,INR,Cancelled
PO000266,SUP0007,,2026-09-06,2026-10-05,BUY016,INR,Approved
PO000267,SUP0025,,2026-09-06,2026-10-07,BUY017,INR,Completed
PO000268,SUP0053,CON0103,2026-09-06,2026-10-14,BUY016,INR,Approved
PO000269,SUP0011,CON0107,2026-09-06,2026-10-19,BUY010,INR,Approved
PO000270,SUP0036,CON0073,2026-09-06,2026-09-27,BUY015,INR,Cancelled
PO000271,SUP0096,CON0006,2026-09-06,2026-10-14,BUY019,INR,Approved
PO000272,SUP0035,,2026-09-06,2026-10-17,BUY012,INR,Cancelled
PO000273,SUP0097,,2026-09-06,2026-09-15,BUY015,INR,Cancelled
PO000274,SUP0028,CON0102,2026-09-06,2026-10-10,BUY010,INR,Approved
PO000275,SUP0058,,2026-09-06,2026-09-29,BUY003,INR,Completed
PO000276,SUP0016,CON0138,2026-09-06,2026-09-28,BUY020,INR,Completed
PO000277,SUP0022,,2026-09-06,2026-09-21,BUY007,INR,Approved
PO000278,SUP0073,CON0080,2026-09-06,2026-10-05,BUY011,INR,Approved
PO000279,SUP0038,CON0044,2026-09-06,2026-10-19,BUY005,INR,Completed
PO000280,SUP0008,,2026-09-06,2026-09-30,BUY005,INR,Approved
PO000281,SUP0032,CON0004,2026-09-06,2026-09-22,BUY013,INR,Completed
PO000282,SUP0019,,2026-09-06,2026-10-19,BUY014,INR,Completed
PO000283,SUP0058,,2026-09-06,2026-09-17,BUY003,INR,Completed
PO000284,SUP0066,,2026-09-06,2026-09-30,BUY012,INR,Completed
PO000285,SUP0063,CON0010,2026-09-06,2026-10-03,BUY015,INR,Approved
PO000286,SUP0009,,2026-09-06,2026-10-17,BUY014,INR,Approved
PO000287,SUP0064,,2026-09-06,2026-09-30,BUY010,INR,Approved
PO000288,SUP0071,,2026-09-06,2026-10-19,BUY016,INR,Approved
PO000289,SUP0088,CON0106,2026-09-06,2026-09-16,BUY001,INR,Approved
PO000290,SUP0021,,2026-09-06,2026-10-11,BUY014,INR,Approved
PO000291,SUP0089,,2026-09-06,2026-09-21,BUY010,INR,Approved
PO000292,SUP0036,CON0083,2026-09-06,2026-09-18,BUY003,INR,Approved
PO000293,SUP0086,CON0134,2026-09-06,2026-09-23,BUY008,INR,Completed
PO000294,SUP0084,CON0020,2026-09-06,2026-09-18,BUY007,INR,Completed
PO000295,SUP0010,,2026-09-06,2026-09-21,BUY017,INR,Completed
PO000296,SUP0002,CON0045,2026-09-06,2026-09-13,BUY014,INR,Approved
PO000297,SUP0062,CON0011,2026-09-06,2026-09-17,BUY004,INR,Approved
PO000298,SUP0041,,2026-09-06,2026-10-06,BUY005,INR,Completed
PO000299,SUP0100,CON0090,2026-09-06,2026-09-21,BUY003,INR,Cancelled
PO000300,SUP0073,CON0080,2026-09-06,2026-09-13,BUY015,INR,Approved
PO000301,SUP0093,,2026-09-06,2026-09-26,BUY005,INR,Completed
PO000302,SUP0079,,2026-09-06,2026-10-11,BUY003,INR,Approved
PO000303,SUP0018,CON0069,2026-09-06,2026-09-20,BUY012,INR,Completed
PO000304,SUP0041,CON0015,2026-09-06,2026-09-21,BUY008,INR,Cancelled
PO000305,SUP0077,CON0112,2026-09-06,2026-10-21,BUY001,INR,Approved
PO000306,SUP0027,CON0081,2026-09-06,2026-10-16,BUY013,INR,Approved
PO000307,SUP0083,,2026-09-06,2026-09-16,BUY008,INR,Completed
PO000308,SUP0050,CON0005,2026-09-06,2026-09-20,BUY017,INR,Approved
PO000309,SUP0047,,2026-09-06,2026-10-03,BUY019,INR,Completed
PO000310,SUP0047,,2026-09-06,2026-10-17,BUY016,INR,Approved
PO000311,SUP0003,,2026-09-06,2026-10-20,BUY009,INR,Approved
PO000312,SUP0006,,2026-09-06,2026-09-16,BUY013,INR,Cancelled
PO000313,SUP0037,,2026-09-06,2026-10-15,BUY014,INR,Completed
PO000314,SUP0011,CON0107,2026-09-06,2026-10-17,BUY009,INR,Approved
PO000315,SUP0040,CON0126,2026-09-06,2026-09-18,BUY005,INR,Cancelled
PO000316,SUP0042,CON0096,2026-09-06,2026-10-08,BUY003,INR,Approved
PO000317,SUP0090,CON0101,2026-09-06,2026-10-10,BUY002,INR,Approved
PO000318,SUP0012,CON0027,2026-09-06,2026-10-10,BUY010,INR,Approved
PO000319,SUP0016,CON0138,2026-09-06,2026-09-13,BUY006,INR,Completed
PO000320,SUP0045,CON0115,2026-09-06,2026-10-16,BUY006,INR,Approved
PO000321,SUP0017,CON0017,2026-09-06,2026-09-30,BUY001,INR,Approved
PO000322,SUP0055,CON0130,2026-09-06,2026-09-30,BUY019,INR,Approved
PO000323,SUP0064,,2026-09-06,2026-10-12,BUY002,INR,Completed
PO000324,SUP0073,CON0080,2026-09-06,2026-09-23,BUY004,INR,Cancelled
PO000325,SUP0087,CON0038,2026-09-06,2026-09-20,BUY002,INR,Approved
PO000326,SUP0032,CON0004,2026-09-06,2026-09-15,BUY005,INR,Approved
PO000327,SUP0005,,2026-09-06,2026-10-18,BUY014,INR,Approved
PO000328,SUP0042,CON0096,2026-09-06,2026-09-28,BUY011,INR,Approved
PO000329,SUP0010,,2026-09-06,2026-10-19,BUY017,INR,Approved
PO000330,SUP0023,,2026-09-06,2026-09-27,BUY002,INR,Completed
PO000331,SUP0009,,2026-09-06,2026-10-12,BUY010,INR,Approved
PO000332,SUP0012,CON0059,2026-09-06,2026-10-18,BUY007,INR,Approved
PO000333,SUP0073,CON0080,2026-09-06,2026-10-02,BUY015,INR,Approved
PO000334,SUP0076,,2026-09-06,2026-10-14,BUY007,INR,Cancelled
PO000335,SUP0098,CON0116,2026-09-06,2026-09-28,BUY001,INR,Approved
PO000336,SUP0070,,2026-09-06,2026-10-05,BUY001,INR,Approved
PO000337,SUP0001,,2026-09-06,2026-10-07,BUY010,INR,Approved
PO000338,SUP0027,,2026-09-06,2026-10-16,BUY014,INR,Completed
PO000339,SUP0008,CON0109,2026-09-06,2026-09-22,BUY002,INR,Approved
PO000340,SUP0067,,2026-09-06,2026-10-09,BUY012,INR,Completed
PO000341,SUP0096,CON0089,2026-09-06,2026-09-18,BUY005,INR,Completed
PO000342,SUP0010,,2026-09-06,2026-10-20,BUY014,INR,Approved
PO000343,SUP0031,CON0086,2026-09-06,2026-10-01,BUY013,INR,Approved
PO000344,SUP0041,CON0015,2026-09-06,2026-10-11,BUY007,INR,Approved
PO000345,SUP0100,CON0090,2026-09-06,2026-10-20,BUY006,INR,Completed
PO000346,SUP0060,CON0057,2026-09-06,2026-10-03,BUY007,INR,Completed
PO000347,SUP0040,CON0126,2026-09-06,2026-10-12,BUY003,INR,Approved
PO000348,SUP0088,,2026-09-06,2026-10-02,BUY020,INR,Approved
PO000349,SUP0028,CON0102,2026-09-06,2026-10-03,BUY012,INR,Completed
PO000350,SUP0066,,2026-09-06,2026-09-16,BUY009,INR,Approved
PO000351,SUP0004,,2026-09-06,2026-10-08,BUY018,INR,Cancelled
PO000352,SUP0032,CON0004,2026-09-06,2026-09-19,BUY004,INR,Approved
PO000353,SUP0008,CON0109,2026-09-06,2026-09-27,BUY012,INR,Approved
PO000354,SUP0075,CON0098,2026-09-06,2026-10-20,BUY001,INR,Approved
PO000355,SUP0026,,2026-09-06,2026-10-11,BUY003,INR,Approved
PO000356,SUP0016,,2026-09-06,2026-09-15,BUY002,INR,Approved
PO000357,SUP0074,,2026-09-06,2026-10-10,BUY013,INR,Completed
PO000358,SUP0004,CON0085,2026-09-06,2026-10-07,BUY012,INR,Approved
PO000359,SUP0024,CON0033,2026-09-06,2026-09-30,BUY002,INR,Cancelled
PO000360,SUP0080,CON0147,2026-09-06,2026-09-28,BUY014,INR,Cancelled
PO000361,SUP0062,CON0056,2026-09-06,2026-09-16,BUY005,INR,Completed
PO000362,SUP0026,,2026-09-06,2026-10-16,BUY018,INR,Approved
PO000363,SUP0049,,2026-09-06,2026-10-05,BUY016,INR,Approved
PO000364,SUP0073,CON0080,2026-09-06,2026-10-15,BUY006,INR,Approved
PO000365,SUP0041,CON0105,2026-09-06,2026-10-21,BUY002,INR,Completed
PO000366,SUP0068,,2026-09-06,2026-10-05,BUY008,INR,Approved
PO000367,SUP0013,CON0072,2026-09-06,2026-09-28,BUY018,INR,Approved
PO000368,SUP0098,CON0116,2026-09-06,2026-09-27,BUY012,INR,Approved
PO000369,SUP0023,CON0087,2026-09-06,2026-09-28,BUY019,INR,Approved
PO000370,SUP0091,,2026-09-06,2026-10-05,BUY019,INR,Approved
PO000371,SUP0073,,2026-09-06,2026-09-25,BUY016,INR,Cancelled
PO000372,SUP0040,CON0126,2026-09-06,2026-09-24,BUY002,INR,Approved
PO000373,SUP0078,CON0047,2026-09-06,2026-09-27,BUY001,INR,Approved
PO000374,SUP0079,,2026-09-06,2026-09-25,BUY011,INR,Approved
PO000375,SUP0042,CON0096,2026-09-06,2026-09-16,BUY005,INR,Approved
PO000376,SUP0068,,2026-09-06,2026-10-06,BUY012,INR,Completed
PO000377,SUP0076,CON0149,2026-09-06,2026-09-19,BUY005,INR,Approved
PO000378,SUP0094,,2026-09-06,2026-10-10,BUY016,INR,Approved
PO000379,SUP0023,CON0087,2026-09-06,2026-10-18,BUY008,INR,Cancelled
PO000380,SUP0023,CON0087,2026-09-06,2026-10-07,BUY005,INR,Approved
PO000381,SUP0094,,2026-09-06,2026-09-13,BUY019,INR,Completed
PO000382,SUP0099,CON0007,2026-09-06,2026-10-19,BUY020,INR,Approved
PO000383,SUP0082,CON0062,2026-09-06,2026-10-19,BUY005,INR,Approved
PO000384,SUP0096,CON0053,2026-09-06,2026-09-17,BUY006,INR,Approved
PO000385,SUP0091,CON0028,2026-09-06,2026-10-04,BUY007,INR,Approved
PO000386,SUP0089,CON0029,2026-09-06,2026-09-17,BUY001,INR,Approved
PO000387,SUP0050,CON0005,2026-09-06,2026-10-11,BUY014,INR,Completed
PO000388,SUP0049,,2026-09-06,2026-10-05,BUY004,INR,Completed
PO000389,SUP0074,CON0113,2026-09-06,2026-09-27,BUY002,INR,Approved
PO000390,SUP0003,,2026-09-06,2026-10-03,BUY004,INR,Approved
PO000391,SUP0044,,2026-09-06,2026-09-23,BUY006,INR,Approved
PO000392,SUP0071,,2026-09-06,2026-09-18,BUY020,INR,Completed
PO000393,SUP0091,CON0028,2026-09-06,2026-09-14,BUY020,INR,Completed
PO000394,SUP0021,,2026-09-06,2026-09-16,BUY007,INR,Approved
PO000395,SUP0053,CON0103,2026-09-06,2026-10-18,BUY010,INR,Approved
PO000396,SUP0031,CON0086,2026-09-06,2026-09-19,BUY005,INR,Approved
PO000397,SUP0047,,2026-09-06,2026-09-13,BUY010,INR,Cancelled
PO000398,SUP0062,CON0011,2026-09-06,2026-09-25,BUY006,INR,Approved
PO000399,SUP0011,,2026-09-06,2026-10-13,BUY010,INR,Completed
PO000400,SUP0061,,2026-09-06,2026-10-14,BUY009,INR,Approved
PO000401,SUP0083,CON0065,2026-09-06,2026-10-17,BUY013,INR,Approved
PO000402,SUP0024,CON0033,2026-09-06,2026-10-11,BUY015,INR,Approved
PO000403,SUP0029,,2026-09-06,2026-09-30,BUY005,INR,Approved
PO000404,SUP0011,,2026-09-06,2026-10-05,BUY014,INR,Cancelled
PO000405,SUP0030,CON0063,2026-09-06,2026-10-18,BUY017,INR,Completed
PO000406,SUP0069,CON0023,2026-09-06,2026-10-13,BUY016,INR,Approved
PO000407,SUP0011,,2026-09-06,2026-10-08,BUY002,INR,Cancelled
PO000408,SUP0074,,2026-09-06,2026-10-16,BUY020,INR,Approved
PO000409,SUP0016,CON0138,2026-09-06,2026-10-11,BUY007,INR,Approved
PO000410,SUP0017,CON0097,2026-09-06,2026-09-15,BUY007,INR,Approved
PO000411,SUP0077,CON0099,2026-09-06,2026-09-29,BUY003,INR,Completed
PO000412,SUP0072,CON0064,2026-09-06,2026-10-08,BUY017,INR,Completed
PO000413,SUP0002,CON0045,2026-09-06,2026-10-20,BUY004,INR,Completed
PO000414,SUP0020,,2026-09-06,2026-09-22,BUY019,INR,Approved
PO000415,SUP0014,,2026-09-06,2026-10-19,BUY010,INR,Cancelled
PO000416,SUP0045,CON0115,2026-09-06,2026-10-09,BUY019,INR,Cancelled
PO000417,SUP0061,,2026-09-06,2026-09-15,BUY013,INR,Approved
PO000418,SUP0080,CON0147,2026-09-06,2026-10-21,BUY002,INR,Completed
PO000419,SUP0043,CON0110,2026-09-06,2026-09-28,BUY009,INR,Approved
PO000420,SUP0003,,2026-09-06,2026-10-04,BUY010,INR,Approved
PO000421,SUP0036,,2026-09-06,2026-10-14,BUY004,INR,Approved
PO000422,SUP0018,,2026-09-06,2026-10-02,BUY015,INR,Approved
PO000423,SUP0035,CON0003,2026-09-06,2026-10-09,BUY007,INR,Completed
PO000424,SUP0028,CON0102,2026-09-06,2026-10-09,BUY002,INR,Cancelled
PO000425,SUP0021,,2026-09-06,2026-09-17,BUY017,INR,Completed
PO000426,SUP0018,,2026-09-06,2026-10-16,BUY001,INR,Approved
PO000427,SUP0025,,2026-09-06,2026-09-25,BUY008,INR,Approved
PO000428,SUP0059,,2026-09-06,2026-09-16,BUY007,INR,Approved
PO000429,SUP0048,CON0031,2026-09-06,2026-10-12,BUY001,INR,Approved
PO000430,SUP0048,CON0031,2026-09-06,2026-10-14,BUY016,INR,Cancelled
PO000431,SUP0071,,2026-09-06,2026-10-05,BUY009,INR,Approved
PO000432,SUP0037,CON0133,2026-09-06,2026-09-14,BUY019,INR,Approved
PO000433,SUP0029,,2026-09-06,2026-09-27,BUY009,INR,Completed
PO000434,SUP0066,,2026-09-06,2026-09-14,BUY001,INR,Completed
PO000435,SUP0017,CON0017,2026-09-06,2026-09-24,BUY008,INR,Approved
PO000436,SUP0078,CON0047,2026-09-06,2026-10-02,BUY014,INR,Completed
PO000437,SUP0045,CON0115,2026-09-06,2026-10-12,BUY010,INR,Cancelled
PO000438,SUP0080,CON0025,2026-09-06,2026-10-08,BUY017,INR,Approved
PO000439,SUP0072,CON0064,2026-09-06,2026-10-21,BUY004,INR,Completed
PO000440,SUP0009,,2026-09-06,2026-10-04,BUY011,INR,Approved
PO000441,SUP0034,CON0021,2026-09-06,2026-10-02,BUY002,INR,Cancelled
PO000442,SUP0052,CON0094,2026-09-06,2026-10-03,BUY016,INR,Approved
PO000443,SUP0034,CON0021,2026-09-06,2026-10-09,BUY019,INR,Cancelled
PO000444,SUP0025,CON0048,2026-09-06,2026-10-04,BUY018,INR,Completed
PO000445,SUP0086,CON0111,2026-09-06,2026-10-05,BUY018,INR,Approved
PO000446,SUP0038,CON0044,2026-09-06,2026-09-19,BUY018,INR,Approved
PO000447,SUP0088,CON0026,2026-09-06,2026-10-04,BUY012,INR,Approved
PO000448,SUP0096,CON0053,2026-09-06,2026-10-02,BUY012,INR,Approved
PO000449,SUP0075,CON0098,2026-09-06,2026-10-01,BUY016,INR,Approved
PO000450,SUP0082,CON0145,2026-09-06,2026-10-20,BUY003,INR,Completed
PO000451,SUP0025,CON0077,2026-09-06,2026-10-15,BUY017,INR,Approved
PO000452,SUP0053,,2026-09-06,2026-09-16,BUY005,INR,Approved
PO000453,SUP0026,,2026-09-06,2026-10-04,BUY019,INR,Completed
PO000454,SUP0019,,2026-09-06,2026-10-03,BUY006,INR,Approved
PO000455,SUP0063,CON0010,2026-09-06,2026-10-04,BUY011,INR,Approved
PO000456,SUP0001,CON0121,2026-09-06,2026-10-11,BUY019,INR,Approved
PO000457,SUP0063,CON0010,2026-09-06,2026-09-18,BUY014,INR,Completed
PO000458,SUP0055,CON0117,2026-09-06,2026-10-13,BUY018,INR,Approved
PO000459,SUP0094,,2026-09-06,2026-10-06,BUY011,INR,Cancelled
PO000460,SUP0025,CON0048,2026-09-06,2026-09-14,BUY008,INR,Approved
PO000461,SUP0040,CON0126,2026-09-06,2026-09-21,BUY006,INR,Approved
PO000462,SUP0006,,2026-09-06,2026-10-02,BUY015,INR,Cancelled
PO000463,SUP0077,CON0099,2026-09-06,2026-10-16,BUY011,INR,Completed
PO000464,SUP0046,CON0076,2026-09-06,2026-09-25,BUY001,INR,Approved
PO000465,SUP0029,,2026-09-06,2026-09-21,BUY001,INR,Cancelled
PO000466,SUP0065,CON0055,2026-09-06,2026-09-23,BUY013,INR,Approved
PO000467,SUP0099,CON0007,2026-09-06,2026-10-17,BUY004,INR,Approved
PO000468,SUP0007,CON0079,2026-09-06,2026-09-20,BUY004,INR,Cancelled
PO000469,SUP0033,CON0037,2026-09-06,2026-10-13,BUY001,INR,Approved
PO000470,SUP0054,CON0131,2026-09-06,2026-09-19,BUY020,INR,Cancelled
PO000471,SUP0090,CON0101,2026-09-06,2026-09-21,BUY017,INR,Cancelled
PO000472,SUP0016,CON0138,2026-09-06,2026-10-01,BUY016,INR,Approved
PO000473,SUP0078,,2026-09-06,2026-09-25,BUY017,INR,Approved
PO000474,SUP0046,CON0043,2026-09-06,2026-10-09,BUY018,INR,Completed
PO000475,SUP0027,CON0081,2026-09-06,2026-10-13,BUY001,INR,Approved
PO000476,SUP0015,CON0068,2026-09-06,2026-10-19,BUY003,INR,Cancelled
PO000477,SUP0010,,2026-09-06,2026-09-19,BUY008,INR,Completed
PO000478,SUP0038,CON0044,2026-09-06,2026-09-29,BUY006,INR,Approved
PO000479,SUP0038,,2026-09-06,2026-10-06,BUY011,INR,Completed
PO000480,SUP0095,CON0088,2026-09-06,2026-09-20,BUY001,INR,Approved
PO000481,SUP0085,CON0119,2026-09-06,2026-09-23,BUY020,INR,Approved
PO000482,SUP0094,,2026-09-06,2026-09-18,BUY011,INR,Approved
PO000483,SUP0015,CON0132,2026-09-06,2026-10-08,BUY009,INR,Completed
PO000484,SUP0089,,2026-09-06,2026-10-13,BUY006,INR,Approved
PO000485,SUP0017,,2026-09-06,2026-09-16,BUY006,INR,Approved
PO000486,SUP0054,CON0131,2026-09-06,2026-10-20,BUY006,INR,Cancelled
PO000487,SUP0049,,2026-09-06,2026-10-05,BUY005,INR,Completed
PO000488,SUP0063,,2026-09-06,2026-09-20,BUY015,INR,Approved
PO000489,SUP0009,,2026-09-06,2026-09-29,BUY001,INR,Cancelled
PO000490,SUP0099,CON0007,2026-09-06,2026-10-19,BUY011,INR,Cancelled
PO000491,SUP0067,,2026-09-06,2026-09-19,BUY008,INR,Completed
PO000492,SUP0045,CON0115,2026-09-06,2026-10-07,BUY001,INR,Approved
PO000493,SUP0065,,2026-09-06,2026-10-13,BUY006,INR,Approved
PO000494,SUP0097,CON0128,2026-09-06,2026-10-14,BUY009,INR,Approved
PO000495,SUP0065,CON0100,2026-09-06,2026-09-27,BUY013,INR,Approved
PO000496,SUP0011,CON0129,2026-09-06,2026-10-12,BUY015,INR,Approved
PO000497,SUP0064,,2026-09-06,2026-10-11,BUY016,INR,Approved
PO000498,SUP0014,CON0042,2026-09-06,2026-10-08,BUY003,INR,Cancelled
PO000499,SUP0080,,2026-09-06,2026-10-02,BUY018,INR,Approved
PO000500,SUP0084,,2026-09-06,2026-10-12,BUY012,INR,Approved
PO000501,SUP0029,,2026-09-06,2026-10-12,BUY020,INR,Cancelled
PO000502,SUP0061,,2026-09-06,2026-10-06,BUY004,INR,Approved
PO000503,SUP0098,CON0116,2026-09-06,2026-09-27,BUY010,INR,Cancelled
PO000504,SUP0067,,2026-09-06,2026-10-06,BUY002,INR,Approved
PO000505,SUP0064,,2026-09-06,2026-09-21,BUY014,INR,Approved
PO000506,SUP0033,CON0084,2026-09-06,2026-09-25,BUY007,INR,Completed
PO000507,SUP0025,CON0077,2026-09-06,2026-10-04,BUY002,INR,Cancelled
PO000508,SUP0016,CON0138,2026-09-06,2026-10-11,BUY016,INR,Approved
PO000509,SUP0068,CON0124,2026-09-06,2026-09-16,BUY019,INR,Completed
PO000510,SUP0066,,2026-09-06,2026-09-24,BUY006,INR,Approved
PO000511,SUP0014,CON0091,2026-09-06,2026-10-07,BUY017,INR,Completed
PO000512,SUP0054,,2026-09-06,2026-10-21,BUY008,INR,Approved
PO000513,SUP0051,,2026-09-06,2026-10-04,BUY015,INR,Approved
PO000514,SUP0018,CON0069,2026-09-06,2026-10-09,BUY018,INR,Approved
PO000515,SUP0092,CON0002,2026-09-06,2026-10-18,BUY007,INR,Cancelled
PO000516,SUP0092,CON0095,2026-09-06,2026-10-01,BUY005,INR,Approved
PO000517,SUP0065,CON0100,2026-09-06,2026-10-17,BUY004,INR,Approved
PO000518,SUP0072,CON0064,2026-09-06,2026-10-13,BUY018,INR,Approved
PO000519,SUP0055,CON0117,2026-09-06,2026-09-13,BUY013,INR,Approved
PO000520,SUP0007,CON0079,2026-09-06,2026-09-16,BUY010,INR,Approved
PO000521,SUP0019,,2026-09-06,2026-09-16,BUY010,INR,Approved
PO000522,SUP0097,CON0128,2026-09-06,2026-10-17,BUY004,INR,Cancelled
PO000523,SUP0087,,2026-09-06,2026-10-18,BUY018,INR,Completed
PO000524,SUP0031,,2026-09-06,2026-10-15,BUY010,INR,Approved
PO000525,SUP0049,,2026-09-06,2026-10-07,BUY011,INR,Cancelled
PO000526,SUP0007,CON0079,2026-09-06,2026-09-13,BUY020,INR,Completed
PO000527,SUP0029,,2026-09-06,2026-10-06,BUY018,INR,Cancelled
PO000528,SUP0026,,2026-09-06,2026-09-25,BUY006,INR,Approved
PO000529,SUP0024,CON0033,2026-09-06,2026-09-24,BUY013,INR,Approved
PO000530,SUP0055,CON0117,2026-09-06,2026-09-30,BUY006,INR,Cancelled
PO000531,SUP0033,CON0037,2026-09-06,2026-09-13,BUY002,INR,Approved
PO000532,SUP0042,CON0096,2026-09-06,2026-10-21,BUY020,INR,Approved
PO000533,SUP0063,CON0010,2026-09-06,2026-10-19,BUY011,INR,Cancelled
PO000534,SUP0029,,2026-09-06,2026-09-24,BUY017,INR,Approved
PO000535,SUP0054,CON0104,2026-09-06,2026-10-17,BUY012,INR,Approved
PO000536,SUP0028,CON0102,2026-09-06,2026-10-04,BUY007,INR,Cancelled
PO000537,SUP0068,,2026-09-06,2026-10-13,BUY001,INR,Approved
PO000538,SUP0086,CON0111,2026-09-06,2026-10-05,BUY002,INR,Approved
PO000539,SUP0049,,2026-09-06,2026-09-20,BUY018,INR,Approved
PO000540,SUP0004,,2026-09-06,2026-10-16,BUY012,INR,Cancelled
PO000541,SUP0066,,2026-09-06,2026-10-11,BUY010,INR,Approved
PO000542,SUP0042,CON0013,2026-09-06,2026-10-15,BUY006,INR,Cancelled
PO000543,SUP0069,CON0023,2026-09-06,2026-09-13,BUY007,INR,Completed
PO000544,SUP0014,CON0091,2026-09-06,2026-09-26,BUY003,INR,Approved
PO000545,SUP0004,CON0085,2026-09-06,2026-10-12,BUY003,INR,Approved
PO000546,SUP0007,,2026-09-06,2026-09-24,BUY018,INR,Approved
PO000547,SUP0074,,2026-09-06,2026-09-27,BUY014,INR,Completed
PO000548,SUP0058,,2026-09-06,2026-10-08,BUY001,INR,Completed
PO000549,SUP0087,CON0038,2026-09-06,2026-09-20,BUY019,INR,Approved
PO000550,SUP0090,CON0101,2026-09-06,2026-09-17,BUY010,INR,Approved
PO000551,SUP0078,CON0047,2026-09-06,2026-09-18,BUY013,INR,Completed
PO000552,SUP0085,CON0122,2026-09-06,2026-09-14,BUY008,INR,Approved
PO000553,SUP0096,,2026-09-06,2026-10-08,BUY018,INR,Approved
PO000554,SUP0082,CON0145,2026-09-06,2026-09-22,BUY012,INR,Approved
PO000555,SUP0071,,2026-09-06,2026-10-18,BUY002,INR,Approved
PO000556,SUP0074,CON0113,2026-09-06,2026-10-21,BUY010,INR,Approved
PO000557,SUP0096,CON0108,2026-09-06,2026-10-05,BUY017,INR,Approved
PO000558,SUP0021,,2026-09-06,2026-09-24,BUY009,INR,Approved
PO000559,SUP0015,CON0068,2026-09-06,2026-09-24,BUY018,INR,Completed
PO000560,SUP0083,CON0050,2026-09-06,2026-10-18,BUY009,INR,Approved
PO000561,SUP0026,,2026-09-06,2026-10-20,BUY011,INR,Approved
PO000562,SUP0017,CON0017,2026-09-06,2026-09-28,BUY007,INR,Approved
PO000563,SUP0063,CON0010,2026-09-06,2026-10-11,BUY019,INR,Approved
PO000564,SUP0073,CON0080,2026-09-06,2026-10-19,BUY014,INR,Approved
PO000565,SUP0001,CON0121,2026-09-06,2026-10-03,BUY014,INR,Approved
PO000566,SUP0047,,2026-09-06,2026-09-21,BUY011,INR,Completed
PO000567,SUP0060,CON0057,2026-09-06,2026-10-11,BUY016,INR,Cancelled
PO000568,SUP0014,CON0042,2026-09-06,2026-09-24,BUY009,INR,Approved
PO000569,SUP0069,CON0140,2026-09-06,2026-09-25,BUY003,INR,Approved
PO000570,SUP0003,,2026-09-06,2026-10-15,BUY019,INR,Cancelled
PO000571,SUP0052,CON0094,2026-09-06,2026-10-20,BUY018,INR,Approved
PO000572,SUP0070,,2026-09-06,2026-10-17,BUY005,INR,Approved
PO000573,SUP0051,,2026-09-06,2026-09-27,BUY019,INR,Approved
PO000574,SUP0018,CON0069,2026-09-06,2026-10-12,BUY013,INR,Approved
PO000575,SUP0065,CON0055,2026-09-06,2026-09-13,BUY017,INR,Approved
PO000576,SUP0058,,2026-09-06,2026-09-23,BUY019,INR,Approved
PO000577,SUP0095,,2026-09-06,2026-10-13,BUY002,INR,Approved
PO000578,SUP0098,CON0116,2026-09-06,2026-10-14,BUY012,INR,Approved
PO000579,SUP0006,CON0067,2026-09-06,2026-09-26,BUY013,INR,Completed
PO000580,SUP0059,CON0125,2026-09-06,2026-09-15,BUY004,INR,Cancelled
PO000581,SUP0082,,2026-09-06,2026-09-30,BUY009,INR,Cancelled
PO000582,SUP0070,,2026-09-06,2026-10-19,BUY013,INR,Approved
PO000583,SUP0076,CON0149,2026-09-06,2026-09-17,BUY008,INR,Cancelled
PO000584,SUP0052,,2026-09-06,2026-10-05,BUY012,INR,Completed
PO000585,SUP0062,CON0011,2026-09-06,2026-10-21,BUY015,INR,Approved
PO000586,SUP0030,CON0063,2026-09-06,2026-09-17,BUY007,INR,Approved
PO000587,SUP0024,CON0033,2026-09-06,2026-09-23,BUY008,INR,Completed
PO000588,SUP0043,CON0110,2026-09-06,2026-09-20,BUY016,INR,Approved
PO000589,SUP0076,CON0149,2026-09-06,2026-09-23,BUY001,INR,Approved
PO000590,SUP0006,CON0067,2026-09-06,2026-09-21,BUY005,INR,Cancelled
PO000591,SUP0006,CON0067,2026-09-06,2026-10-19,BUY009,INR,Approved
PO000592,SUP0067,,2026-09-06,2026-10-08,BUY019,INR,Approved
PO000593,SUP0093,,2026-09-06,2026-10-01,BUY007,INR,Completed
PO000594,SUP0078,,2026-09-06,2026-10-13,BUY006,INR,Approved
PO000595,SUP0053,CON0103,2026-09-06,2026-10-21,BUY020,INR,Cancelled
PO000596,SUP0034,CON0021,2026-09-06,2026-09-23,BUY015,INR,Cancelled
PO000597,SUP0076,CON0149,2026-09-06,2026-09-17,BUY005,INR,Approved
PO000598,SUP0003,,2026-09-06,2026-09-25,BUY017,INR,Completed
PO000599,SUP0020,,2026-09-06,2026-10-21,BUY016,INR,Cancelled
PO000600,SUP0077,,2026-09-06,2026-09-15,BUY018,INR,Cancelled
PO000601,SUP0097,CON0049,2026-09-06,2026-09-20,BUY020,INR,Cancelled
PO000602,SUP0001,CON0121,2026-09-06,2026-10-10,BUY002,INR,Cancelled
PO000603,SUP0055,,2026-09-06,2026-09-27,BUY016,INR,Completed
PO000604,SUP0045,,2026-09-06,2026-10-20,BUY019,INR,Approved
PO000605,SUP0055,CON0117,2026-09-06,2026-09-21,BUY003,INR,Approved
PO000606,SUP0077,CON0099,2026-09-06,2026-10-17,BUY001,INR,Approved
PO000607,SUP0074,CON0113,2026-09-06,2026-10-16,BUY013,INR,Approved
PO000608,SUP0089,CON0029,2026-09-06,2026-10-03,BUY005,INR,Completed
PO000609,SUP0084,CON0020,2026-09-06,2026-10-20,BUY019,INR,Approved
PO000610,SUP0079,,2026-09-06,2026-09-30,BUY013,INR,Approved
PO000611,SUP0053,,2026-09-06,2026-10-18,BUY016,INR,Approved
PO000612,SUP0048,CON0031,2026-09-06,2026-10-18,BUY010,INR,Cancelled
PO000613,SUP0045,CON0115,2026-09-06,2026-10-08,BUY008,INR,Completed
PO000614,SUP0090,CON0101,2026-09-06,2026-09-23,BUY011,INR,Cancelled
PO000615,SUP0079,CON0034,2026-09-06,2026-09-16,BUY003,INR,Approved
PO000616,SUP0061,,2026-09-06,2026-10-21,BUY003,INR,Approved
PO000617,SUP0029,,2026-09-06,2026-10-06,BUY002,INR,Completed
PO000618,SUP0052,CON0094,2026-09-06,2026-10-16,BUY006,INR,Completed
PO000619,SUP0057,CON0074,2026-09-06,2026-09-13,BUY007,INR,Approved
PO000620,SUP0077,CON0099,2026-09-06,2026-10-15,BUY020,INR,Approved
PO000621,SUP0087,CON0038,2026-09-06,2026-09-15,BUY006,INR,Approved
PO000622,SUP0036,CON0083,2026-09-06,2026-10-08,BUY013,INR,Cancelled
PO000623,SUP0026,,2026-09-06,2026-10-16,BUY003,INR,Approved
PO000624,SUP0071,,2026-09-06,2026-10-01,BUY018,INR,Cancelled
PO000625,SUP0045,,2026-09-06,2026-10-05,BUY009,INR,Approved
PO000626,SUP0078,CON0047,2026-09-06,2026-09-25,BUY019,INR,Approved
PO000627,SUP0034,CON0021,2026-09-06,2026-09-24,BUY018,INR,Approved
PO000628,SUP0065,CON0055,2026-09-06,2026-10-01,BUY017,INR,Approved
PO000629,SUP0069,CON0060,2026-09-06,2026-10-19,BUY013,INR,Cancelled
PO000630,SUP0062,,2026-09-06,2026-09-28,BUY015,INR,Completed
PO000631,SUP0076,CON0149,2026-09-06,2026-09-14,BUY003,INR,Completed
PO000632,SUP0082,CON0040,2026-09-06,2026-09-27,BUY011,INR,Completed
PO000633,SUP0046,CON0076,2026-09-06,2026-10-16,BUY008,INR,Approved
PO000634,SUP0012,CON0059,2026-09-06,2026-10-08,BUY003,INR,Cancelled
PO000635,SUP0023,CON0087,2026-09-06,2026-10-13,BUY019,INR,Approved
PO000636,SUP0024,CON0033,2026-09-06,2026-09-25,BUY008,INR,Approved
PO000637,SUP0034,CON0021,2026-09-06,2026-09-26,BUY020,INR,Approved
PO000638,SUP0020,,2026-09-06,2026-09-19,BUY003,INR,Completed
PO000639,SUP0079,,2026-09-07,2026-09-14,BUY018,INR,Approved
PO000640,SUP0062,CON0056,2026-09-06,2026-10-06,BUY019,INR,Approved
PO000641,SUP0063,,2026-09-06,2026-09-24,BUY017,INR,Approved
PO000642,SUP0051,,2026-09-06,2026-09-27,BUY005,INR,Approved
PO000643,SUP0068,CON0032,2026-09-06,2026-10-10,BUY017,INR,Approved
PO000644,SUP0051,CON0022,2026-09-06,2026-09-24,BUY017,INR,Completed
PO000645,SUP0041,CON0015,2026-09-06,2026-09-13,BUY013,INR,Cancelled
PO000646,SUP0013,CON0072,2026-09-06,2026-10-03,BUY006,INR,Cancelled
PO000647,SUP0034,CON0021,2026-09-06,2026-09-28,BUY012,INR,Approved
PO000648,SUP0064,,2026-09-06,2026-10-10,BUY012,INR,Approved
PO000649,SUP0052,CON0094,2026-09-06,2026-09-30,BUY019,INR,Approved
PO000650,SUP0013,,2026-09-06,2026-09-30,BUY018,INR,Completed
PO000651,SUP0049,,2026-09-06,2026-09-25,BUY005,INR,Completed
PO000652,SUP0002,CON0045,2026-09-06,2026-09-24,BUY017,INR,Cancelled
PO000653,SUP0093,,2026-09-06,2026-10-03,BUY010,INR,Approved
PO000654,SUP0072,CON0064,2026-09-06,2026-10-19,BUY006,INR,Approved
PO000655,SUP0028,CON0102,2026-09-06,2026-09-29,BUY015,INR,Approved
PO000656,SUP0034,CON0021,2026-09-06,2026-10-06,BUY012,INR,Approved
PO000657,SUP0053,CON0103,2026-09-06,2026-09-20,BUY019,INR,Cancelled
PO000658,SUP0084,CON0020,2026-09-06,2026-10-17,BUY012,INR,Approved
PO000659,SUP0087,CON0118,2026-09-06,2026-10-15,BUY003,INR,Completed
PO000660,SUP0079,CON0034,2026-09-06,2026-10-01,BUY006,INR,Approved
PO000661,SUP0054,CON0104,2026-09-06,2026-10-19,BUY003,INR,Approved
PO000662,SUP0044,,2026-09-06,2026-09-27,BUY010,INR,Approved
PO000663,SUP0078,CON0047,2026-09-06,2026-10-08,BUY012,INR,Cancelled
PO000664,SUP0067,,2026-09-06,2026-10-11,BUY006,INR,Approved
PO000665,SUP0017,CON0017,2026-09-06,2026-09-28,BUY007,INR,Approved
PO000666,SUP0051,CON0135,2026-09-06,2026-09-19,BUY018,INR,Approved
PO000667,SUP0004,CON0085,2026-09-06,2026-10-08,BUY004,INR,Approved
PO000668,SUP0080,CON0147,2026-09-06,2026-09-22,BUY010,INR,Approved
PO000669,SUP0032,CON0004,2026-09-06,2026-10-01,BUY005,INR,Cancelled
PO000670,SUP0022,,2026-09-06,2026-09-14,BUY012,INR,Approved
PO000671,SUP0061,,2026-09-06,2026-10-12,BUY018,INR,Approved
PO000672,SUP0071,,2026-09-06,2026-10-11,BUY018,INR,Approved
PO000673,SUP0076,CON0149,2026-09-06,2026-10-21,BUY017,INR,Cancelled
PO000674,SUP0040,CON0126,2026-09-06,2026-10-05,BUY003,INR,Completed
PO000675,SUP0040,CON0126,2026-09-06,2026-10-06,BUY010,INR,Approved
PO000676,SUP0001,,2026-09-06,2026-10-16,BUY005,INR,Approved
PO000677,SUP0037,CON0133,2026-09-06,2026-10-13,BUY016,INR,Approved
PO000678,SUP0002,,2026-09-06,2026-10-10,BUY020,INR,Approved
PO000679,SUP0001,CON0121,2026-09-06,2026-10-18,BUY018,INR,Completed
PO000680,SUP0051,CON0150,2026-09-06,2026-09-28,BUY013,INR,Completed
PO000681,SUP0029,,2026-09-06,2026-09-29,BUY008,INR,Cancelled
PO000682,SUP0098,CON0137,2026-09-06,2026-09-30,BUY018,INR,Approved
PO000683,SUP0053,,2026-09-06,2026-09-25,BUY006,INR,Approved
PO000684,SUP0038,CON0044,2026-09-06,2026-09-20,BUY009,INR,Cancelled
PO000685,SUP0063,CON0010,2026-09-06,2026-09-25,BUY002,INR,Cancelled
PO000686,SUP0003,,2026-09-06,2026-09-24,BUY010,INR,Approved
PO000687,SUP0017,CON0052,2026-09-06,2026-10-11,BUY003,INR,Approved
PO000688,SUP0002,CON0045,2026-09-06,2026-10-14,BUY010,INR,Completed
PO000689,SUP0048,CON0031,2026-09-06,2026-10-12,BUY011,INR,Approved
PO000690,SUP0097,CON0128,2026-09-06,2026-09-22,BUY003,INR,Cancelled
PO000691,SUP0061,,2026-09-06,2026-09-24,BUY009,INR,Completed
PO000692,SUP0002,,2026-09-06,2026-09-20,BUY008,INR,Completed
PO000693,SUP0099,CON0007,2026-09-06,2026-10-11,BUY007,INR,Completed
PO000694,SUP0095,CON0088,2026-09-06,2026-09-19,BUY016,INR,Completed
PO000695,SUP0088,,2026-09-06,2026-10-02,BUY006,INR,Approved
PO000696,SUP0096,CON0053,2026-09-06,2026-10-18,BUY016,INR,Approved
PO000697,SUP0026,,2026-09-06,2026-10-06,BUY007,INR,Approved
PO000698,SUP0031,CON0035,2026-09-06,2026-10-10,BUY009,INR,Cancelled
PO000699,SUP0016,,2026-09-06,2026-10-08,BUY001,INR,Approved
PO000700,SUP0075,CON0098,2026-09-06,2026-10-13,BUY012,INR,Approved
PO000701,SUP0032,CON0004,2026-09-06,2026-09-23,BUY002,INR,Approved
PO000702,SUP0046,CON0043,2026-09-06,2026-09-22,BUY005,INR,Completed
PO000703,SUP0030,,2026-09-06,2026-10-03,BUY012,INR,Completed
PO000704,SUP0094,,2026-09-06,2026-09-25,BUY013,INR,Approved
PO000705,SUP0093,,2026-09-06,2026-09-21,BUY002,INR,Completed
PO000706,SUP0091,CON0028,2026-09-06,2026-10-11,BUY007,INR,Cancelled
PO000707,SUP0024,CON0033,2026-09-06,2026-10-17,BUY009,INR,Cancelled
PO000708,SUP0071,,2026-09-06,2026-09-23,BUY005,INR,Completed
PO000709,SUP0038,CON0044,2026-09-06,2026-09-29,BUY001,INR,Cancelled
PO000710,SUP0049,,2026-09-06,2026-09-24,BUY020,INR,Approved
PO000711,SUP0100,CON0090,2026-09-06,2026-09-28,BUY018,INR,Completed
PO000712,SUP0025,CON0048,2026-09-06,2026-10-16,BUY020,INR,Approved
PO000713,SUP0042,CON0013,2026-09-06,2026-10-09,BUY004,INR,Cancelled
PO000714,SUP0085,CON0078,2026-09-06,2026-09-17,BUY006,INR,Approved
PO000715,SUP0026,,2026-09-06,2026-09-19,BUY004,INR,Approved
PO000716,SUP0074,CON0113,2026-09-06,2026-10-07,BUY002,INR,Approved
PO000717,SUP0029,,2026-09-06,2026-10-21,BUY001,INR,Approved
PO000718,SUP0084,,2026-09-06,2026-10-14,BUY003,INR,Completed
PO000719,SUP0082,CON0145,2026-09-06,2026-09-16,BUY014,INR,Approved
PO000720,SUP0091,,2026-09-06,2026-09-16,BUY009,INR,Cancelled
PO000721,SUP0006,,2026-09-06,2026-09-17,BUY003,INR,Approved
PO000722,SUP0067,,2026-09-06,2026-09-19,BUY008,INR,Cancelled
PO000723,SUP0050,CON0005,2026-09-06,2026-09-25,BUY019,INR,Approved
PO000724,SUP0072,CON0064,2026-09-06,2026-10-18,BUY019,INR,Approved
PO000725,SUP0087,CON0118,2026-09-06,2026-10-12,BUY004,INR,Approved
PO000726,SUP0024,CON0033,2026-09-06,2026-10-18,BUY006,INR,Cancelled
PO000727,SUP0077,,2026-09-06,2026-10-11,BUY011,INR,Cancelled
PO000728,SUP0042,CON0096,2026-09-06,2026-10-06,BUY014,INR,Approved
PO000729,SUP0078,CON0047,2026-09-06,2026-09-28,BUY013,INR,Cancelled
PO000730,SUP0096,CON0071,2026-09-06,2026-09-29,BUY015,INR,Completed
PO000731,SUP0001,,2026-09-06,2026-09-15,BUY020,INR,Approved
PO000732,SUP0067,,2026-09-06,2026-09-21,BUY010,INR,Approved
PO000733,SUP0039,CON0041,2026-09-06,2026-09-27,BUY001,INR,Approved
PO000734,SUP0071,,2026-09-06,2026-10-15,BUY019,INR,Approved
PO000735,SUP0013,CON0018,2026-09-06,2026-09-15,BUY005,INR,Approved
PO000736,SUP0047,,2026-09-06,2026-10-20,BUY009,INR,Approved
PO000737,SUP0012,CON0027,2026-09-06,2026-10-19,BUY003,INR,Approved
PO000738,SUP0062,CON0011,2026-09-06,2026-09-24,BUY020,INR,Approved
PO000739,SUP0005,CON0051,2026-09-06,2026-10-19,BUY011,INR,Approved
PO000740,SUP0056,,2026-09-06,2026-10-09,BUY004,INR,Approved
PO000741,SUP0096,,2026-09-06,2026-10-21,BUY013,INR,Approved
PO000742,SUP0040,CON0126,2026-09-06,2026-10-16,BUY011,INR,Cancelled
PO000743,SUP0090,CON0101,2026-09-06,2026-09-27,BUY015,INR,Cancelled
PO000744,SUP0074,CON0113,2026-09-06,2026-10-15,BUY010,INR,Completed
PO000745,SUP0019,,2026-09-06,2026-09-21,BUY016,INR,Cancelled
PO000746,SUP0096,CON0053,2026-09-06,2026-09-16,BUY003,INR,Completed
PO000747,SUP0065,,2026-09-06,2026-10-10,BUY005,INR,Approved
PO000748,SUP0062,CON0056,2026-09-06,2026-10-18,BUY019,INR,Approved
PO000749,SUP0072,CON0064,2026-09-06,2026-10-16,BUY009,INR,Completed
PO000750,SUP0042,CON0096,2026-09-06,2026-10-19,BUY014,INR,Completed
PO000751,SUP0047,,2026-09-06,2026-10-05,BUY012,INR,Cancelled
PO000752,SUP0084,,2026-09-06,2026-09-14,BUY006,INR,Approved
PO000753,SUP0079,CON0092,2026-09-06,2026-10-11,BUY002,INR,Approved
PO000754,SUP0026,,2026-09-06,2026-10-06,BUY003,INR,Approved
PO000755,SUP0095,CON0142,2026-09-06,2026-09-16,BUY005,INR,Approved
PO000756,SUP0002,CON0045,2026-09-06,2026-10-04,BUY010,INR,Completed
PO000757,SUP0061,,2026-09-06,2026-09-14,BUY018,INR,Approved
PO000758,SUP0027,CON0136,2026-09-06,2026-10-17,BUY018,INR,Completed
PO000759,SUP0080,CON0025,2026-09-06,2026-09-22,BUY013,INR,Cancelled
PO000760,SUP0085,CON0078,2026-09-06,2026-10-16,BUY002,INR,Approved
PO000761,SUP0026,,2026-09-06,2026-09-30,BUY001,INR,Approved
PO000762,SUP0050,CON0014,2026-09-06,2026-09-30,BUY004,INR,Approved
PO000763,SUP0038,CON0044,2026-09-06,2026-10-07,BUY017,INR,Approved
PO000764,SUP0041,,2026-09-06,2026-10-14,BUY018,INR,Approved
PO000765,SUP0024,CON0033,2026-09-06,2026-09-25,BUY018,INR,Approved
PO000766,SUP0006,,2026-09-06,2026-09-28,BUY010,INR,Approved
PO000767,SUP0063,CON0010,2026-09-06,2026-10-08,BUY012,INR,Approved
PO000768,SUP0046,CON0076,2026-09-06,2026-10-02,BUY002,INR,Approved
PO000769,SUP0050,,2026-09-06,2026-09-14,BUY009,INR,Approved
PO000770,SUP0020,,2026-09-06,2026-10-04,BUY005,INR,Approved
PO000771,SUP0094,,2026-09-06,2026-10-07,BUY020,INR,Approved
PO000772,SUP0054,CON0131,2026-09-06,2026-09-28,BUY010,INR,Cancelled
PO000773,SUP0043,CON0082,2026-09-06,2026-10-11,BUY005,INR,Cancelled
PO000774,SUP0070,,2026-09-06,2026-09-25,BUY010,INR,Cancelled
PO000775,SUP0018,,2026-09-06,2026-10-10,BUY005,INR,Cancelled
PO000776,SUP0021,,2026-09-06,2026-10-03,BUY018,INR,Approved
PO000777,SUP0024,,2026-09-06,2026-10-03,BUY005,INR,Approved
PO000778,SUP0098,,2026-09-06,2026-10-03,BUY014,INR,Completed
PO000779,SUP0039,CON0066,2026-09-06,2026-10-11,BUY009,INR,Approved
PO000780,SUP0100,CON0090,2026-09-06,2026-09-25,BUY001,INR,Cancelled
PO000781,SUP0079,CON0034,2026-09-06,2026-09-30,BUY020,INR,Approved
PO000782,SUP0030,CON0063,2026-09-06,2026-09-14,BUY005,INR,Cancelled
PO000783,SUP0078,CON0047,2026-09-06,2026-10-13,BUY006,INR,Completed
PO000784,SUP0063,CON0010,2026-09-06,2026-10-13,BUY008,INR,Approved
PO000785,SUP0053,,2026-09-06,2026-09-13,BUY014,INR,Approved
PO000786,SUP0096,,2026-09-06,2026-09-25,BUY003,INR,Approved
PO000787,SUP0057,CON0074,2026-09-06,2026-10-14,BUY008,INR,Completed
PO000788,SUP0052,CON0146,2026-09-06,2026-09-15,BUY011,INR,Completed
PO000789,SUP0079,CON0034,2026-09-06,2026-10-19,BUY017,INR,Approved
PO000790,SUP0058,,2026-09-06,2026-10-12,BUY002,INR,Approved
PO000791,SUP0067,,2026-09-06,2026-10-17,BUY002,INR,Cancelled
PO000792,SUP0050,,2026-09-06,2026-10-16,BUY002,INR,Approved
PO000793,SUP0038,CON0044,2026-09-06,2026-10-11,BUY010,INR,Completed
PO000794,SUP0022,,2026-09-06,2026-10-10,BUY002,INR,Cancelled
PO000795,SUP0019,,2026-09-06,2026-10-12,BUY015,INR,Approved
PO000796,SUP0093,,2026-09-06,2026-10-15,BUY019,INR,Cancelled
PO000797,SUP0018,CON0069,2026-09-06,2026-10-08,BUY001,INR,Approved
PO000798,SUP0059,,2026-09-06,2026-10-20,BUY007,INR,Completed
PO000799,SUP0012,CON0027,2026-09-06,2026-09-29,BUY004,INR,Approved
PO000800,SUP0015,CON0068,2026-09-06,2026-10-11,BUY017,INR,Completed
PO000801,SUP0094,,2026-09-06,2026-10-15,BUY006,INR,Completed
PO000802,SUP0071,,2026-09-06,2026-10-07,BUY006,INR,Approved
PO000803,SUP0073,CON0080,2026-09-06,2026-09-22,BUY006,INR,Approved
PO000804,SUP0054,CON0131,2026-09-06,2026-10-02,BUY010,INR,Approved
PO000805,SUP0016,,2026-09-06,2026-09-21,BUY001,INR,Cancelled
PO000806,SUP0098,CON0116,2026-09-06,2026-09-29,BUY016,INR,Cancelled
PO000807,SUP0001,,2026-09-06,2026-10-21,BUY008,INR,Approved
PO000808,SUP0076,CON0149,2026-09-06,2026-10-13,BUY003,INR,Cancelled
PO000809,SUP0077,CON0112,2026-09-06,2026-09-13,BUY020,INR,Cancelled
PO000810,SUP0027,CON0081,2026-09-06,2026-09-16,BUY012,INR,Approved
PO000811,SUP0019,,2026-09-06,2026-09-15,BUY020,INR,Approved
PO000812,SUP0043,CON0110,2026-09-06,2026-09-18,BUY006,INR,Approved
PO000813,SUP0087,CON0058,2026-09-06,2026-10-01,BUY015,INR,Cancelled
PO000814,SUP0047,,2026-09-06,2026-09-15,BUY010,INR,Approved
PO000815,SUP0048,,2026-09-06,2026-10-07,BUY014,INR,Cancelled
PO000816,SUP0009,,2026-09-06,2026-10-01,BUY004,INR,Approved
PO000817,SUP0043,CON0082,2026-09-06,2026-10-16,BUY007,INR,Cancelled
PO000818,SUP0008,CON0109,2026-09-06,2026-09-19,BUY016,INR,Cancelled
PO000819,SUP0091,CON0028,2026-09-06,2026-10-01,BUY009,INR,Cancelled
PO000820,SUP0074,,2026-09-06,2026-10-05,BUY020,INR,Cancelled
PO000821,SUP0064,,2026-09-06,2026-10-16,BUY016,INR,Completed
PO000822,SUP0024,CON0033,2026-09-06,2026-09-27,BUY001,INR,Approved
PO000823,SUP0004,CON0085,2026-09-06,2026-10-12,BUY007,INR,Cancelled
PO000824,SUP0054,CON0131,2026-09-06,2026-10-09,BUY018,INR,Approved
PO000825,SUP0002,CON0045,2026-09-06,2026-09-25,BUY003,INR,Approved
PO000826,SUP0039,CON0009,2026-09-06,2026-10-15,BUY004,INR,Approved
PO000827,SUP0044,,2026-09-06,2026-10-08,BUY020,INR,Approved
PO000828,SUP0023,CON0087,2026-09-06,2026-09-25,BUY016,INR,Completed
PO000829,SUP0005,CON0051,2026-09-06,2026-09-21,BUY018,INR,Approved
PO000830,SUP0060,,2026-09-06,2026-10-09,BUY002,INR,Cancelled
PO000831,SUP0039,CON0041,2026-09-06,2026-10-19,BUY018,INR,Cancelled
PO000832,SUP0003,,2026-09-06,2026-09-26,BUY011,INR,Approved
PO000833,SUP0009,,2026-09-06,2026-09-22,BUY001,INR,Approved
PO000834,SUP0049,,2026-09-06,2026-10-17,BUY019,INR,Cancelled
PO000835,SUP0050,CON0014,2026-09-06,2026-09-24,BUY011,INR,Approved
PO000836,SUP0035,CON0003,2026-09-06,2026-10-09,BUY012,INR,Completed
PO000837,SUP0039,CON0009,2026-09-06,2026-09-26,BUY004,INR,Approved
PO000838,SUP0005,,2026-09-06,2026-09-25,BUY015,INR,Cancelled
PO000839,SUP0004,,2026-09-06,2026-10-13,BUY005,INR,Approved
PO000840,SUP0044,,2026-09-06,2026-10-13,BUY017,INR,Approved
PO000841,SUP0100,CON0090,2026-09-06,2026-10-03,BUY017,INR,Approved
PO000842,SUP0027,CON0081,2026-09-06,2026-09-15,BUY001,INR,Approved
PO000843,SUP0006,,2026-09-06,2026-10-21,BUY011,INR,Completed
PO000844,SUP0006,CON0067,2026-09-06,2026-09-19,BUY001,INR,Cancelled
PO000845,SUP0098,CON0012,2026-09-06,2026-10-02,BUY011,INR,Approved
PO000846,SUP0025,CON0077,2026-09-06,2026-10-01,BUY015,INR,Approved
PO000847,SUP0035,CON0003,2026-09-06,2026-09-22,BUY001,INR,Cancelled
PO000848,SUP0072,CON0064,2026-09-06,2026-10-15,BUY018,INR,Approved
PO000849,SUP0035,,2026-09-06,2026-09-22,BUY010,INR,Cancelled
PO000850,SUP0032,CON0004,2026-09-06,2026-09-23,BUY018,INR,Completed
PO000851,SUP0007,CON0079,2026-09-06,2026-09-21,BUY004,INR,Completed
PO000852,SUP0007,CON0079,2026-09-06,2026-09-18,BUY020,INR,Cancelled
PO000853,SUP0081,,2026-09-06,2026-10-11,BUY010,INR,Approved
PO000854,SUP0026,,2026-09-06,2026-10-17,BUY015,INR,Cancelled
PO000855,SUP0017,,2026-09-06,2026-09-18,BUY015,INR,Approved
PO000856,SUP0059,CON0143,2026-09-06,2026-10-02,BUY016,INR,Approved
PO000857,SUP0029,,2026-09-06,2026-09-22,BUY020,INR,Approved
PO000858,SUP0047,,2026-09-06,2026-10-08,BUY011,INR,Approved
PO000859,SUP0059,CON0143,2026-09-06,2026-10-14,BUY004,INR,Approved
PO000860,SUP0062,,2026-09-06,2026-10-12,BUY010,INR,Approved
PO000861,SUP0078,CON0047,2026-09-06,2026-10-19,BUY013,INR,Approved
PO000862,SUP0042,CON0030,2026-09-06,2026-10-18,BUY018,INR,Completed
PO000863,SUP0052,CON0094,2026-09-06,2026-10-20,BUY018,INR,Approved
PO000864,SUP0062,CON0011,2026-09-06,2026-10-07,BUY019,INR,Completed
PO000865,SUP0056,,2026-09-06,2026-10-19,BUY018,INR,Approved
PO000866,SUP0023,CON0087,2026-09-06,2026-09-17,BUY004,INR,Cancelled
PO000867,SUP0077,CON0099,2026-09-06,2026-10-12,BUY015,INR,Approved
PO000868,SUP0040,CON0126,2026-09-06,2026-10-08,BUY020,INR,Completed
PO000869,SUP0042,CON0013,2026-09-06,2026-10-14,BUY003,INR,Approved
PO000870,SUP0018,,2026-09-06,2026-10-20,BUY001,INR,Approved
PO000871,SUP0085,CON0114,2026-09-06,2026-09-22,BUY013,INR,Cancelled
PO000872,SUP0074,CON0113,2026-09-06,2026-10-11,BUY010,INR,Cancelled
PO000873,SUP0087,,2026-09-06,2026-10-02,BUY014,INR,Approved
PO000874,SUP0012,CON0059,2026-09-06,2026-10-20,BUY005,INR,Approved
PO000875,SUP0008,,2026-09-06,2026-10-06,BUY002,INR,Approved
PO000876,SUP0091,,2026-09-06,2026-10-18,BUY012,INR,Approved
PO000877,SUP0037,CON0133,2026-09-06,2026-09-14,BUY011,INR,Completed
PO000878,SUP0052,CON0094,2026-09-06,2026-10-07,BUY006,INR,Completed
PO000879,SUP0018,CON0069,2026-09-06,2026-09-25,BUY014,INR,Approved
PO000880,SUP0037,CON0133,2026-09-06,2026-09-21,BUY001,INR,Approved
PO000881,SUP0093,,2026-09-06,2026-10-14,BUY005,INR,Approved
PO000882,SUP0018,,2026-09-06,2026-10-09,BUY020,INR,Completed
PO000883,SUP0080,CON0147,2026-09-06,2026-09-24,BUY018,INR,Completed
PO000884,SUP0050,CON0014,2026-09-06,2026-10-05,BUY020,INR,Approved
PO000885,SUP0074,,2026-09-06,2026-10-14,BUY008,INR,Cancelled
PO000886,SUP0035,,2026-09-06,2026-10-09,BUY019,INR,Approved
PO000887,SUP0005,CON0051,2026-09-06,2026-09-15,BUY004,INR,Cancelled
PO000888,SUP0062,CON0056,2026-09-06,2026-09-18,BUY015,INR,Cancelled
PO000889,SUP0011,,2026-09-06,2026-10-16,BUY003,INR,Approved
PO000890,SUP0061,,2026-09-06,2026-09-17,BUY018,INR,Cancelled
PO000891,SUP0040,,2026-09-06,2026-09-16,BUY018,INR,Approved
PO000892,SUP0061,,2026-09-06,2026-10-12,BUY016,INR,Cancelled
PO000893,SUP0094,,2026-09-06,2026-10-04,BUY010,INR,Approved
PO000894,SUP0022,,2026-09-06,2026-09-15,BUY020,INR,Approved
PO000895,SUP0094,,2026-09-06,2026-10-19,BUY016,INR,Cancelled
PO000896,SUP0022,,2026-09-06,2026-10-19,BUY010,INR,Cancelled
PO000897,SUP0004,CON0085,2026-09-06,2026-10-01,BUY017,INR,Approved
PO000898,SUP0036,CON0083,2026-09-06,2026-09-29,BUY009,INR,Approved
PO000899,SUP0002,CON0045,2026-09-06,2026-09-20,BUY015,INR,Approved
PO000900,SUP0023,,2026-09-06,2026-09-29,BUY008,INR,Completed
PO000901,SUP0024,,2026-09-06,2026-10-16,BUY011,INR,Approved
PO000902,SUP0019,,2026-09-06,2026-10-21,BUY005,INR,Completed
PO000903,SUP0097,,2026-09-06,2026-10-09,BUY008,INR,Completed
PO000904,SUP0093,,2026-09-06,2026-09-23,BUY012,INR,Approved
PO000905,SUP0083,,2026-09-06,2026-09-29,BUY004,INR,Approved
PO000906,SUP0022,,2026-09-06,2026-10-12,BUY010,INR,Completed
PO000907,SUP0096,CON0108,2026-09-06,2026-10-17,BUY013,INR,Completed
PO000908,SUP0034,CON0021,2026-09-06,2026-09-22,BUY001,INR,Approved
PO000909,SUP0058,,2026-09-06,2026-10-07,BUY017,INR,Approved
PO000910,SUP0013,CON0072,2026-09-06,2026-10-17,BUY020,INR,Approved
PO000911,SUP0043,CON0082,2026-09-06,2026-09-30,BUY009,INR,Cancelled
PO000912,SUP0051,,2026-09-06,2026-10-12,BUY008,INR,Cancelled
PO000913,SUP0099,CON0007,2026-09-06,2026-09-25,BUY011,INR,Cancelled
PO000914,SUP0002,,2026-09-06,2026-09-13,BUY001,INR,Completed
PO000915,SUP0013,CON0072,2026-09-06,2026-10-16,BUY012,INR,Approved
PO000916,SUP0093,,2026-09-06,2026-10-01,BUY002,INR,Approved
PO000917,SUP0080,CON0025,2026-09-06,2026-09-18,BUY020,INR,Approved
PO000918,SUP0091,CON0028,2026-09-06,2026-09-20,BUY013,INR,Cancelled
PO000919,SUP0024,CON0033,2026-09-06,2026-09-20,BUY010,INR,Completed
PO000920,SUP0085,CON0114,2026-09-06,2026-09-17,BUY014,INR,Approved
PO000921,SUP0033,,2026-09-06,2026-09-23,BUY009,INR,Approved
PO000922,SUP0049,,2026-09-06,2026-10-07,BUY002,INR,Approved
PO000923,SUP0034,CON0021,2026-09-06,2026-09-24,BUY007,INR,Cancelled
PO000924,SUP0051,CON0022,2026-09-06,2026-09-24,BUY005,INR,Cancelled
PO000925,SUP0099,CON0007,2026-09-06,2026-10-10,BUY015,INR,Approved
PO000926,SUP0014,CON0091,2026-09-06,2026-09-15,BUY015,INR,Approved
PO000927,SUP0064,,2026-09-06,2026-09-22,BUY001,INR,Approved
PO000928,SUP0086,CON0134,2026-09-06,2026-10-07,BUY013,INR,Cancelled
PO000929,SUP0001,CON0121,2026-09-06,2026-10-15,BUY016,INR,Completed
PO000930,SUP0052,CON0094,2026-09-06,2026-09-17,BUY013,INR,Completed
PO000931,SUP0016,CON0138,2026-09-06,2026-10-19,BUY011,INR,Approved
PO000932,SUP0052,CON0094,2026-09-06,2026-09-16,BUY012,INR,Cancelled
PO000933,SUP0044,,2026-09-06,2026-09-18,BUY010,INR,Approved
PO000934,SUP0023,CON0087,2026-09-06,2026-10-18,BUY007,INR,Approved
PO000935,SUP0090,,2026-09-06,2026-10-07,BUY012,INR,Completed
PO000936,SUP0011,CON0107,2026-09-06,2026-10-11,BUY002,INR,Approved
PO000937,SUP0004,CON0085,2026-09-06,2026-10-20,BUY003,INR,Cancelled
PO000938,SUP0083,CON0065,2026-09-06,2026-10-02,BUY001,INR,Approved
PO000939,SUP0044,,2026-09-06,2026-09-16,BUY002,INR,Completed
PO000940,SUP0016,,2026-09-06,2026-09-26,BUY017,INR,Completed
PO000941,SUP0087,CON0058,2026-09-06,2026-10-17,BUY003,INR,Approved
PO000942,SUP0095,CON0088,2026-09-06,2026-09-22,BUY016,INR,Cancelled
PO000943,SUP0006,CON0067,2026-09-06,2026-09-28,BUY001,INR,Approved
PO000944,SUP0081,,2026-09-06,2026-09-16,BUY004,INR,Completed
PO000945,SUP0079,,2026-09-06,2026-09-23,BUY003,INR,Approved
PO000946,SUP0015,CON0068,2026-09-06,2026-10-14,BUY003,INR,Approved
PO000947,SUP0055,,2026-09-06,2026-10-04,BUY013,INR,Approved
PO000948,SUP0016,CON0138,2026-09-06,2026-10-19,BUY007,INR,Approved
PO000949,SUP0076,CON0149,2026-09-06,2026-09-24,BUY009,INR,Approved
PO000950,SUP0097,CON0128,2026-09-06,2026-10-09,BUY018,INR,Approved
PO000951,SUP0057,,2026-09-06,2026-09-28,BUY002,INR,Approved
PO000952,SUP0013,,2026-09-06,2026-10-07,BUY001,INR,Completed
PO000953,SUP0011,CON0107,2026-09-06,2026-09-13,BUY019,INR,Approved
PO000954,SUP0054,CON0104,2026-09-06,2026-10-13,BUY005,INR,Approved
PO000955,SUP0067,,2026-09-06,2026-10-11,BUY006,INR,Cancelled
PO000956,SUP0089,CON0029,2026-09-06,2026-09-15,BUY020,INR,Approved
PO000957,SUP0081,,2026-09-06,2026-10-02,BUY001,INR,Cancelled
PO000958,SUP0031,CON0035,2026-09-06,2026-09-25,BUY020,INR,Approved
PO000959,SUP0098,CON0116,2026-09-06,2026-10-17,BUY007,INR,Approved
PO000960,SUP0007,CON0079,2026-09-06,2026-09-25,BUY016,INR,Completed
PO000961,SUP0023,CON0087,2026-09-06,2026-09-23,BUY002,INR,Approved
PO000962,SUP0037,CON0133,2026-09-06,2026-09-26,BUY020,INR,Completed
PO000963,SUP0006,CON0067,2026-09-06,2026-09-19,BUY006,INR,Approved
PO000964,SUP0063,CON0010,2026-09-06,2026-10-15,BUY015,INR,Cancelled
PO000965,SUP0075,CON0098,2026-09-06,2026-10-03,BUY008,INR,Approved
PO000966,SUP0042,CON0096,2026-09-06,2026-09-27,BUY014,INR,Approved
PO000967,SUP0049,,2026-09-06,2026-09-27,BUY019,INR,Completed
PO000968,SUP0007,CON0079,2026-09-06,2026-10-10,BUY006,INR,Completed
PO000969,SUP0048,CON0031,2026-09-06,2026-09-21,BUY012,INR,Approved
PO000970,SUP0026,,2026-09-06,2026-10-04,BUY019,INR,Approved
PO000971,SUP0036,CON0083,2026-09-06,2026-09-21,BUY015,INR,Completed
PO000972,SUP0022,,2026-09-06,2026-10-04,BUY010,INR,Cancelled
PO000973,SUP0021,,2026-09-06,2026-09-23,BUY018,INR,Approved
PO000974,SUP0012,,2026-09-06,2026-10-09,BUY016,INR,Approved
PO000975,SUP0076,,2026-09-06,2026-10-13,BUY009,INR,Approved
PO000976,SUP0094,,2026-09-06,2026-10-10,BUY008,INR,Approved
PO000977,SUP0042,CON0096,2026-09-06,2026-10-10,BUY005,INR,Cancelled
PO000978,SUP0001,,2026-09-06,2026-10-09,BUY002,INR,Completed
PO000979,SUP0094,,2026-09-06,2026-10-15,BUY017,INR,Completed
PO000980,SUP0062,CON0011,2026-09-06,2026-09-19,BUY003,INR,Cancelled
PO000981,SUP0097,CON0128,2026-09-06,2026-09-13,BUY007,INR,Approved
PO000982,SUP0046,CON0043,2026-09-06,2026-10-01,BUY001,INR,Completed
PO000983,SUP0086,CON0141,2026-09-06,2026-10-02,BUY019,INR,Cancelled
PO000984,SUP0004,CON0085,2026-09-06,2026-10-12,BUY013,INR,Approved
PO000985,SUP0048,CON0031,2026-09-06,2026-10-12,BUY003,INR,Completed
PO000986,SUP0089,CON0029,2026-09-06,2026-10-04,BUY014,INR,Approved
PO000987,SUP0090,CON0101,2026-09-06,2026-10-17,BUY003,INR,Cancelled
PO000988,SUP0043,CON0110,2026-09-06,2026-09-16,BUY002,INR,Approved
PO000989,SUP0050,CON0005,2026-09-06,2026-10-06,BUY012,INR,Approved
PO000990,SUP0023,CON0087,2026-09-06,2026-10-18,BUY005,INR,Approved
PO000991,SUP0031,CON0086,2026-09-06,2026-10-17,BUY019,INR,Approved
PO000992,SUP0097,CON0128,2026-09-06,2026-09-27,BUY017,INR,Completed
PO000993,SUP0036,CON0083,2026-09-06,2026-09-16,BUY015,INR,Completed
PO000994,SUP0065,,2026-09-06,2026-10-16,BUY016,INR,Cancelled
PO000995,SUP0087,,2026-09-06,2026-10-17,BUY015,INR,Cancelled
PO000996,SUP0048,CON0031,2026-09-06,2026-09-17,BUY003,INR,Approved
PO000997,SUP0051,CON0022,2026-09-06,2026-09-24,BUY004,INR,Approved
PO000998,SUP0036,CON0083,2026-09-06,2026-09-20,BUY005,INR,Approved
PO000999,SUP0067,,2026-09-06,2026-09-14,BUY018,INR,Approved
PO001000,SUP0061,,2026-09-06,2026-10-05,BUY001,INR,Approved
PO001001,SUP0025,CON0048,2026-09-06,2026-09-17,BUY017,INR,Approved
PO001002,SUP0053,CON0103,2026-09-06,2026-10-20,BUY016,INR,Cancelled
PO001003,SUP0086,,2026-09-06,2026-10-16,BUY015,INR,Completed
PO001004,SUP0039,CON0041,2026-09-06,2026-10-19,BUY006,INR,Approved
PO001005,SUP0030,CON0063,2026-09-06,2026-10-13,BUY002,INR,Approved
PO001006,SUP0046,CON0043,2026-09-06,2026-10-01,BUY020,INR,Approved
PO001007,SUP0092,CON0002,2026-09-06,2026-10-17,BUY005,INR,Approved
PO001008,SUP0031,CON0086,2026-09-06,2026-09-20,BUY019,INR,Approved
PO001009,SUP0057,CON0039,2026-09-06,2026-09-29,BUY018,INR,Approved
PO001010,SUP0086,,2026-09-06,2026-10-03,BUY005,INR,Approved
PO001011,SUP0058,,2026-09-06,2026-10-17,BUY018,INR,Approved
PO001012,SUP0016,CON0138,2026-09-06,2026-09-14,BUY005,INR,Completed
PO001013,SUP0041,CON0105,2026-09-06,2026-09-22,BUY010,INR,Completed
PO001014,SUP0038,CON0044,2026-09-06,2026-10-19,BUY011,INR,Approved
PO001015,SUP0094,,2026-09-06,2026-10-13,BUY005,INR,Cancelled
PO001016,SUP0015,CON0068,2026-09-06,2026-10-02,BUY015,INR,Approved
PO001017,SUP0012,CON0027,2026-09-06,2026-10-03,BUY019,INR,Cancelled
PO001018,SUP0029,,2026-09-06,2026-09-30,BUY003,INR,Cancelled
PO001019,SUP0058,,2026-09-06,2026-09-18,BUY013,INR,Approved
PO001020,SUP0063,CON0010,2026-09-06,2026-10-03,BUY012,INR,Completed
PO001021,SUP0019,,2026-09-06,2026-10-10,BUY012,INR,Approved
PO001022,SUP0037,CON0133,2026-09-06,2026-10-05,BUY018,INR,Approved
PO001023,SUP0028,CON0102,2026-09-06,2026-10-11,BUY015,INR,Approved
PO001024,SUP0021,,2026-09-06,2026-10-10,BUY014,INR,Approved
PO001025,SUP0076,CON0149,2026-09-06,2026-10-21,BUY010,INR,Completed
PO001026,SUP0068,CON0124,2026-09-06,2026-10-04,BUY003,INR,Approved
PO001027,SUP0053,CON0103,2026-09-06,2026-09-30,BUY019,INR,Approved
PO001028,SUP0026,,2026-09-06,2026-09-24,BUY010,INR,Cancelled
PO001029,SUP0063,,2026-09-06,2026-09-15,BUY010,INR,Cancelled
PO001030,SUP0039,CON0041,2026-09-06,2026-10-14,BUY008,INR,Approved
PO001031,SUP0001,CON0121,2026-09-06,2026-09-22,BUY004,INR,Approved
PO001032,SUP0054,CON0104,2026-09-06,2026-09-24,BUY001,INR,Approved
PO001033,SUP0098,CON0012,2026-09-06,2026-09-30,BUY020,INR,Approved
PO001034,SUP0075,CON0098,2026-09-06,2026-10-13,BUY016,INR,Approved
PO001035,SUP0048,CON0031,2026-09-06,2026-10-15,BUY009,INR,Approved
PO001036,SUP0075,CON0098,2026-09-06,2026-09-16,BUY005,INR,Approved
PO001037,SUP0021,,2026-09-06,2026-09-16,BUY014,INR,Approved
PO001038,SUP0007,CON0079,2026-09-06,2026-10-01,BUY017,INR,Approved
PO001039,SUP0099,,2026-09-06,2026-09-24,BUY020,INR,Approved
PO001040,SUP0070,,2026-09-06,2026-10-03,BUY010,INR,Approved
PO001041,SUP0088,CON0106,2026-09-06,2026-10-06,BUY005,INR,Approved
PO001042,SUP0018,CON0069,2026-09-06,2026-10-16,BUY014,INR,Approved
PO001043,SUP0021,,2026-09-06,2026-09-19,BUY017,INR,Approved
PO001044,SUP0025,CON0048,2026-09-06,2026-10-18,BUY014,INR,Completed
PO001045,SUP0010,,2026-09-06,2026-09-20,BUY001,INR,Completed
PO001046,SUP0045,CON0115,2026-09-06,2026-10-02,BUY015,INR,Cancelled
PO001047,SUP0067,,2026-09-06,2026-10-04,BUY010,INR,Approved
PO001048,SUP0096,CON0108,2026-09-06,2026-09-20,BUY005,INR,Approved
PO001049,SUP0040,CON0126,2026-09-06,2026-09-21,BUY014,INR,Approved
PO001050,SUP0010,,2026-09-06,2026-09-14,BUY014,INR,Approved
PO001051,SUP0026,,2026-09-06,2026-09-19,BUY017,INR,Cancelled
PO001052,SUP0008,CON0109,2026-09-06,2026-10-13,BUY002,INR,Approved
PO001053,SUP0039,,2026-09-06,2026-09-13,BUY004,INR,Cancelled
PO001054,SUP0027,,2026-09-06,2026-10-20,BUY006,INR,Approved
PO001055,SUP0004,CON0085,2026-09-06,2026-09-18,BUY019,INR,Approved
PO001056,SUP0046,,2026-09-06,2026-09-23,BUY020,INR,Approved
PO001057,SUP0065,CON0055,2026-09-06,2026-10-19,BUY017,INR,Approved
PO001058,SUP0092,,2026-09-06,2026-09-25,BUY006,INR,Cancelled
PO001059,SUP0001,,2026-09-06,2026-09-19,BUY017,INR,Completed
PO001060,SUP0047,,2026-09-06,2026-10-20,BUY004,INR,Approved
PO001061,SUP0046,CON0043,2026-09-06,2026-10-07,BUY014,INR,Approved
PO001062,SUP0098,CON0012,2026-09-06,2026-10-03,BUY017,INR,Approved
PO001063,SUP0064,,2026-09-06,2026-10-06,BUY018,INR,Approved
PO001064,SUP0011,CON0127,2026-09-06,2026-10-03,BUY010,INR,Completed
PO001065,SUP0077,CON0112,2026-09-06,2026-10-02,BUY008,INR,Cancelled
PO001066,SUP0053,,2026-09-06,2026-10-01,BUY014,INR,Approved
PO001067,SUP0009,,2026-09-06,2026-10-13,BUY012,INR,Approved
PO001068,SUP0002,CON0045,2026-09-06,2026-10-14,BUY015,INR,Cancelled
PO001069,SUP0085,CON0119,2026-09-06,2026-09-18,BUY013,INR,Cancelled
PO001070,SUP0014,CON0042,2026-09-06,2026-09-23,BUY011,INR,Approved
PO001071,SUP0077,CON0112,2026-09-06,2026-10-08,BUY016,INR,Approved
PO001072,SUP0098,CON0137,2026-09-06,2026-10-20,BUY013,INR,Approved
PO001073,SUP0061,,2026-09-06,2026-10-21,BUY016,INR,Cancelled
PO001074,SUP0036,,2026-09-06,2026-09-22,BUY004,INR,Approved
PO001075,SUP0033,CON0037,2026-09-06,2026-10-14,BUY001,INR,Approved
PO001076,SUP0095,,2026-09-06,2026-09-16,BUY016,INR,Approved
PO001077,SUP0023,CON0087,2026-09-06,2026-10-07,BUY005,INR,Approved
PO001078,SUP0080,,2026-09-06,2026-09-19,BUY017,INR,Completed
PO001079,SUP0060,CON0057,2026-09-06,2026-09-25,BUY016,INR,Cancelled
PO001080,SUP0034,CON0021,2026-09-06,2026-10-17,BUY002,INR,Completed
PO001081,SUP0016,CON0138,2026-09-06,2026-10-07,BUY015,INR,Completed
PO001082,SUP0005,CON0051,2026-09-06,2026-09-15,BUY006,INR,Completed
PO001083,SUP0056,CON0148,2026-09-06,2026-09-21,BUY016,INR,Approved
PO001084,SUP0073,CON0080,2026-09-06,2026-10-14,BUY016,INR,Cancelled
PO001085,SUP0021,,2026-09-06,2026-10-15,BUY009,INR,Completed
PO001086,SUP0076,CON0149,2026-09-06,2026-10-07,BUY010,INR,Approved
PO001087,SUP0008,CON0109,2026-09-06,2026-09-14,BUY012,INR,Approved
PO001088,SUP0095,CON0142,2026-09-06,2026-10-20,BUY011,INR,Completed
PO001089,SUP0013,CON0072,2026-09-06,2026-10-10,BUY014,INR,Approved
PO001090,SUP0008,CON0109,2026-09-06,2026-09-28,BUY019,INR,Approved
PO001091,SUP0089,,2026-09-06,2026-09-17,BUY004,INR,Approved
PO001092,SUP0022,,2026-09-06,2026-09-14,BUY002,INR,Completed
PO001093,SUP0085,CON0119,2026-09-06,2026-10-10,BUY009,INR,Approved
PO001094,SUP0090,CON0101,2026-09-06,2026-10-13,BUY013,INR,Cancelled
PO001095,SUP0050,CON0014,2026-09-06,2026-10-03,BUY004,INR,Approved
PO001096,SUP0044,,2026-09-06,2026-10-14,BUY011,INR,Approved
PO001097,SUP0079,CON0092,2026-09-06,2026-10-02,BUY007,INR,Completed
PO001098,SUP0082,,2026-09-06,2026-09-17,BUY018,INR,Approved
PO001099,SUP0037,CON0133,2026-09-06,2026-09-29,BUY008,INR,Cancelled
PO001100,SUP0096,CON0089,2026-09-06,2026-09-18,BUY004,INR,Cancelled
PO001101,SUP0044,,2026-09-06,2026-09-30,BUY017,INR,Completed
PO001102,SUP0055,CON0117,2026-09-06,2026-09-26,BUY010,INR,Cancelled
PO001103,SUP0039,CON0041,2026-09-06,2026-10-10,BUY007,INR,Completed
PO001104,SUP0052,CON0146,2026-09-06,2026-09-29,BUY018,INR,Approved
PO001105,SUP0003,,2026-09-06,2026-10-16,BUY019,INR,Completed
PO001106,SUP0028,CON0102,2026-09-06,2026-10-12,BUY019,INR,Approved
PO001107,SUP0067,,2026-09-06,2026-09-25,BUY005,INR,Approved
PO001108,SUP0020,,2026-09-06,2026-10-02,BUY014,INR,Approved
PO001109,SUP0009,,2026-09-06,2026-09-26,BUY009,INR,Approved
PO001110,SUP0083,CON0050,2026-09-06,2026-09-23,BUY013,INR,Approved
PO001111,SUP0015,CON0068,2026-09-06,2026-09-22,BUY010,INR,Completed
PO001112,SUP0063,,2026-09-06,2026-10-18,BUY014,INR,Approved
PO001113,SUP0026,,2026-09-06,2026-09-23,BUY001,INR,Approved
PO001114,SUP0036,CON0073,2026-09-06,2026-10-18,BUY016,INR,Approved
PO001115,SUP0008,CON0109,2026-09-06,2026-09-18,BUY003,INR,Completed
PO001116,SUP0047,,2026-09-06,2026-09-18,BUY005,INR,Approved
PO001117,SUP0015,CON0068,2026-09-06,2026-10-19,BUY017,INR,Cancelled
PO001118,SUP0100,CON0090,2026-09-06,2026-10-16,BUY008,INR,Cancelled
PO001119,SUP0016,CON0138,2026-09-06,2026-10-03,BUY008,INR,Completed
PO001120,SUP0028,CON0102,2026-09-06,2026-09-22,BUY009,INR,Completed
PO001121,SUP0053,,2026-09-06,2026-09-29,BUY002,INR,Completed
PO001122,SUP0069,CON0023,2026-09-06,2026-10-06,BUY011,INR,Cancelled
PO001123,SUP0055,CON0130,2026-09-06,2026-10-13,BUY005,INR,Approved
PO001124,SUP0061,,2026-09-06,2026-10-06,BUY001,INR,Cancelled
PO001125,SUP0005,CON0051,2026-09-06,2026-09-16,BUY009,INR,Cancelled
PO001126,SUP0050,CON0014,2026-09-06,2026-10-02,BUY004,INR,Cancelled
PO001127,SUP0031,CON0086,2026-09-06,2026-10-11,BUY009,INR,Approved
PO001128,SUP0012,CON0027,2026-09-06,2026-09-28,BUY015,INR,Approved
PO001129,SUP0099,,2026-09-06,2026-10-09,BUY009,INR,Approved
PO001130,SUP0100,CON0090,2026-09-06,2026-10-14,BUY011,INR,Completed
PO001131,SUP0013,CON0075,2026-09-06,2026-09-23,BUY003,INR,Approved
PO001132,SUP0054,CON0131,2026-09-06,2026-10-21,BUY015,INR,Approved
PO001133,SUP0098,CON0012,2026-09-06,2026-09-16,BUY015,INR,Approved
PO001134,SUP0001,CON0121,2026-09-06,2026-10-08,BUY011,INR,Cancelled
PO001135,SUP0011,CON0129,2026-09-06,2026-09-20,BUY005,INR,Cancelled
PO001136,SUP0088,,2026-09-06,2026-10-09,BUY011,INR,Completed
PO001137,SUP0062,CON0056,2026-09-06,2026-09-21,BUY010,INR,Approved
PO001138,SUP0011,CON0127,2026-09-06,2026-10-09,BUY013,INR,Cancelled
PO001139,SUP0029,,2026-09-06,2026-09-14,BUY018,INR,Cancelled
PO001140,SUP0081,,2026-09-06,2026-09-27,BUY015,INR,Approved
PO001141,SUP0034,CON0021,2026-09-06,2026-09-23,BUY020,INR,Approved
PO001142,SUP0020,,2026-09-06,2026-09-18,BUY006,INR,Cancelled
PO001143,SUP0016,CON0138,2026-09-06,2026-09-13,BUY015,INR,Completed
PO001144,SUP0016,CON0138,2026-09-06,2026-09-27,BUY009,INR,Approved
PO001145,SUP0096,CON0071,2026-09-06,2026-10-14,BUY007,INR,Cancelled
PO001146,SUP0028,CON0102,2026-09-06,2026-10-01,BUY014,INR,Approved
PO001147,SUP0053,CON0103,2026-09-06,2026-09-22,BUY008,INR,Cancelled
PO001148,SUP0058,,2026-09-06,2026-09-28,BUY015,INR,Approved
PO001149,SUP0002,CON0045,2026-09-06,2026-10-13,BUY013,INR,Approved
PO001150,SUP0092,CON0095,2026-09-06,2026-10-07,BUY020,INR,Approved
PO001151,SUP0010,,2026-09-06,2026-09-19,BUY002,INR,Approved
PO001152,SUP0031,,2026-09-06,2026-10-13,BUY020,INR,Cancelled
PO001153,SUP0091,CON0028,2026-09-06,2026-09-15,BUY010,INR,Completed
PO001154,SUP0086,CON0070,2026-09-06,2026-10-06,BUY019,INR,Approved
PO001155,SUP0034,CON0021,2026-09-06,2026-09-23,BUY015,INR,Approved
PO001156,SUP0012,CON0059,2026-09-06,2026-10-03,BUY005,INR,Approved
PO001157,SUP0015,CON0068,2026-09-06,2026-10-03,BUY016,INR,Approved
PO001158,SUP0096,,2026-09-06,2026-10-06,BUY010,INR,Approved
PO001159,SUP0079,CON0092,2026-09-06,2026-09-29,BUY006,INR,Approved
PO001160,SUP0095,,2026-09-06,2026-10-14,BUY005,INR,Cancelled
PO001161,SUP0085,CON0078,2026-09-06,2026-10-11,BUY002,INR,Approved
PO001162,SUP0024,CON0033,2026-09-06,2026-09-15,BUY015,INR,Completed
PO001163,SUP0015,CON0132,2026-09-06,2026-10-14,BUY018,INR,Completed
PO001164,SUP0059,CON0093,2026-09-06,2026-10-14,BUY004,INR,Approved
PO001165,SUP0012,,2026-09-06,2026-09-26,BUY006,INR,Approved
PO001166,SUP0096,,2026-09-06,2026-10-15,BUY019,INR,Cancelled
PO001167,SUP0028,,2026-09-06,2026-10-20,BUY001,INR,Cancelled
PO001168,SUP0099,CON0007,2026-09-06,2026-10-19,BUY008,INR,Completed
PO001169,SUP0087,,2026-09-06,2026-09-19,BUY001,INR,Approved
PO001170,SUP0088,CON0026,2026-09-06,2026-09-20,BUY011,INR,Approved
PO001171,SUP0004,CON0085,2026-09-06,2026-09-18,BUY015,INR,Approved
PO001172,SUP0077,CON0099,2026-09-06,2026-09-13,BUY020,INR,Completed
PO001173,SUP0042,CON0013,2026-09-06,2026-10-19,BUY010,INR,Approved
PO001174,SUP0008,CON0109,2026-09-06,2026-09-17,BUY003,INR,Completed
PO001175,SUP0033,CON0084,2026-09-06,2026-09-24,BUY003,INR,Approved
PO001176,SUP0027,CON0136,2026-09-06,2026-09-23,BUY010,INR,Approved
PO001177,SUP0016,CON0138,2026-09-06,2026-10-02,BUY010,INR,Cancelled
PO001178,SUP0017,CON0054,2026-09-06,2026-10-05,BUY017,INR,Approved
PO001179,SUP0063,,2026-09-06,2026-10-11,BUY016,INR,Approved
PO001180,SUP0073,CON0080,2026-09-06,2026-10-21,BUY012,INR,Cancelled
PO001181,SUP0024,CON0033,2026-09-06,2026-10-10,BUY002,INR,Cancelled
PO001182,SUP0044,,2026-09-06,2026-10-12,BUY005,INR,Completed
PO001183,SUP0068,CON0124,2026-09-06,2026-10-16,BUY014,INR,Approved
PO001184,SUP0062,CON0011,2026-09-06,2026-10-02,BUY010,INR,Approved
PO001185,SUP0067,,2026-09-06,2026-10-10,BUY002,INR,Cancelled
PO001186,SUP0010,,2026-09-06,2026-09-15,BUY017,INR,Completed
PO001187,SUP0053,CON0103,2026-09-06,2026-09-19,BUY012,INR,Approved
PO001188,SUP0075,,2026-09-06,2026-09-18,BUY001,INR,Approved
PO001189,SUP0095,CON0088,2026-09-06,2026-10-12,BUY013,INR,Approved
PO001190,SUP0011,,2026-09-06,2026-10-09,BUY010,INR,Approved
PO001191,SUP0076,,2026-09-06,2026-10-12,BUY015,INR,Cancelled
PO001192,SUP0034,,2026-09-06,2026-10-04,BUY006,INR,Approved
PO001193,SUP0024,CON0033,2026-09-06,2026-09-18,BUY004,INR,Completed
PO001194,SUP0069,CON0023,2026-09-06,2026-09-14,BUY001,INR,Approved
PO001195,SUP0084,CON0020,2026-09-06,2026-10-13,BUY020,INR,Completed
PO001196,SUP0039,CON0066,2026-09-06,2026-10-06,BUY013,INR,Approved
PO001197,SUP0012,CON0027,2026-09-06,2026-09-21,BUY004,INR,Approved
PO001198,SUP0090,,2026-09-06,2026-09-25,BUY007,INR,Completed
PO001199,SUP0084,CON0020,2026-09-06,2026-09-22,BUY018,INR,Approved
PO001200,SUP0012,,2026-09-06,2026-10-02,BUY005,INR,Completed
PO001201,SUP0055,CON0117,2026-09-06,2026-09-14,BUY015,INR,Completed
PO001202,SUP0061,,2026-09-06,2026-09-14,BUY019,INR,Approved
PO001203,SUP0026,,2026-09-06,2026-10-01,BUY013,INR,Approved
PO001204,SUP0043,CON0110,2026-09-06,2026-09-13,BUY014,INR,Completed
PO001205,SUP0095,CON0142,2026-09-06,2026-10-20,BUY010,INR,Approved
PO001206,SUP0063,CON0010,2026-09-06,2026-10-08,BUY008,INR,Approved
PO001207,SUP0068,CON0124,2026-09-06,2026-09-14,BUY018,INR,Approved
PO001208,SUP0035,,2026-09-06,2026-10-09,BUY004,INR,Completed
PO001209,SUP0080,CON0147,2026-09-06,2026-10-05,BUY001,INR,Approved
PO001210,SUP0037,CON0133,2026-09-06,2026-09-25,BUY008,INR,Cancelled
PO001211,SUP0029,,2026-09-06,2026-10-20,BUY011,INR,Cancelled
PO001212,SUP0092,CON0024,2026-09-06,2026-10-12,BUY013,INR,Completed
PO001213,SUP0087,,2026-09-06,2026-10-06,BUY006,INR,Cancelled
PO001214,SUP0027,CON0081,2026-09-06,2026-10-01,BUY016,INR,Approved
PO001215,SUP0023,CON0087,2026-09-06,2026-09-25,BUY004,INR,Completed
PO001216,SUP0064,,2026-09-06,2026-10-02,BUY018,INR,Approved
PO001217,SUP0003,,2026-09-06,2026-10-05,BUY012,INR,Approved
PO001218,SUP0023,CON0087,2026-09-06,2026-10-15,BUY011,INR,Completed
PO001219,SUP0015,CON0068,2026-09-06,2026-09-27,BUY016,INR,Approved
PO001220,SUP0044,,2026-09-06,2026-10-05,BUY018,INR,Approved
PO001221,SUP0020,,2026-09-06,2026-10-15,BUY004,INR,Approved
PO001222,SUP0057,,2026-09-06,2026-10-12,BUY004,INR,Approved
PO001223,SUP0079,,2026-09-06,2026-09-19,BUY002,INR,Cancelled
PO001224,SUP0014,CON0042,2026-09-06,2026-09-23,BUY012,INR,Approved
PO001225,SUP0094,,2026-09-06,2026-10-01,BUY017,INR,Completed
PO001226,SUP0094,,2026-09-06,2026-09-19,BUY012,INR,Approved
PO001227,SUP0018,,2026-09-06,2026-09-20,BUY015,INR,Completed
PO001228,SUP0099,CON0007,2026-09-06,2026-09-13,BUY011,INR,Approved
PO001229,SUP0065,CON0100,2026-09-06,2026-09-23,BUY014,INR,Approved
PO001230,SUP0081,,2026-09-06,2026-09-28,BUY017,INR,Completed
PO001231,SUP0030,,2026-09-06,2026-09-21,BUY014,INR,Completed
PO001232,SUP0059,,2026-09-06,2026-10-16,BUY012,INR,Approved
PO001233,SUP0057,,2026-09-06,2026-09-22,BUY017,INR,Approved
PO001234,SUP0011,CON0107,2026-09-06,2026-10-04,BUY014,INR,Approved
PO001235,SUP0051,CON0150,2026-09-06,2026-09-15,BUY005,INR,Cancelled
PO001236,SUP0008,,2026-09-06,2026-10-16,BUY014,INR,Completed
PO001237,SUP0088,,2026-09-06,2026-10-18,BUY011,INR,Approved
PO001238,SUP0002,,2026-09-06,2026-09-30,BUY020,INR,Approved
PO001239,SUP0090,CON0101,2026-09-06,2026-10-08,BUY018,INR,Cancelled
PO001240,SUP0080,CON0147,2026-09-06,2026-10-11,BUY007,INR,Approved
PO001241,SUP0011,CON0127,2026-09-06,2026-09-15,BUY005,INR,Cancelled
PO001242,SUP0070,,2026-09-06,2026-10-01,BUY017,INR,Cancelled
PO001243,SUP0040,CON0126,2026-09-06,2026-10-16,BUY001,INR,Approved
PO001244,SUP0070,,2026-09-06,2026-10-20,BUY010,INR,Completed
PO001245,SUP0065,CON0100,2026-09-06,2026-09-20,BUY009,INR,Cancelled
PO001246,SUP0046,CON0043,2026-09-06,2026-09-20,BUY015,INR,Approved
PO001247,SUP0074,CON0113,2026-09-06,2026-09-13,BUY019,INR,Cancelled
PO001248,SUP0092,,2026-09-06,2026-10-17,BUY008,INR,Approved
PO001249,SUP0039,CON0066,2026-09-06,2026-10-01,BUY019,INR,Approved
PO001250,SUP0092,CON0002,2026-09-06,2026-10-07,BUY004,INR,Approved
PO001251,SUP0067,,2026-09-06,2026-10-20,BUY012,INR,Completed
PO001252,SUP0013,CON0072,2026-09-06,2026-09-22,BUY003,INR,Approved
PO001253,SUP0008,,2026-09-06,2026-10-10,BUY016,INR,Approved
PO001254,SUP0058,,2026-09-06,2026-09-17,BUY017,INR,Completed
PO001255,SUP0076,CON0149,2026-09-06,2026-10-18,BUY009,INR,Cancelled
PO001256,SUP0064,,2026-09-06,2026-10-10,BUY016,INR,Completed
PO001257,SUP0021,,2026-09-06,2026-09-22,BUY016,INR,Completed
PO001258,SUP0017,,2026-09-06,2026-10-15,BUY004,INR,Approved
PO001259,SUP0059,CON0093,2026-09-06,2026-10-13,BUY018,INR,Approved
PO001260,SUP0016,,2026-09-06,2026-10-21,BUY004,INR,Approved
PO001261,SUP0048,CON0031,2026-09-06,2026-10-19,BUY004,INR,Approved
PO001262,SUP0040,CON0126,2026-09-06,2026-10-06,BUY001,INR,Approved
PO001263,SUP0019,,2026-09-06,2026-10-20,BUY010,INR,Approved
PO001264,SUP0028,,2026-09-06,2026-09-24,BUY016,INR,Approved
PO001265,SUP0016,CON0138,2026-09-06,2026-10-18,BUY014,INR,Completed
PO001266,SUP0074,CON0113,2026-09-06,2026-10-02,BUY013,INR,Completed
PO001267,SUP0093,,2026-09-06,2026-10-21,BUY005,INR,Cancelled
PO001268,SUP0082,,2026-09-06,2026-10-12,BUY015,INR,Approved
PO001269,SUP0094,,2026-09-06,2026-10-03,BUY020,INR,Cancelled
PO001270,SUP0053,CON0103,2026-09-06,2026-10-07,BUY011,INR,Cancelled
PO001271,SUP0006,CON0067,2026-09-06,2026-10-11,BUY006,INR,Approved
PO001272,SUP0074,CON0113,2026-09-06,2026-10-02,BUY018,INR,Approved
PO001273,SUP0025,CON0048,2026-09-06,2026-10-17,BUY019,INR,Cancelled
PO001274,SUP0025,CON0048,2026-09-06,2026-10-13,BUY004,INR,Cancelled
PO001275,SUP0024,CON0033,2026-09-06,2026-09-14,BUY008,INR,Cancelled
PO001276,SUP0057,,2026-09-06,2026-09-18,BUY020,INR,Approved
PO001277,SUP0052,CON0094,2026-09-06,2026-10-20,BUY011,INR,Completed
PO001278,SUP0024,CON0033,2026-09-06,2026-10-09,BUY013,INR,Approved
PO001279,SUP0012,,2026-09-06,2026-09-20,BUY018,INR,Approved
PO001280,SUP0037,CON0133,2026-09-06,2026-09-22,BUY005,INR,Approved
PO001281,SUP0053,CON0103,2026-09-06,2026-09-23,BUY006,INR,Approved
PO001282,SUP0092,CON0002,2026-09-06,2026-09-16,BUY011,INR,Approved
PO001283,SUP0053,CON0103,2026-09-06,2026-10-03,BUY002,INR,Approved
PO001284,SUP0031,CON0086,2026-09-06,2026-10-21,BUY017,INR,Cancelled
PO001285,SUP0050,CON0014,2026-09-06,2026-09-20,BUY015,INR,Cancelled
PO001286,SUP0053,CON0103,2026-09-06,2026-09-17,BUY008,INR,Approved
PO001287,SUP0035,,2026-09-06,2026-10-18,BUY004,INR,Approved
PO001288,SUP0098,CON0012,2026-09-06,2026-10-18,BUY010,INR,Cancelled
PO001289,SUP0053,CON0103,2026-09-06,2026-10-11,BUY005,INR,Approved
PO001290,SUP0070,,2026-09-06,2026-09-23,BUY018,INR,Completed
PO001291,SUP0072,CON0064,2026-09-06,2026-10-11,BUY020,INR,Approved
PO001292,SUP0084,CON0020,2026-09-06,2026-09-23,BUY009,INR,Cancelled
PO001293,SUP0033,,2026-09-06,2026-10-07,BUY007,INR,Cancelled
PO001294,SUP0066,,2026-09-06,2026-10-01,BUY018,INR,Cancelled
PO001295,SUP0009,,2026-09-06,2026-10-02,BUY004,INR,Approved
PO001296,SUP0093,,2026-09-06,2026-10-18,BUY014,INR,Approved
PO001297,SUP0079,,2026-09-06,2026-10-15,BUY011,INR,Approved
PO001298,SUP0082,,2026-09-06,2026-09-29,BUY015,INR,Approved
PO001299,SUP0032,CON0004,2026-09-06,2026-10-03,BUY020,INR,Approved
PO001300,SUP0003,,2026-09-06,2026-09-21,BUY001,INR,Cancelled
PO001301,SUP0061,,2026-09-06,2026-09-13,BUY006,INR,Completed
PO001302,SUP0072,,2026-09-06,2026-10-14,BUY018,INR,Approved
PO001303,SUP0084,CON0020,2026-09-06,2026-09-17,BUY004,INR,Approved
PO001304,SUP0049,,2026-09-06,2026-10-21,BUY006,INR,Approved
PO001305,SUP0016,CON0138,2026-09-06,2026-10-12,BUY015,INR,Approved
PO001306,SUP0029,,2026-09-06,2026-09-14,BUY012,INR,Approved
PO001307,SUP0012,,2026-09-06,2026-10-02,BUY008,INR,Approved
PO001308,SUP0064,,2026-09-06,2026-10-06,BUY016,INR,Cancelled
PO001309,SUP0027,CON0136,2026-09-06,2026-09-13,BUY004,INR,Approved
PO001310,SUP0073,CON0080,2026-09-06,2026-10-15,BUY019,INR,Cancelled
PO001311,SUP0073,CON0080,2026-09-06,2026-09-24,BUY003,INR,Approved
PO001312,SUP0034,,2026-09-06,2026-10-19,BUY017,INR,Approved
PO001313,SUP0025,,2026-09-06,2026-09-14,BUY018,INR,Cancelled
PO001314,SUP0033,,2026-09-06,2026-10-18,BUY001,INR,Completed
PO001315,SUP0083,,2026-09-06,2026-09-16,BUY011,INR,Completed
PO001316,SUP0053,CON0103,2026-09-06,2026-09-30,BUY016,INR,Approved
PO001317,SUP0067,,2026-09-06,2026-09-15,BUY008,INR,Approved
PO001318,SUP0036,CON0083,2026-09-06,2026-10-09,BUY001,INR,Completed
PO001319,SUP0025,CON0048,2026-09-06,2026-10-04,BUY008,INR,Completed
PO001320,SUP0010,,2026-09-06,2026-09-28,BUY011,INR,Approved
PO001321,SUP0009,,2026-09-06,2026-09-19,BUY014,INR,Approved
PO001322,SUP0076,,2026-09-06,2026-10-04,BUY008,INR,Approved
PO001323,SUP0061,,2026-09-06,2026-09-28,BUY002,INR,Approved
PO001324,SUP0067,,2026-09-06,2026-09-28,BUY020,INR,Cancelled
PO001325,SUP0057,CON0039,2026-09-06,2026-09-19,BUY003,INR,Approved
PO001326,SUP0005,CON0051,2026-09-06,2026-10-07,BUY005,INR,Approved
PO001327,SUP0057,CON0074,2026-09-06,2026-09-16,BUY003,INR,Approved
PO001328,SUP0087,CON0061,2026-09-06,2026-09-16,BUY013,INR,Completed
PO001329,SUP0013,CON0075,2026-09-06,2026-10-09,BUY020,INR,Approved
PO001330,SUP0059,CON0143,2026-09-06,2026-10-07,BUY020,INR,Cancelled
PO001331,SUP0013,CON0075,2026-09-06,2026-10-04,BUY001,INR,Completed
PO001332,SUP0067,,2026-09-06,2026-10-04,BUY004,INR,Approved
PO001333,SUP0002,CON0045,2026-09-06,2026-10-21,BUY019,INR,Approved
PO001334,SUP0082,CON0062,2026-09-06,2026-10-15,BUY016,INR,Cancelled
PO001335,SUP0057,CON0039,2026-09-06,2026-09-24,BUY002,INR,Approved
PO001336,SUP0040,CON0126,2026-09-06,2026-10-20,BUY010,INR,Cancelled
PO001337,SUP0070,,2026-09-06,2026-09-22,BUY010,INR,Cancelled
PO001338,SUP0044,,2026-09-06,2026-10-01,BUY001,INR,Cancelled
PO001339,SUP0076,CON0149,2026-09-06,2026-09-22,BUY014,INR,Approved
PO001340,SUP0026,,2026-09-06,2026-09-25,BUY007,INR,Approved
PO001341,SUP0044,,2026-09-06,2026-09-25,BUY015,INR,Cancelled
PO001342,SUP0089,,2026-09-06,2026-10-04,BUY019,INR,Approved
PO001343,SUP0079,CON0034,2026-09-06,2026-10-02,BUY004,INR,Completed
PO001344,SUP0006,CON0067,2026-09-06,2026-10-14,BUY008,INR,Approved
PO001345,SUP0060,CON0057,2026-09-06,2026-09-26,BUY013,INR,Approved
PO001346,SUP0052,,2026-09-06,2026-09-24,BUY001,INR,Approved
PO001347,SUP0002,CON0045,2026-09-06,2026-09-17,BUY005,INR,Approved
PO001348,SUP0057,CON0074,2026-09-06,2026-09-25,BUY002,INR,Approved
PO001349,SUP0026,,2026-09-06,2026-09-25,BUY008,INR,Approved
PO001350,SUP0093,,2026-09-06,2026-09-24,BUY018,INR,Approved
PO001351,SUP0023,CON0087,2026-09-06,2026-09-25,BUY004,INR,Approved
PO001352,SUP0087,CON0038,2026-09-06,2026-09-21,BUY011,INR,Approved
PO001353,SUP0040,CON0126,2026-09-06,2026-10-12,BUY006,INR,Cancelled
PO001354,SUP0080,,2026-09-06,2026-10-10,BUY003,INR,Approved
PO001355,SUP0019,,2026-09-06,2026-09-21,BUY007,INR,Cancelled
PO001356,SUP0049,,2026-09-06,2026-10-06,BUY014,INR,Approved
PO001357,SUP0006,CON0067,2026-09-06,2026-10-20,BUY005,INR,Approved
PO001358,SUP0032,CON0004,2026-09-06,2026-09-16,BUY005,INR,Cancelled
PO001359,SUP0075,CON0098,2026-09-06,2026-10-14,BUY016,INR,Cancelled
PO001360,SUP0009,,2026-09-06,2026-09-23,BUY017,INR,Approved
PO001361,SUP0064,,2026-09-06,2026-10-16,BUY011,INR,Approved
PO001362,SUP0068,CON0124,2026-09-06,2026-10-13,BUY016,INR,Approved
PO001363,SUP0075,CON0098,2026-09-06,2026-10-08,BUY007,INR,Approved
PO001364,SUP0026,,2026-09-06,2026-10-11,BUY013,INR,Approved
PO001365,SUP0040,,2026-09-06,2026-10-10,BUY019,INR,Approved
PO001366,SUP0048,CON0031,2026-09-06,2026-09-29,BUY003,INR,Approved
PO001367,SUP0057,CON0039,2026-09-06,2026-10-16,BUY015,INR,Cancelled
PO001368,SUP0080,CON0147,2026-09-06,2026-10-04,BUY014,INR,Completed
PO001369,SUP0048,CON0031,2026-09-06,2026-10-14,BUY001,INR,Approved
PO001370,SUP0057,CON0039,2026-09-06,2026-09-27,BUY012,INR,Approved
PO001371,SUP0038,CON0044,2026-09-06,2026-10-15,BUY009,INR,Approved
PO001372,SUP0013,CON0018,2026-09-06,2026-09-20,BUY018,INR,Approved
PO001373,SUP0043,CON0110,2026-09-06,2026-09-25,BUY010,INR,Approved
PO001374,SUP0025,,2026-09-06,2026-10-21,BUY018,INR,Approved
PO001375,SUP0002,CON0045,2026-09-06,2026-10-02,BUY013,INR,Completed
PO001376,SUP0075,CON0098,2026-09-06,2026-09-13,BUY013,INR,Approved
PO001377,SUP0030,CON0063,2026-09-06,2026-09-26,BUY015,INR,Approved
PO001378,SUP0011,,2026-09-06,2026-10-03,BUY014,INR,Completed
PO001379,SUP0027,CON0081,2026-09-06,2026-10-11,BUY012,INR,Approved
PO001380,SUP0074,CON0113,2026-09-06,2026-09-21,BUY016,INR,Approved
PO001381,SUP0044,,2026-09-06,2026-09-27,BUY013,INR,Cancelled
PO001382,SUP0039,CON0066,2026-09-06,2026-10-03,BUY002,INR,Approved
PO001383,SUP0020,,2026-09-06,2026-10-04,BUY020,INR,Cancelled
PO001384,SUP0074,,2026-09-06,2026-10-08,BUY007,INR,Completed
PO001385,SUP0009,,2026-09-06,2026-10-17,BUY016,INR,Approved
PO001386,SUP0043,,2026-09-06,2026-10-19,BUY010,INR,Approved
PO001387,SUP0022,,2026-09-06,2026-09-19,BUY006,INR,Approved
PO001388,SUP0089,CON0029,2026-09-06,2026-10-21,BUY007,INR,Approved
PO001389,SUP0050,CON0014,2026-09-06,2026-10-01,BUY017,INR,Approved
PO001390,SUP0059,CON0019,2026-09-06,2026-09-16,BUY006,INR,Approved
PO001391,SUP0053,CON0103,2026-09-06,2026-10-08,BUY005,INR,Cancelled
PO001392,SUP0054,CON0131,2026-09-06,2026-10-13,BUY007,INR,Approved
PO001393,SUP0027,CON0136,2026-09-06,2026-10-02,BUY006,INR,Cancelled
PO001394,SUP0074,CON0113,2026-09-06,2026-10-02,BUY009,INR,Approved
PO001395,SUP0001,CON0121,2026-09-06,2026-09-22,BUY020,INR,Approved
PO001396,SUP0068,,2026-09-06,2026-10-04,BUY016,INR,Completed
PO001397,SUP0060,CON0001,2026-09-06,2026-10-19,BUY010,INR,Completed
PO001398,SUP0045,CON0115,2026-09-06,2026-10-02,BUY014,INR,Approved
PO001399,SUP0023,CON0087,2026-09-06,2026-10-10,BUY019,INR,Approved
PO001400,SUP0051,CON0022,2026-09-06,2026-09-15,BUY009,INR,Cancelled
PO001401,SUP0038,CON0044,2026-09-06,2026-09-17,BUY016,INR,Completed
PO001402,SUP0098,CON0116,2026-09-06,2026-10-18,BUY003,INR,Approved
PO001403,SUP0065,CON0055,2026-09-06,2026-10-03,BUY009,INR,Approved
PO001404,SUP0065,CON0055,2026-09-06,2026-09-15,BUY015,INR,Completed
PO001405,SUP0044,,2026-09-06,2026-10-08,BUY013,INR,Approved
PO001406,SUP0002,CON0045,2026-09-06,2026-09-29,BUY011,INR,Completed
PO001407,SUP0063,CON0010,2026-09-06,2026-10-12,BUY015,INR,Approved
PO001408,SUP0061,,2026-09-06,2026-09-30,BUY006,INR,Approved
PO001409,SUP0078,CON0047,2026-09-06,2026-09-19,BUY018,INR,Completed
PO001410,SUP0022,,2026-09-06,2026-09-17,BUY001,INR,Approved
PO001411,SUP0020,,2026-09-06,2026-10-11,BUY007,INR,Approved
PO001412,SUP0087,CON0038,2026-09-06,2026-10-17,BUY017,INR,Approved
PO001413,SUP0050,CON0005,2026-09-06,2026-10-02,BUY002,INR,Completed
PO001414,SUP0099,,2026-09-06,2026-09-25,BUY012,INR,Approved
PO001415,SUP0026,,2026-09-06,2026-09-18,BUY001,INR,Approved
PO001416,SUP0044,,2026-09-06,2026-09-25,BUY003,INR,Approved
PO001417,SUP0013,CON0018,2026-09-06,2026-09-23,BUY014,INR,Cancelled
PO001418,SUP0014,CON0042,2026-09-06,2026-10-03,BUY020,INR,Approved
PO001419,SUP0070,,2026-09-06,2026-10-08,BUY004,INR,Approved
PO001420,SUP0028,CON0102,2026-09-06,2026-09-19,BUY001,INR,Completed
PO001421,SUP0084,CON0020,2026-09-06,2026-10-03,BUY015,INR,Approved
PO001422,SUP0009,,2026-09-06,2026-09-30,BUY012,INR,Approved
PO001423,SUP0009,,2026-09-06,2026-09-26,BUY020,INR,Completed
PO001424,SUP0014,,2026-09-06,2026-10-17,BUY019,INR,Approved
PO001425,SUP0033,CON0084,2026-09-06,2026-09-19,BUY005,INR,Approved
PO001426,SUP0023,,2026-09-06,2026-10-03,BUY016,INR,Approved
PO001427,SUP0043,CON0110,2026-09-06,2026-09-14,BUY013,INR,Cancelled
PO001428,SUP0082,CON0145,2026-09-06,2026-09-27,BUY001,INR,Approved
PO001429,SUP0003,,2026-09-06,2026-09-20,BUY014,INR,Approved
PO001430,SUP0080,CON0147,2026-09-06,2026-09-18,BUY016,INR,Approved
PO001431,SUP0026,,2026-09-06,2026-09-22,BUY002,INR,Approved
PO001432,SUP0093,,2026-09-06,2026-10-21,BUY015,INR,Approved
PO001433,SUP0018,CON0069,2026-09-06,2026-09-30,BUY017,INR,Completed
PO001434,SUP0083,,2026-09-06,2026-10-01,BUY008,INR,Approved
PO001435,SUP0044,,2026-09-06,2026-09-28,BUY002,INR,Approved
PO001436,SUP0088,CON0106,2026-09-06,2026-09-27,BUY017,INR,Approved
PO001437,SUP0024,CON0033,2026-09-06,2026-10-11,BUY016,INR,Approved
PO001438,SUP0025,CON0048,2026-09-06,2026-09-16,BUY007,INR,Approved
PO001439,SUP0012,CON0027,2026-09-06,2026-09-24,BUY008,INR,Cancelled
PO001440,SUP0011,CON0127,2026-09-06,2026-10-10,BUY006,INR,Approved
PO001441,SUP0032,CON0004,2026-09-06,2026-10-10,BUY010,INR,Approved
PO001442,SUP0074,,2026-09-06,2026-10-11,BUY007,INR,Approved
PO001443,SUP0062,,2026-09-06,2026-09-18,BUY012,INR,Completed
PO001444,SUP0049,,2026-09-06,2026-09-23,BUY014,INR,Cancelled
PO001445,SUP0079,,2026-09-06,2026-10-10,BUY016,INR,Approved
PO001446,SUP0098,CON0012,2026-09-06,2026-10-07,BUY010,INR,Cancelled
PO001447,SUP0069,CON0023,2026-09-06,2026-09-22,BUY009,INR,Completed
PO001448,SUP0060,CON0057,2026-09-06,2026-10-02,BUY018,INR,Cancelled
PO001449,SUP0062,CON0056,2026-09-06,2026-09-17,BUY007,INR,Approved
PO001450,SUP0025,CON0077,2026-09-06,2026-09-13,BUY016,INR,Completed
PO001451,SUP0054,,2026-09-06,2026-10-08,BUY012,INR,Completed
PO001452,SUP0063,CON0010,2026-09-06,2026-10-02,BUY014,INR,Approved
PO001453,SUP0016,,2026-09-06,2026-10-07,BUY006,INR,Approved
PO001454,SUP0098,,2026-09-06,2026-10-10,BUY012,INR,Cancelled
PO001455,SUP0091,CON0028,2026-09-06,2026-10-14,BUY002,INR,Completed
PO001456,SUP0055,CON0117,2026-09-06,2026-09-28,BUY012,INR,Approved
PO001457,SUP0090,CON0101,2026-09-06,2026-09-22,BUY005,INR,Approved
PO001458,SUP0032,CON0004,2026-09-06,2026-10-21,BUY001,INR,Approved
PO001459,SUP0099,CON0007,2026-09-06,2026-09-18,BUY013,INR,Cancelled
PO001460,SUP0011,,2026-09-06,2026-10-16,BUY014,INR,Approved
PO001461,SUP0055,CON0144,2026-09-06,2026-09-29,BUY018,INR,Completed
PO001462,SUP0076,CON0149,2026-09-06,2026-10-02,BUY004,INR,Cancelled
PO001463,SUP0100,,2026-09-06,2026-10-05,BUY009,INR,Approved
PO001464,SUP0096,CON0006,2026-09-06,2026-10-08,BUY006,INR,Completed
PO001465,SUP0001,CON0121,2026-09-06,2026-09-19,BUY017,INR,Completed
PO001466,SUP0084,CON0020,2026-09-06,2026-10-01,BUY006,INR,Approved
PO001467,SUP0024,CON0033,2026-09-06,2026-09-21,BUY017,INR,Approved
PO001468,SUP0058,,2026-09-06,2026-10-19,BUY006,INR,Approved
PO001469,SUP0008,,2026-09-06,2026-09-24,BUY007,INR,Approved
PO001470,SUP0053,CON0103,2026-09-06,2026-10-11,BUY006,INR,Approved
PO001471,SUP0038,CON0044,2026-09-06,2026-09-18,BUY003,INR,Approved
PO001472,SUP0004,CON0085,2026-09-06,2026-10-20,BUY004,INR,Approved
PO001473,SUP0008,,2026-09-06,2026-09-30,BUY001,INR,Cancelled
PO001474,SUP0006,CON0067,2026-09-06,2026-09-19,BUY013,INR,Cancelled
PO001475,SUP0067,,2026-09-06,2026-09-30,BUY016,INR,Approved
PO001476,SUP0078,CON0047,2026-09-06,2026-10-10,BUY011,INR,Approved
PO001477,SUP0047,,2026-09-06,2026-10-08,BUY002,INR,Approved
PO001478,SUP0043,CON0110,2026-09-06,2026-09-19,BUY005,INR,Approved
PO001479,SUP0078,,2026-09-06,2026-09-20,BUY009,INR,Approved
PO001480,SUP0048,CON0031,2026-09-06,2026-10-11,BUY017,INR,Completed
PO001481,SUP0085,CON0114,2026-09-06,2026-09-25,BUY001,INR,Approved
PO001482,SUP0006,CON0067,2026-09-06,2026-10-03,BUY020,INR,Completed
PO001483,SUP0052,CON0146,2026-09-06,2026-09-18,BUY004,INR,Completed
PO001484,SUP0038,CON0044,2026-09-06,2026-10-21,BUY017,INR,Cancelled
PO001485,SUP0092,CON0024,2026-09-06,2026-10-15,BUY003,INR,Approved
PO001486,SUP0087,,2026-09-06,2026-10-18,BUY015,INR,Approved
PO001487,SUP0058,,2026-09-06,2026-09-20,BUY018,INR,Approved
PO001488,SUP0032,CON0004,2026-09-06,2026-09-26,BUY004,INR,Completed
PO001489,SUP0092,CON0024,2026-09-06,2026-09-14,BUY013,INR,Approved
PO001490,SUP0029,,2026-09-06,2026-09-29,BUY004,INR,Approved
PO001491,SUP0069,CON0140,2026-09-06,2026-10-14,BUY011,INR,Approved
PO001492,SUP0074,CON0113,2026-09-06,2026-10-21,BUY013,INR,Completed
PO001493,SUP0084,,2026-09-06,2026-10-18,BUY014,INR,Approved
PO001494,SUP0029,,2026-09-06,2026-09-29,BUY003,INR,Approved
PO001495,SUP0012,CON0027,2026-09-06,2026-10-04,BUY004,INR,Cancelled
PO001496,SUP0048,,2026-09-06,2026-09-21,BUY013,INR,Cancelled
PO001497,SUP0095,CON0142,2026-09-06,2026-09-13,BUY018,INR,Approved
PO001498,SUP0050,CON0014,2026-09-06,2026-10-10,BUY005,INR,Cancelled
PO001499,SUP0085,CON0016,2026-09-06,2026-10-21,BUY013,INR,Approved
PO001500,SUP0069,CON0060,2026-09-06,2026-10-12,BUY008,INR,Completed
PO001501,SUP0088,CON0106,2026-09-06,2026-10-12,BUY005,INR,Approved
PO001502,SUP0077,CON0099,2026-09-06,2026-10-03,BUY009,INR,Cancelled
PO001503,SUP0062,CON0056,2026-09-06,2026-09-26,BUY002,INR,Approved
PO001504,SUP0020,,2026-09-06,2026-09-26,BUY008,INR,Approved
PO001505,SUP0100,,2026-09-06,2026-09-24,BUY013,INR,Approved
PO001506,SUP0085,,2026-09-06,2026-09-23,BUY018,INR,Completed
PO001507,SUP0044,,2026-09-06,2026-10-10,BUY012,INR,Completed
PO001508,SUP0051,CON0135,2026-09-06,2026-09-17,BUY010,INR,Approved
PO001509,SUP0090,CON0101,2026-09-06,2026-10-18,BUY011,INR,Cancelled
PO001510,SUP0007,CON0079,2026-09-06,2026-10-02,BUY019,INR,Approved
PO001511,SUP0057,CON0039,2026-09-06,2026-10-13,BUY007,INR,Approved
PO001512,SUP0096,CON0006,2026-09-06,2026-09-25,BUY012,INR,Cancelled
PO001513,SUP0014,CON0091,2026-09-06,2026-09-22,BUY006,INR,Approved
PO001514,SUP0013,,2026-09-06,2026-10-05,BUY006,INR,Approved
PO001515,SUP0016,CON0138,2026-09-06,2026-10-15,BUY005,INR,Completed
PO001516,SUP0032,CON0004,2026-09-06,2026-09-15,BUY016,INR,Approved
PO001517,SUP0089,,2026-09-06,2026-10-21,BUY013,INR,Approved
PO001518,SUP0100,,2026-09-06,2026-10-12,BUY013,INR,Approved
PO001519,SUP0081,,2026-09-06,2026-10-11,BUY004,INR,Approved
PO001520,SUP0011,CON0129,2026-09-06,2026-09-20,BUY017,INR,Approved
PO001521,SUP0003,,2026-09-06,2026-10-20,BUY019,INR,Completed
PO001522,SUP0036,,2026-09-06,2026-09-19,BUY006,INR,Completed
PO001523,SUP0062,CON0011,2026-09-06,2026-10-10,BUY004,INR,Approved
PO001524,SUP0009,,2026-09-06,2026-10-17,BUY001,INR,Completed
PO001525,SUP0072,,2026-09-06,2026-10-17,BUY017,INR,Completed
PO001526,SUP0009,,2026-09-06,2026-10-16,BUY018,INR,Approved
PO001527,SUP0097,,2026-09-06,2026-09-26,BUY004,INR,Approved
PO001528,SUP0077,CON0112,2026-09-06,2026-09-24,BUY011,INR,Approved
PO001529,SUP0006,CON0067,2026-09-06,2026-09-21,BUY003,INR,Cancelled
PO001530,SUP0033,CON0037,2026-09-06,2026-09-15,BUY017,INR,Approved
PO001531,SUP0047,,2026-09-06,2026-10-17,BUY001,INR,Approved
PO001532,SUP0039,,2026-09-06,2026-09-15,BUY017,INR,Approved
PO001533,SUP0085,CON0122,2026-09-06,2026-10-17,BUY016,INR,Approved
PO001534,SUP0067,,2026-09-06,2026-10-05,BUY017,INR,Approved
PO001535,SUP0089,CON0029,2026-09-06,2026-09-19,BUY008,INR,Approved
PO001536,SUP0025,CON0048,2026-09-06,2026-09-22,BUY005,INR,Cancelled
PO001537,SUP0071,,2026-09-06,2026-09-26,BUY009,INR,Approved
PO001538,SUP0094,,2026-09-06,2026-10-10,BUY009,INR,Approved
PO001539,SUP0049,,2026-09-06,2026-09-23,BUY003,INR,Approved
PO001540,SUP0087,,2026-09-06,2026-10-10,BUY005,INR,Cancelled
PO001541,SUP0027,CON0136,2026-09-06,2026-09-17,BUY007,INR,Approved
PO001542,SUP0073,CON0080,2026-09-06,2026-10-15,BUY005,INR,Approved
PO001543,SUP0056,CON0139,2026-09-06,2026-10-07,BUY003,INR,Approved
PO001544,SUP0016,CON0138,2026-09-06,2026-10-17,BUY003,INR,Approved
PO001545,SUP0082,CON0062,2026-09-06,2026-09-18,BUY009,INR,Approved
PO001546,SUP0029,,2026-09-06,2026-09-30,BUY013,INR,Approved
PO001547,SUP0049,,2026-09-06,2026-09-19,BUY004,INR,Approved
PO001548,SUP0068,CON0124,2026-09-06,2026-10-02,BUY004,INR,Cancelled
PO001549,SUP0045,,2026-09-06,2026-10-19,BUY018,INR,Approved
PO001550,SUP0078,,2026-09-06,2026-09-19,BUY006,INR,Approved
PO001551,SUP0097,CON0128,2026-09-06,2026-10-07,BUY016,INR,Cancelled
PO001552,SUP0017,CON0052,2026-09-06,2026-09-29,BUY005,INR,Approved
PO001553,SUP0049,,2026-09-06,2026-10-19,BUY002,INR,Approved
PO001554,SUP0091,CON0028,2026-09-06,2026-09-28,BUY015,INR,Approved
PO001555,SUP0057,,2026-09-06,2026-10-05,BUY017,INR,Approved
PO001556,SUP0036,CON0073,2026-09-06,2026-10-10,BUY010,INR,Approved
PO001557,SUP0040,,2026-09-06,2026-10-09,BUY003,INR,Approved
PO001558,SUP0010,,2026-09-06,2026-09-28,BUY006,INR,Cancelled
PO001559,SUP0008,CON0109,2026-09-06,2026-09-18,BUY001,INR,Completed
PO001560,SUP0087,,2026-09-06,2026-10-15,BUY005,INR,Completed
PO001561,SUP0064,,2026-09-06,2026-10-15,BUY018,INR,Approved
PO001562,SUP0052,CON0094,2026-09-06,2026-09-13,BUY014,INR,Cancelled
PO001563,SUP0096,CON0108,2026-09-06,2026-10-05,BUY017,INR,Cancelled
PO001564,SUP0006,CON0067,2026-09-06,2026-10-21,BUY017,INR,Approved
PO001565,SUP0023,CON0087,2026-09-06,2026-09-17,BUY017,INR,Approved
PO001566,SUP0007,CON0079,2026-09-06,2026-10-10,BUY012,INR,Approved
PO001567,SUP0044,,2026-09-06,2026-09-28,BUY004,INR,Approved
PO001568,SUP0039,CON0009,2026-09-06,2026-10-13,BUY001,INR,Cancelled
PO001569,SUP0051,,2026-09-06,2026-09-26,BUY017,INR,Approved
PO001570,SUP0060,CON0001,2026-09-06,2026-10-14,BUY020,INR,Completed
PO001571,SUP0043,CON0082,2026-09-06,2026-10-02,BUY012,INR,Approved
PO001572,SUP0052,CON0146,2026-09-06,2026-10-05,BUY016,INR,Approved
PO001573,SUP0011,CON0107,2026-09-06,2026-10-16,BUY014,INR,Approved
PO001574,SUP0063,CON0010,2026-09-06,2026-09-13,BUY008,INR,Completed
PO001575,SUP0051,CON0135,2026-09-06,2026-10-06,BUY006,INR,Cancelled
PO001576,SUP0035,,2026-09-06,2026-09-19,BUY015,INR,Approved
PO001577,SUP0018,CON0069,2026-09-06,2026-10-05,BUY012,INR,Approved
PO001578,SUP0015,CON0068,2026-09-06,2026-09-25,BUY013,INR,Completed
PO001579,SUP0096,,2026-09-06,2026-10-04,BUY006,INR,Approved
PO001580,SUP0062,CON0056,2026-09-06,2026-09-30,BUY018,INR,Completed
PO001581,SUP0088,CON0106,2026-09-06,2026-09-21,BUY017,INR,Completed
PO001582,SUP0017,,2026-09-06,2026-09-20,BUY001,INR,Approved
PO001583,SUP0020,,2026-09-06,2026-10-05,BUY008,INR,Approved
PO001584,SUP0087,CON0038,2026-09-06,2026-10-04,BUY014,INR,Completed
PO001585,SUP0038,CON0044,2026-09-06,2026-10-01,BUY008,INR,Cancelled
PO001586,SUP0020,,2026-09-06,2026-10-15,BUY009,INR,Approved
PO001587,SUP0034,CON0021,2026-09-06,2026-09-28,BUY007,INR,Completed
PO001588,SUP0091,CON0028,2026-09-06,2026-09-19,BUY007,INR,Cancelled
PO001589,SUP0081,,2026-09-06,2026-09-22,BUY005,INR,Completed
PO001590,SUP0005,,2026-09-06,2026-09-30,BUY005,INR,Completed
PO001591,SUP0003,,2026-09-06,2026-09-25,BUY002,INR,Completed
PO001592,SUP0053,CON0103,2026-09-06,2026-10-16,BUY008,INR,Approved
PO001593,SUP0055,CON0130,2026-09-06,2026-10-13,BUY002,INR,Approved
PO001594,SUP0015,CON0132,2026-09-06,2026-09-30,BUY014,INR,Approved
PO001595,SUP0041,CON0015,2026-09-06,2026-09-16,BUY002,INR,Approved
PO001596,SUP0028,CON0102,2026-09-06,2026-10-01,BUY014,INR,Approved
PO001597,SUP0033,CON0084,2026-09-06,2026-10-14,BUY004,INR,Approved
PO001598,SUP0086,CON0111,2026-09-06,2026-09-13,BUY011,INR,Approved
PO001599,SUP0095,CON0142,2026-09-06,2026-10-06,BUY017,INR,Cancelled
PO001600,SUP0048,CON0031,2026-09-06,2026-09-28,BUY019,INR,Completed
PO001601,SUP0012,CON0027,2026-09-06,2026-09-19,BUY002,INR,Cancelled
PO001602,SUP0084,CON0020,2026-09-06,2026-09-25,BUY004,INR,Approved
PO001603,SUP0070,,2026-09-06,2026-10-04,BUY016,INR,Approved
PO001604,SUP0069,CON0023,2026-09-06,2026-09-22,BUY014,INR,Cancelled
PO001605,SUP0092,,2026-09-06,2026-09-29,BUY018,INR,Approved
PO001606,SUP0047,,2026-09-06,2026-10-11,BUY004,INR,Completed
PO001607,SUP0009,,2026-09-06,2026-10-13,BUY017,INR,Approved
PO001608,SUP0022,,2026-09-06,2026-10-21,BUY005,INR,Approved
PO001609,SUP0006,CON0067,2026-09-06,2026-10-19,BUY013,INR,Completed
PO001610,SUP0088,,2026-09-06,2026-10-17,BUY003,INR,Approved
PO001611,SUP0057,CON0074,2026-09-06,2026-10-15,BUY013,INR,Cancelled
PO001612,SUP0035,CON0003,2026-09-06,2026-09-26,BUY019,INR,Approved
PO001613,SUP0076,,2026-09-06,2026-09-13,BUY017,INR,Completed
PO001614,SUP0065,CON0055,2026-09-06,2026-10-16,BUY010,INR,Approved
PO001615,SUP0071,,2026-09-06,2026-09-20,BUY002,INR,Cancelled
PO001616,SUP0031,CON0035,2026-09-06,2026-10-01,BUY009,INR,Approved
PO001617,SUP0035,CON0003,2026-09-06,2026-09-16,BUY007,INR,Cancelled
PO001618,SUP0015,CON0132,2026-09-06,2026-09-13,BUY011,INR,Approved
PO001619,SUP0091,CON0028,2026-09-06,2026-10-18,BUY014,INR,Cancelled
PO001620,SUP0038,,2026-09-06,2026-10-03,BUY001,INR,Approved
PO001621,SUP0029,,2026-09-06,2026-09-30,BUY001,INR,Cancelled
PO001622,SUP0085,CON0119,2026-09-06,2026-10-20,BUY009,INR,Cancelled
PO001623,SUP0071,,2026-09-06,2026-09-26,BUY008,INR,Approved
PO001624,SUP0035,CON0008,2026-09-06,2026-09-26,BUY005,INR,Completed
PO001625,SUP0030,CON0063,2026-09-06,2026-10-10,BUY003,INR,Completed
PO001626,SUP0024,CON0033,2026-09-06,2026-10-12,BUY007,INR,Cancelled
PO001627,SUP0063,CON0010,2026-09-06,2026-09-24,BUY010,INR,Approved
PO001628,SUP0023,CON0087,2026-09-06,2026-10-08,BUY003,INR,Approved
PO001629,SUP0010,,2026-09-06,2026-10-10,BUY013,INR,Approved
PO001630,SUP0093,,2026-09-06,2026-10-16,BUY001,INR,Cancelled
PO001631,SUP0013,CON0018,2026-09-06,2026-10-07,BUY001,INR,Approved
PO001632,SUP0017,,2026-09-06,2026-09-28,BUY009,INR,Approved
PO001633,SUP0081,,2026-09-06,2026-10-21,BUY001,INR,Approved
PO001634,SUP0070,,2026-09-06,2026-10-04,BUY003,INR,Approved
PO001635,SUP0018,,2026-09-06,2026-10-13,BUY015,INR,Approved
PO001636,SUP0040,CON0126,2026-09-06,2026-10-04,BUY002,INR,Cancelled
PO001637,SUP0089,CON0029,2026-09-06,2026-09-30,BUY001,INR,Approved
PO001638,SUP0014,CON0091,2026-09-06,2026-10-17,BUY005,INR,Approved
PO001639,SUP0029,,2026-09-06,2026-09-14,BUY013,INR,Approved
PO001640,SUP0046,CON0076,2026-09-06,2026-10-01,BUY004,INR,Completed
PO001641,SUP0022,,2026-09-06,2026-09-20,BUY010,INR,Approved
PO001642,SUP0010,,2026-09-06,2026-10-04,BUY003,INR,Approved
PO001643,SUP0078,CON0047,2026-09-06,2026-09-22,BUY020,INR,Approved
PO001644,SUP0087,CON0061,2026-09-06,2026-10-10,BUY020,INR,Approved
PO001645,SUP0045,CON0115,2026-09-06,2026-09-19,BUY012,INR,Approved
PO001646,SUP0092,,2026-09-06,2026-09-17,BUY005,INR,Approved
PO001647,SUP0041,CON0105,2026-09-06,2026-09-22,BUY003,INR,Approved
PO001648,SUP0074,,2026-09-06,2026-10-10,BUY009,INR,Approved
PO001649,SUP0012,,2026-09-06,2026-10-03,BUY006,INR,Completed
PO001650,SUP0046,CON0076,2026-09-06,2026-10-03,BUY014,INR,Cancelled
PO001651,SUP0082,CON0145,2026-09-06,2026-10-04,BUY008,INR,Completed
PO001652,SUP0054,CON0131,2026-09-06,2026-10-18,BUY018,INR,Cancelled
PO001653,SUP0030,CON0063,2026-09-06,2026-10-07,BUY017,INR,Cancelled
PO001654,SUP0100,CON0090,2026-09-06,2026-09-27,BUY012,INR,Approved
PO001655,SUP0027,CON0136,2026-09-06,2026-09-14,BUY005,INR,Approved
PO001656,SUP0008,CON0109,2026-09-06,2026-10-05,BUY010,INR,Completed
PO001657,SUP0019,,2026-09-06,2026-10-18,BUY014,INR,Approved
PO001658,SUP0027,CON0081,2026-09-06,2026-09-27,BUY004,INR,Approved
PO001659,SUP0049,,2026-09-06,2026-09-14,BUY014,INR,Approved
PO001660,SUP0007,CON0079,2026-09-06,2026-09-19,BUY016,INR,Cancelled
PO001661,SUP0021,,2026-09-06,2026-09-14,BUY005,INR,Approved
PO001662,SUP0032,CON0004,2026-09-06,2026-09-17,BUY005,INR,Approved
PO001663,SUP0061,,2026-09-06,2026-09-21,BUY010,INR,Completed
PO001664,SUP0053,CON0103,2026-09-06,2026-10-04,BUY010,INR,Approved
PO001665,SUP0020,,2026-09-06,2026-09-16,BUY002,INR,Cancelled
PO001666,SUP0097,CON0049,2026-09-06,2026-09-24,BUY013,INR,Completed
PO001667,SUP0088,CON0106,2026-09-06,2026-10-12,BUY019,INR,Cancelled
PO001668,SUP0040,CON0126,2026-09-06,2026-09-27,BUY009,INR,Approved
PO001669,SUP0067,,2026-09-06,2026-10-07,BUY005,INR,Approved
PO001670,SUP0052,CON0094,2026-09-06,2026-09-16,BUY018,INR,Cancelled
PO001671,SUP0010,,2026-09-06,2026-10-12,BUY013,INR,Completed
PO001672,SUP0022,,2026-09-06,2026-09-16,BUY014,INR,Approved
PO001673,SUP0035,CON0008,2026-09-06,2026-09-19,BUY020,INR,Approved
PO001674,SUP0004,CON0085,2026-09-06,2026-09-28,BUY003,INR,Approved
PO001675,SUP0077,,2026-09-06,2026-09-13,BUY010,INR,Approved
PO001676,SUP0071,,2026-09-06,2026-09-25,BUY002,INR,Approved
PO001677,SUP0035,,2026-09-06,2026-09-18,BUY019,INR,Approved
PO001678,SUP0073,CON0080,2026-09-06,2026-10-13,BUY003,INR,Approved
PO001679,SUP0002,,2026-09-06,2026-10-05,BUY013,INR,Cancelled
PO001680,SUP0025,,2026-09-06,2026-10-03,BUY012,INR,Approved
PO001681,SUP0090,CON0101,2026-09-06,2026-09-19,BUY017,INR,Approved
PO001682,SUP0004,,2026-09-06,2026-10-20,BUY016,INR,Cancelled
PO001683,SUP0005,CON0051,2026-09-06,2026-10-01,BUY003,INR,Approved
PO001684,SUP0092,,2026-09-06,2026-09-27,BUY005,INR,Approved
PO001685,SUP0065,,2026-09-06,2026-10-16,BUY020,INR,Cancelled
PO001686,SUP0099,CON0007,2026-09-06,2026-10-04,BUY011,INR,Approved
PO001687,SUP0047,,2026-09-06,2026-10-10,BUY013,INR,Approved
PO001688,SUP0027,CON0081,2026-09-06,2026-10-21,BUY019,INR,Completed
PO001689,SUP0013,CON0072,2026-09-06,2026-09-13,BUY018,INR,Approved
PO001690,SUP0064,,2026-09-06,2026-09-19,BUY006,INR,Approved
PO001691,SUP0021,,2026-09-06,2026-09-17,BUY012,INR,Approved
PO001692,SUP0012,CON0059,2026-09-06,2026-09-17,BUY009,INR,Completed
PO001693,SUP0033,CON0037,2026-09-06,2026-10-11,BUY004,INR,Cancelled
PO001694,SUP0063,CON0010,2026-09-06,2026-09-15,BUY013,INR,Completed
PO001695,SUP0080,CON0147,2026-09-06,2026-09-21,BUY012,INR,Approved
PO001696,SUP0088,CON0106,2026-09-06,2026-10-09,BUY002,INR,Cancelled
PO001697,SUP0083,CON0050,2026-09-06,2026-09-16,BUY018,INR,Approved
PO001698,SUP0020,,2026-09-06,2026-09-19,BUY006,INR,Cancelled
PO001699,SUP0052,CON0146,2026-09-06,2026-09-17,BUY003,INR,Approved
PO001700,SUP0060,CON0057,2026-09-06,2026-10-12,BUY004,INR,Approved
PO001701,SUP0024,,2026-09-06,2026-09-19,BUY013,INR,Completed
PO001702,SUP0026,,2026-09-06,2026-10-08,BUY011,INR,Approved
PO001703,SUP0078,CON0047,2026-09-06,2026-10-14,BUY004,INR,Approved
PO001704,SUP0059,CON0143,2026-09-06,2026-09-15,BUY005,INR,Approved
PO001705,SUP0041,CON0105,2026-09-06,2026-10-19,BUY002,INR,Approved
PO001706,SUP0056,CON0139,2026-09-06,2026-10-13,BUY001,INR,Completed
PO001707,SUP0035,CON0003,2026-09-06,2026-09-29,BUY005,INR,Approved
PO001708,SUP0036,CON0083,2026-09-06,2026-10-08,BUY014,INR,Cancelled
PO001709,SUP0028,CON0102,2026-09-06,2026-09-29,BUY003,INR,Completed
PO001710,SUP0044,,2026-09-06,2026-10-02,BUY012,INR,Completed
PO001711,SUP0062,CON0011,2026-09-06,2026-10-13,BUY014,INR,Approved
PO001712,SUP0089,CON0029,2026-09-06,2026-10-19,BUY018,INR,Cancelled
PO001713,SUP0026,,2026-09-06,2026-09-17,BUY019,INR,Cancelled
PO001714,SUP0019,,2026-09-06,2026-10-03,BUY011,INR,Approved
PO001715,SUP0020,,2026-09-06,2026-10-12,BUY016,INR,Approved
PO001716,SUP0015,CON0068,2026-09-06,2026-10-09,BUY015,INR,Approved
PO001717,SUP0082,CON0145,2026-09-06,2026-10-11,BUY004,INR,Approved
PO001718,SUP0028,CON0102,2026-09-06,2026-09-25,BUY020,INR,Completed
PO001719,SUP0028,CON0102,2026-09-06,2026-10-05,BUY019,INR,Approved
PO001720,SUP0048,CON0031,2026-09-06,2026-10-06,BUY017,INR,Approved
PO001721,SUP0090,CON0101,2026-09-06,2026-10-14,BUY014,INR,Completed
PO001722,SUP0046,,2026-09-06,2026-10-05,BUY014,INR,Cancelled
PO001723,SUP0098,CON0012,2026-09-06,2026-10-04,BUY015,INR,Completed
PO001724,SUP0048,CON0031,2026-09-06,2026-09-24,BUY018,INR,Completed
PO001725,SUP0049,,2026-09-06,2026-10-01,BUY014,INR,Approved
PO001726,SUP0090,,2026-09-06,2026-09-19,BUY004,INR,Approved
PO001727,SUP0084,CON0020,2026-09-06,2026-09-14,BUY004,INR,Completed
PO001728,SUP0096,CON0071,2026-09-06,2026-10-17,BUY017,INR,Cancelled
PO001729,SUP0005,,2026-09-06,2026-10-01,BUY007,INR,Approved
PO001730,SUP0100,CON0090,2026-09-06,2026-10-12,BUY007,INR,Completed
PO001731,SUP0016,,2026-09-06,2026-10-05,BUY015,INR,Completed
PO001732,SUP0083,CON0065,2026-09-06,2026-10-08,BUY008,INR,Cancelled
PO001733,SUP0037,,2026-09-06,2026-09-30,BUY009,INR,Approved
PO001734,SUP0054,CON0131,2026-09-06,2026-09-28,BUY002,INR,Approved
PO001735,SUP0004,,2026-09-06,2026-09-22,BUY017,INR,Cancelled
PO001736,SUP0041,CON0105,2026-09-06,2026-10-04,BUY008,INR,Cancelled
PO001737,SUP0051,CON0135,2026-09-06,2026-09-25,BUY002,INR,Cancelled
PO001738,SUP0055,,2026-09-06,2026-09-21,BUY013,INR,Approved
PO001739,SUP0052,CON0146,2026-09-06,2026-10-03,BUY008,INR,Approved
PO001740,SUP0091,CON0028,2026-09-06,2026-09-21,BUY009,INR,Cancelled
PO001741,SUP0021,,2026-09-06,2026-10-03,BUY003,INR,Approved
PO001742,SUP0056,CON0139,2026-09-06,2026-09-13,BUY001,INR,Cancelled
PO001743,SUP0091,,2026-09-06,2026-10-17,BUY003,INR,Cancelled
PO001744,SUP0049,,2026-09-06,2026-09-14,BUY005,INR,Completed
PO001745,SUP0082,CON0145,2026-09-06,2026-10-05,BUY008,INR,Approved
PO001746,SUP0025,,2026-09-06,2026-10-17,BUY013,INR,Approved
PO001747,SUP0085,CON0078,2026-09-06,2026-09-16,BUY001,INR,Cancelled
PO001748,SUP0014,CON0042,2026-09-06,2026-09-20,BUY004,INR,Approved
PO001749,SUP0037,,2026-09-06,2026-09-29,BUY003,INR,Approved
PO001750,SUP0064,,2026-09-06,2026-10-06,BUY007,INR,Completed
PO001751,SUP0013,,2026-09-06,2026-10-14,BUY014,INR,Approved
PO001752,SUP0063,CON0010,2026-09-06,2026-09-17,BUY013,INR,Approved
PO001753,SUP0082,,2026-09-06,2026-10-11,BUY006,INR,Approved
PO001754,SUP0002,CON0045,2026-09-06,2026-09-24,BUY004,INR,Approved
PO001755,SUP0045,,2026-09-06,2026-10-13,BUY020,INR,Cancelled
PO001756,SUP0001,CON0121,2026-09-06,2026-09-23,BUY004,INR,Approved
PO001757,SUP0078,CON0047,2026-09-06,2026-09-14,BUY007,INR,Approved
PO001758,SUP0015,CON0068,2026-09-06,2026-09-26,BUY008,INR,Approved
PO001759,SUP0094,,2026-09-06,2026-09-21,BUY016,INR,Approved
PO001760,SUP0012,CON0059,2026-09-06,2026-10-05,BUY015,INR,Completed
PO001761,SUP0056,,2026-09-06,2026-10-15,BUY007,INR,Approved
PO001762,SUP0023,CON0087,2026-09-06,2026-09-25,BUY013,INR,Approved
PO001763,SUP0075,CON0098,2026-09-06,2026-10-20,BUY016,INR,Completed
PO001764,SUP0058,,2026-09-06,2026-10-10,BUY009,INR,Approved
PO001765,SUP0080,CON0147,2026-09-06,2026-09-19,BUY007,INR,Cancelled
PO001766,SUP0046,,2026-09-06,2026-10-06,BUY003,INR,Completed
PO001767,SUP0022,,2026-09-06,2026-09-15,BUY009,INR,Cancelled
PO001768,SUP0053,CON0103,2026-09-06,2026-10-01,BUY013,INR,Approved
PO001769,SUP0015,,2026-09-06,2026-09-24,BUY014,INR,Approved
PO001770,SUP0046,CON0076,2026-09-06,2026-09-28,BUY012,INR,Approved
PO001771,SUP0100,CON0090,2026-09-06,2026-10-03,BUY001,INR,Approved
PO001772,SUP0028,CON0102,2026-09-06,2026-10-12,BUY008,INR,Cancelled
PO001773,SUP0009,,2026-09-06,2026-10-07,BUY007,INR,Cancelled
PO001774,SUP0028,CON0102,2026-09-06,2026-09-19,BUY019,INR,Completed
PO001775,SUP0088,CON0106,2026-09-06,2026-10-10,BUY007,INR,Approved
PO001776,SUP0007,CON0079,2026-09-06,2026-10-14,BUY014,INR,Approved
PO001777,SUP0016,CON0138,2026-09-06,2026-10-11,BUY019,INR,Completed
PO001778,SUP0031,CON0035,2026-09-06,2026-10-19,BUY019,INR,Approved
PO001779,SUP0060,CON0057,2026-09-06,2026-10-01,BUY002,INR,Cancelled
PO001780,SUP0068,CON0032,2026-09-06,2026-09-15,BUY003,INR,Completed
PO001781,SUP0013,CON0072,2026-09-06,2026-10-09,BUY011,INR,Approved
PO001782,SUP0052,CON0146,2026-09-06,2026-09-18,BUY016,INR,Cancelled
PO001783,SUP0007,CON0079,2026-09-06,2026-10-08,BUY016,INR,Approved
PO001784,SUP0048,CON0031,2026-09-06,2026-09-19,BUY001,INR,Approved
PO001785,SUP0014,,2026-09-06,2026-10-03,BUY014,INR,Approved
PO001786,SUP0022,,2026-09-06,2026-09-18,BUY012,INR,Cancelled
PO001787,SUP0001,CON0121,2026-09-06,2026-09-16,BUY004,INR,Approved
PO001788,SUP0039,CON0066,2026-09-06,2026-09-17,BUY020,INR,Completed
PO001789,SUP0035,,2026-09-06,2026-09-23,BUY019,INR,Completed
PO001790,SUP0016,CON0138,2026-09-06,2026-09-21,BUY019,INR,Completed
PO001791,SUP0082,CON0145,2026-09-06,2026-10-11,BUY017,INR,Approved
PO001792,SUP0074,CON0113,2026-09-06,2026-10-13,BUY011,INR,Completed
PO001793,SUP0029,,2026-09-06,2026-09-18,BUY010,INR,Approved
PO001794,SUP0046,,2026-09-06,2026-10-18,BUY008,INR,Approved
PO001795,SUP0089,CON0029,2026-09-06,2026-09-17,BUY002,INR,Approved
PO001796,SUP0002,CON0045,2026-09-06,2026-09-26,BUY007,INR,Completed
PO001797,SUP0014,CON0091,2026-09-06,2026-10-04,BUY010,INR,Completed
PO001798,SUP0084,,2026-09-06,2026-09-22,BUY004,INR,Approved
PO001799,SUP0029,,2026-09-06,2026-10-06,BUY015,INR,Cancelled
PO001800,SUP0066,,2026-09-06,2026-09-25,BUY007,INR,Approved
PO001801,SUP0036,CON0083,2026-09-06,2026-10-10,BUY019,INR,Approved
PO001802,SUP0019,,2026-09-06,2026-10-12,BUY004,INR,Approved
PO001803,SUP0003,,2026-09-06,2026-10-12,BUY001,INR,Completed
PO001804,SUP0085,CON0114,2026-09-06,2026-10-16,BUY004,INR,Cancelled
PO001805,SUP0011,CON0107,2026-09-06,2026-10-05,BUY013,INR,Cancelled
PO001806,SUP0056,CON0148,2026-09-06,2026-10-15,BUY009,INR,Approved
PO001807,SUP0013,CON0075,2026-09-06,2026-09-16,BUY014,INR,Approved
PO001808,SUP0038,CON0044,2026-09-06,2026-09-25,BUY017,INR,Cancelled
PO001809,SUP0064,,2026-09-06,2026-10-16,BUY002,INR,Approved
PO001810,SUP0015,CON0068,2026-09-06,2026-09-27,BUY019,INR,Approved
PO001811,SUP0031,CON0086,2026-09-06,2026-09-17,BUY008,INR,Cancelled
PO001812,SUP0090,CON0101,2026-09-06,2026-10-08,BUY008,INR,Approved
PO001813,SUP0064,,2026-09-06,2026-09-26,BUY007,INR,Approved
PO001814,SUP0082,CON0062,2026-09-06,2026-10-01,BUY001,INR,Approved
PO001815,SUP0024,,2026-09-06,2026-10-15,BUY020,INR,Completed
PO001816,SUP0095,,2026-09-06,2026-10-02,BUY008,INR,Approved
PO001817,SUP0041,CON0105,2026-09-06,2026-09-17,BUY015,INR,Approved
PO001818,SUP0002,CON0045,2026-09-06,2026-10-13,BUY006,INR,Approved
PO001819,SUP0010,,2026-09-06,2026-09-23,BUY001,INR,Cancelled
PO001820,SUP0046,CON0076,2026-09-06,2026-10-13,BUY008,INR,Completed
PO001821,SUP0015,,2026-09-06,2026-09-15,BUY019,INR,Approved
PO001822,SUP0030,CON0036,2026-09-06,2026-10-16,BUY004,INR,Approved
PO001823,SUP0039,CON0066,2026-09-06,2026-10-04,BUY012,INR,Cancelled
PO001824,SUP0033,CON0084,2026-09-06,2026-10-14,BUY001,INR,Approved
PO001825,SUP0039,,2026-09-06,2026-10-04,BUY020,INR,Completed
PO001826,SUP0015,CON0068,2026-09-06,2026-09-30,BUY005,INR,Completed
PO001827,SUP0029,,2026-09-06,2026-09-22,BUY001,INR,Approved
PO001828,SUP0074,CON0113,2026-09-06,2026-10-10,BUY007,INR,Completed
PO001829,SUP0082,,2026-09-06,2026-09-19,BUY018,INR,Completed
PO001830,SUP0068,CON0124,2026-09-06,2026-09-24,BUY011,INR,Completed
PO001831,SUP0076,,2026-09-06,2026-10-09,BUY009,INR,Approved
PO001832,SUP0025,CON0077,2026-09-06,2026-09-15,BUY020,INR,Approved
PO001833,SUP0056,CON0148,2026-09-06,2026-10-12,BUY010,INR,Approved
PO001834,SUP0002,,2026-09-06,2026-10-14,BUY005,INR,Completed
PO001835,SUP0088,CON0106,2026-09-06,2026-09-22,BUY020,INR,Cancelled
PO001836,SUP0086,CON0134,2026-09-06,2026-09-23,BUY003,INR,Approved
PO001837,SUP0002,CON0045,2026-09-06,2026-10-12,BUY019,INR,Approved
PO001838,SUP0007,CON0079,2026-09-06,2026-10-14,BUY012,INR,Approved
PO001839,SUP0007,CON0079,2026-09-06,2026-09-29,BUY017,INR,Cancelled
PO001840,SUP0020,,2026-09-06,2026-09-18,BUY005,INR,Approved
PO001841,SUP0056,,2026-09-06,2026-10-20,BUY010,INR,Approved
PO001842,SUP0005,,2026-09-06,2026-10-13,BUY008,INR,Completed
PO001843,SUP0055,,2026-09-06,2026-10-08,BUY004,INR,Approved
PO001844,SUP0039,CON0066,2026-09-06,2026-10-21,BUY014,INR,Approved
PO001845,SUP0075,CON0098,2026-09-06,2026-09-21,BUY009,INR,Approved
PO001846,SUP0054,CON0131,2026-09-06,2026-10-18,BUY003,INR,Approved
PO001847,SUP0073,CON0080,2026-09-06,2026-10-12,BUY014,INR,Approved
PO001848,SUP0018,CON0069,2026-09-06,2026-10-16,BUY017,INR,Approved
PO001849,SUP0060,CON0057,2026-09-06,2026-10-05,BUY014,INR,Completed
PO001850,SUP0004,CON0085,2026-09-06,2026-10-18,BUY003,INR,Approved
PO001851,SUP0079,,2026-09-06,2026-10-02,BUY019,INR,Cancelled
PO001852,SUP0048,CON0031,2026-09-06,2026-09-21,BUY002,INR,Completed
PO001853,SUP0017,CON0097,2026-09-06,2026-10-08,BUY017,INR,Completed
PO001854,SUP0007,CON0079,2026-09-06,2026-09-18,BUY011,INR,Cancelled
PO001855,SUP0013,CON0075,2026-09-06,2026-10-01,BUY011,INR,Approved
PO001856,SUP0016,CON0138,2026-09-06,2026-10-20,BUY007,INR,Cancelled
PO001857,SUP0019,,2026-09-06,2026-10-18,BUY016,INR,Approved
PO001858,SUP0029,,2026-09-06,2026-09-22,BUY010,INR,Approved
PO001859,SUP0063,CON0010,2026-09-06,2026-09-25,BUY005,INR,Cancelled
PO001860,SUP0016,CON0138,2026-09-06,2026-10-16,BUY004,INR,Completed
PO001861,SUP0004,CON0085,2026-09-06,2026-10-15,BUY004,INR,Approved
PO001862,SUP0052,,2026-09-06,2026-10-13,BUY008,INR,Cancelled
PO001863,SUP0034,,2026-09-06,2026-10-11,BUY020,INR,Approved
PO001864,SUP0056,CON0139,2026-09-06,2026-09-22,BUY005,INR,Approved
PO001865,SUP0022,,2026-09-06,2026-10-15,BUY018,INR,Approved
PO001866,SUP0061,,2026-09-06,2026-10-13,BUY004,INR,Cancelled
PO001867,SUP0064,,2026-09-06,2026-10-06,BUY013,INR,Completed
PO001868,SUP0090,CON0101,2026-09-06,2026-09-19,BUY005,INR,Approved
PO001869,SUP0037,CON0133,2026-09-06,2026-10-12,BUY001,INR,Cancelled
PO001870,SUP0039,CON0066,2026-09-06,2026-09-15,BUY020,INR,Completed
PO001871,SUP0006,,2026-09-06,2026-10-05,BUY015,INR,Completed
PO001872,SUP0036,,2026-09-06,2026-09-13,BUY012,INR,Cancelled
PO001873,SUP0065,CON0100,2026-09-06,2026-09-26,BUY017,INR,Approved
PO001874,SUP0023,CON0087,2026-09-06,2026-09-22,BUY015,INR,Approved
PO001875,SUP0036,,2026-09-06,2026-10-02,BUY003,INR,Completed
PO001876,SUP0049,,2026-09-06,2026-10-13,BUY006,INR,Cancelled
PO001877,SUP0091,,2026-09-06,2026-10-15,BUY017,INR,Approved
PO001878,SUP0017,CON0054,2026-09-06,2026-10-03,BUY019,INR,Cancelled
PO001879,SUP0052,CON0094,2026-09-06,2026-09-17,BUY008,INR,Approved
PO001880,SUP0086,CON0141,2026-09-06,2026-09-19,BUY011,INR,Approved
PO001881,SUP0099,CON0007,2026-09-06,2026-09-28,BUY013,INR,Completed
PO001882,SUP0009,,2026-09-06,2026-09-16,BUY004,INR,Approved
PO001883,SUP0096,CON0053,2026-09-06,2026-09-17,BUY020,INR,Approved
PO001884,SUP0023,CON0087,2026-09-06,2026-10-03,BUY013,INR,Approved
PO001885,SUP0082,CON0040,2026-09-06,2026-10-19,BUY009,INR,Completed
PO001886,SUP0057,CON0039,2026-09-06,2026-10-01,BUY014,INR,Cancelled
PO001887,SUP0025,CON0048,2026-09-06,2026-09-18,BUY007,INR,Approved
PO001888,SUP0018,CON0069,2026-09-06,2026-09-13,BUY019,INR,Cancelled
PO001889,SUP0010,,2026-09-06,2026-10-04,BUY017,INR,Completed
PO001890,SUP0025,CON0077,2026-09-06,2026-09-26,BUY017,INR,Approved
PO001891,SUP0046,,2026-09-06,2026-10-18,BUY003,INR,Completed
PO001892,SUP0055,,2026-09-06,2026-10-07,BUY019,INR,Approved
PO001893,SUP0017,CON0017,2026-09-06,2026-10-16,BUY016,INR,Approved
PO001894,SUP0007,CON0079,2026-09-06,2026-10-21,BUY008,INR,Approved
PO001895,SUP0033,CON0037,2026-09-06,2026-10-07,BUY006,INR,Approved
PO001896,SUP0010,,2026-09-06,2026-10-17,BUY017,INR,Cancelled
PO001897,SUP0065,CON0055,2026-09-06,2026-10-02,BUY018,INR,Approved
PO001898,SUP0075,,2026-09-06,2026-10-13,BUY009,INR,Approved
PO001899,SUP0005,CON0051,2026-09-06,2026-10-04,BUY011,INR,Approved
PO001900,SUP0018,CON0069,2026-09-06,2026-09-26,BUY002,INR,Approved
PO001901,SUP0064,,2026-09-06,2026-09-17,BUY019,INR,Cancelled
PO001902,SUP0090,CON0101,2026-09-06,2026-09-15,BUY014,INR,Cancelled
PO001903,SUP0095,,2026-09-06,2026-09-18,BUY016,INR,Approved
PO001904,SUP0035,CON0008,2026-09-06,2026-09-15,BUY017,INR,Approved
PO001905,SUP0084,CON0020,2026-09-06,2026-10-05,BUY008,INR,Approved
PO001906,SUP0008,,2026-09-06,2026-09-14,BUY007,INR,Cancelled
PO001907,SUP0078,CON0047,2026-09-06,2026-10-07,BUY018,INR,Completed
PO001908,SUP0007,,2026-09-06,2026-10-07,BUY005,INR,Completed
PO001909,SUP0090,CON0101,2026-09-06,2026-10-10,BUY015,INR,Approved
PO001910,SUP0079,CON0092,2026-09-06,2026-10-06,BUY014,INR,Approved
PO001911,SUP0031,CON0035,2026-09-06,2026-09-27,BUY008,INR,Completed
PO001912,SUP0096,CON0006,2026-09-06,2026-10-17,BUY008,INR,Approved
PO001913,SUP0010,,2026-09-06,2026-09-16,BUY006,INR,Approved
PO001914,SUP0006,CON0067,2026-09-06,2026-10-03,BUY010,INR,Approved
PO001915,SUP0078,CON0047,2026-09-06,2026-10-08,BUY003,INR,Approved
PO001916,SUP0033,CON0084,2026-09-06,2026-10-17,BUY008,INR,Completed
PO001917,SUP0092,,2026-09-06,2026-10-02,BUY018,INR,Approved
PO001918,SUP0084,CON0020,2026-09-06,2026-09-28,BUY011,INR,Cancelled
PO001919,SUP0065,CON0100,2026-09-06,2026-09-19,BUY020,INR,Completed
PO001920,SUP0036,CON0073,2026-09-06,2026-09-18,BUY017,INR,Approved
PO001921,SUP0040,CON0126,2026-09-06,2026-10-18,BUY005,INR,Approved
PO001922,SUP0031,CON0086,2026-09-06,2026-10-11,BUY004,INR,Approved
PO001923,SUP0064,,2026-09-06,2026-09-15,BUY019,INR,Completed
PO001924,SUP0039,CON0066,2026-09-06,2026-09-18,BUY013,INR,Completed
PO001925,SUP0003,,2026-09-06,2026-10-07,BUY002,INR,Approved
PO001926,SUP0027,CON0136,2026-09-06,2026-10-07,BUY018,INR,Approved
PO001927,SUP0085,CON0114,2026-09-06,2026-10-02,BUY001,INR,Cancelled
PO001928,SUP0097,,2026-09-06,2026-10-04,BUY009,INR,Cancelled
PO001929,SUP0028,CON0102,2026-09-06,2026-09-14,BUY014,INR,Approved
PO001930,SUP0014,CON0091,2026-09-06,2026-10-18,BUY018,INR,Completed
PO001931,SUP0055,CON0144,2026-09-06,2026-10-19,BUY009,INR,Approved
PO001932,SUP0049,,2026-09-06,2026-10-12,BUY008,INR,Approved
PO001933,SUP0002,,2026-09-06,2026-09-30,BUY009,INR,Approved
PO001934,SUP0032,CON0004,2026-09-06,2026-10-17,BUY002,INR,Cancelled
PO001935,SUP0036,CON0083,2026-09-06,2026-10-06,BUY020,INR,Approved
PO001936,SUP0016,CON0138,2026-09-06,2026-10-02,BUY009,INR,Approved
PO001937,SUP0057,CON0039,2026-09-06,2026-10-12,BUY015,INR,Approved
PO001938,SUP0046,CON0043,2026-09-06,2026-10-13,BUY014,INR,Approved
PO001939,SUP0075,CON0098,2026-09-06,2026-09-18,BUY003,INR,Completed
PO001940,SUP0024,,2026-09-06,2026-09-29,BUY009,INR,Approved
PO001941,SUP0064,,2026-09-06,2026-09-21,BUY006,INR,Approved
PO001942,SUP0080,CON0025,2026-09-06,2026-09-16,BUY006,INR,Cancelled
PO001943,SUP0057,CON0039,2026-09-06,2026-10-20,BUY002,INR,Approved
PO001944,SUP0033,CON0084,2026-09-06,2026-09-14,BUY018,INR,Approved
PO001945,SUP0077,CON0099,2026-09-06,2026-09-28,BUY017,INR,Completed
PO001946,SUP0015,CON0068,2026-09-06,2026-10-15,BUY011,INR,Cancelled
PO001947,SUP0048,CON0031,2026-09-06,2026-10-09,BUY010,INR,Approved
PO001948,SUP0004,CON0085,2026-09-06,2026-10-03,BUY011,INR,Completed
PO001949,SUP0084,CON0020,2026-09-06,2026-10-06,BUY020,INR,Approved
PO001950,SUP0021,,2026-09-06,2026-10-06,BUY005,INR,Cancelled
PO001951,SUP0004,CON0085,2026-09-06,2026-09-19,BUY017,INR,Cancelled
PO001952,SUP0075,,2026-09-06,2026-10-05,BUY013,INR,Cancelled
PO001953,SUP0005,CON0051,2026-09-06,2026-09-22,BUY003,INR,Approved
PO001954,SUP0073,,2026-09-06,2026-10-15,BUY018,INR,Completed
PO001955,SUP0069,,2026-09-06,2026-09-20,BUY017,INR,Approved
PO001956,SUP0078,CON0047,2026-09-06,2026-10-13,BUY011,INR,Approved
PO001957,SUP0025,CON0048,2026-09-06,2026-10-19,BUY011,INR,Approved
PO001958,SUP0099,CON0007,2026-09-06,2026-10-06,BUY004,INR,Approved
PO001959,SUP0057,CON0074,2026-09-06,2026-10-09,BUY018,INR,Cancelled
PO001960,SUP0010,,2026-09-06,2026-10-06,BUY020,INR,Approved
PO001961,SUP0058,,2026-09-06,2026-10-09,BUY005,INR,Cancelled
PO001962,SUP0032,CON0004,2026-09-06,2026-10-09,BUY020,INR,Approved
PO001963,SUP0037,CON0133,2026-09-06,2026-10-04,BUY014,INR,Completed
PO001964,SUP0065,CON0055,2026-09-06,2026-09-22,BUY006,INR,Completed
PO001965,SUP0002,CON0045,2026-09-06,2026-09-23,BUY018,INR,Completed
PO001966,SUP0096,CON0006,2026-09-06,2026-09-19,BUY014,INR,Approved
PO001967,SUP0089,,2026-09-06,2026-09-23,BUY005,INR,Cancelled
PO001968,SUP0068,,2026-09-06,2026-10-07,BUY012,INR,Approved
PO001969,SUP0052,CON0146,2026-09-06,2026-10-18,BUY004,INR,Approved
PO001970,SUP0044,,2026-09-06,2026-10-20,BUY004,INR,Approved
PO001971,SUP0010,,2026-09-06,2026-10-05,BUY014,INR,Completed
PO001972,SUP0095,CON0123,2026-09-06,2026-10-10,BUY005,INR,Approved
PO001973,SUP0093,,2026-09-06,2026-10-20,BUY017,INR,Approved
PO001974,SUP0020,,2026-09-06,2026-09-13,BUY012,INR,Completed
PO001975,SUP0049,,2026-09-06,2026-10-03,BUY017,INR,Cancelled
PO001976,SUP0036,CON0083,2026-09-06,2026-09-19,BUY011,INR,Approved
PO001977,SUP0073,,2026-09-06,2026-10-16,BUY019,INR,Cancelled
PO001978,SUP0055,CON0130,2026-09-06,2026-10-01,BUY006,INR,Approved
PO001979,SUP0006,CON0067,2026-09-06,2026-09-26,BUY019,INR,Cancelled
PO001980,SUP0041,CON0015,2026-09-06,2026-09-19,BUY004,INR,Approved
PO001981,SUP0036,CON0073,2026-09-06,2026-10-14,BUY010,INR,Approved
PO001982,SUP0078,,2026-09-06,2026-09-19,BUY009,INR,Approved
PO001983,SUP0013,CON0075,2026-09-06,2026-09-26,BUY006,INR,Approved
PO001984,SUP0077,,2026-09-06,2026-09-15,BUY018,INR,Cancelled
PO001985,SUP0025,CON0048,2026-09-06,2026-09-13,BUY012,INR,Approved
PO001986,SUP0037,CON0133,2026-09-06,2026-10-19,BUY017,INR,Approved
PO001987,SUP0059,,2026-09-06,2026-10-01,BUY004,INR,Completed
PO001988,SUP0056,CON0139,2026-09-06,2026-10-14,BUY009,INR,Approved
PO001989,SUP0046,CON0043,2026-09-06,2026-09-18,BUY003,INR,Approved
PO001990,SUP0021,,2026-09-06,2026-10-15,BUY015,INR,Cancelled
PO001991,SUP0087,CON0061,2026-09-06,2026-09-17,BUY002,INR,Completed
PO001992,SUP0013,CON0075,2026-09-06,2026-10-16,BUY002,INR,Approved
PO001993,SUP0032,CON0004,2026-09-06,2026-09-21,BUY007,INR,Approved
PO001994,SUP0061,,2026-09-06,2026-09-22,BUY006,INR,Completed
PO001995,SUP0037,CON0133,2026-09-06,2026-09-21,BUY017,INR,Approved
PO001996,SUP0001,CON0121,2026-09-06,2026-10-10,BUY006,INR,Approved
PO001997,SUP0054,CON0104,2026-09-06,2026-09-29,BUY012,INR,Completed
PO001998,SUP0068,,2026-09-06,2026-09-24,BUY008,INR,Approved
PO001999,SUP0086,CON0141,2026-09-06,2026-10-14,BUY020,INR,Approved
PO002000,SUP0070,,2026-09-06,2026-10-13,BUY008,INR,Approved
PO002001,SUP0097,CON0128,2026-09-06,2026-10-01,BUY011,INR,Approved
PO002002,SUP0085,CON0119,2026-09-06,2026-10-10,BUY011,INR,Approved
PO002003,SUP0045,CON0115,2026-09-06,2026-10-08,BUY016,INR,Cancelled
PO002004,SUP0053,CON0103,2026-09-06,2026-09-28,BUY017,INR,Approved
PO002005,SUP0053,CON0103,2026-09-06,2026-09-16,BUY009,INR,Approved
PO002006,SUP0053,,2026-09-06,2026-10-08,BUY014,INR,Completed
PO002007,SUP0034,CON0021,2026-09-06,2026-09-16,BUY011,INR,Approved
PO002008,SUP0040,CON0126,2026-09-06,2026-10-11,BUY018,INR,Approved
PO002009,SUP0100,,2026-09-06,2026-09-20,BUY020,INR,Cancelled
PO002010,SUP0043,CON0082,2026-09-06,2026-09-21,BUY001,INR,Completed
PO002011,SUP0012,,2026-09-06,2026-10-04,BUY018,INR,Approved
PO002012,SUP0084,CON0020,2026-09-06,2026-09-16,BUY018,INR,Approved
PO002013,SUP0021,,2026-09-06,2026-10-17,BUY008,INR,Approved
PO002014,SUP0021,,2026-09-06,2026-10-06,BUY007,INR,Cancelled
PO002015,SUP0094,,2026-09-06,2026-09-28,BUY002,INR,Approved
PO002016,SUP0097,CON0128,2026-09-06,2026-10-16,BUY016,INR,Approved
PO002017,SUP0021,,2026-09-06,2026-10-01,BUY008,INR,Approved
PO002018,SUP0005,CON0051,2026-09-06,2026-09-30,BUY013,INR,Approved
PO002019,SUP0095,,2026-09-06,2026-09-30,BUY003,INR,Approved
PO002020,SUP0065,CON0055,2026-09-06,2026-10-09,BUY004,INR,Cancelled
PO002021,SUP0051,,2026-09-06,2026-09-25,BUY010,INR,Approved
PO002022,SUP0055,CON0130,2026-09-06,2026-10-15,BUY009,INR,Completed
PO002023,SUP0026,,2026-09-06,2026-09-19,BUY019,INR,Completed
PO002024,SUP0049,,2026-09-06,2026-10-01,BUY008,INR,Completed
PO002025,SUP0072,CON0064,2026-09-06,2026-09-30,BUY013,INR,Approved
PO002026,SUP0064,,2026-09-06,2026-10-08,BUY018,INR,Approved
PO002027,SUP0058,,2026-09-06,2026-09-27,BUY001,INR,Completed
PO002028,SUP0099,CON0007,2026-09-06,2026-09-27,BUY019,INR,Approved
PO002029,SUP0083,CON0050,2026-09-06,2026-10-02,BUY004,INR,Cancelled
PO002030,SUP0022,,2026-09-06,2026-09-26,BUY016,INR,Cancelled
PO002031,SUP0032,CON0004,2026-09-06,2026-09-18,BUY017,INR,Cancelled
PO002032,SUP0098,CON0116,2026-09-06,2026-09-27,BUY009,INR,Completed
PO002033,SUP0040,,2026-09-06,2026-10-04,BUY002,INR,Approved
PO002034,SUP0089,CON0029,2026-09-06,2026-10-19,BUY009,INR,Approved
PO002035,SUP0097,,2026-09-06,2026-10-18,BUY018,INR,Completed
PO002036,SUP0041,CON0105,2026-09-06,2026-09-28,BUY017,INR,Cancelled
PO002037,SUP0095,,2026-09-06,2026-09-18,BUY014,INR,Approved
PO002038,SUP0049,,2026-09-06,2026-09-21,BUY006,INR,Cancelled
PO002039,SUP0096,CON0071,2026-09-06,2026-09-20,BUY004,INR,Approved
PO002040,SUP0055,CON0144,2026-09-06,2026-10-14,BUY016,INR,Approved
PO002041,SUP0096,CON0006,2026-09-06,2026-10-18,BUY010,INR,Approved
PO002042,SUP0056,CON0148,2026-09-06,2026-10-01,BUY017,INR,Approved
PO002043,SUP0079,CON0034,2026-09-06,2026-10-06,BUY005,INR,Approved
PO002044,SUP0067,,2026-09-06,2026-09-26,BUY012,INR,Cancelled
PO002045,SUP0078,CON0047,2026-09-06,2026-09-29,BUY011,INR,Approved
PO002046,SUP0022,,2026-09-06,2026-10-16,BUY016,INR,Approved
PO002047,SUP0041,CON0105,2026-09-06,2026-10-09,BUY003,INR,Approved
PO002048,SUP0040,CON0126,2026-09-06,2026-09-25,BUY018,INR,Completed
PO002049,SUP0043,CON0110,2026-09-06,2026-09-19,BUY020,INR,Approved
PO002050,SUP0009,,2026-09-06,2026-10-05,BUY008,INR,Approved
PO002051,SUP0081,,2026-09-06,2026-09-13,BUY009,INR,Approved
PO002052,SUP0055,CON0130,2026-09-06,2026-10-20,BUY020,INR,Completed
PO002053,SUP0033,CON0037,2026-09-06,2026-10-18,BUY003,INR,Cancelled
PO002054,SUP0020,,2026-09-06,2026-09-19,BUY009,INR,Approved
PO002055,SUP0034,CON0021,2026-09-06,2026-10-19,BUY011,INR,Cancelled
PO002056,SUP0099,CON0007,2026-09-06,2026-10-20,BUY007,INR,Approved
PO002057,SUP0001,,2026-09-06,2026-09-27,BUY003,INR,Cancelled
PO002058,SUP0019,,2026-09-06,2026-09-22,BUY001,INR,Approved
PO002059,SUP0010,,2026-09-06,2026-09-16,BUY015,INR,Completed
PO002060,SUP0086,CON0070,2026-09-06,2026-10-13,BUY008,INR,Cancelled
PO002061,SUP0051,,2026-09-06,2026-10-07,BUY016,INR,Approved
PO002062,SUP0040,CON0126,2026-09-06,2026-10-16,BUY020,INR,Approved
PO002063,SUP0022,,2026-09-06,2026-09-30,BUY014,INR,Cancelled
PO002064,SUP0057,CON0074,2026-09-06,2026-10-14,BUY004,INR,Cancelled
PO002065,SUP0056,CON0148,2026-09-06,2026-10-05,BUY015,INR,Approved
PO002066,SUP0094,,2026-09-06,2026-10-10,BUY018,INR,Approved
PO002067,SUP0049,,2026-09-06,2026-10-06,BUY001,INR,Approved
PO002068,SUP0057,CON0039,2026-09-06,2026-10-06,BUY019,INR,Approved
PO002069,SUP0043,,2026-09-06,2026-09-19,BUY009,INR,Cancelled
PO002070,SUP0002,CON0045,2026-09-06,2026-10-21,BUY016,INR,Completed
PO002071,SUP0006,CON0067,2026-09-06,2026-09-29,BUY019,INR,Approved
PO002072,SUP0092,,2026-09-06,2026-10-13,BUY015,INR,Completed
PO002073,SUP0023,CON0087,2026-09-06,2026-10-13,BUY002,INR,Approved
PO002074,SUP0004,CON0085,2026-09-06,2026-09-22,BUY005,INR,Approved
PO002075,SUP0054,CON0104,2026-09-06,2026-09-20,BUY011,INR,Approved
PO002076,SUP0070,,2026-09-06,2026-09-30,BUY007,INR,Cancelled
PO002077,SUP0095,CON0142,2026-09-06,2026-09-14,BUY011,INR,Approved
PO002078,SUP0076,CON0149,2026-09-06,2026-10-06,BUY014,INR,Approved
PO002079,SUP0009,,2026-09-06,2026-09-25,BUY017,INR,Approved
PO002080,SUP0094,,2026-09-06,2026-09-30,BUY015,INR,Approved
PO002081,SUP0036,CON0083,2026-09-06,2026-10-21,BUY006,INR,Approved
PO002082,SUP0040,CON0126,2026-09-06,2026-09-30,BUY011,INR,Completed
PO002083,SUP0073,CON0080,2026-09-06,2026-09-18,BUY003,INR,Approved
PO002084,SUP0012,CON0027,2026-09-06,2026-09-24,BUY011,INR,Cancelled
PO002085,SUP0081,,2026-09-06,2026-09-14,BUY001,INR,Approved
PO002086,SUP0082,CON0145,2026-09-06,2026-10-06,BUY008,INR,Approved
PO002087,SUP0088,CON0026,2026-09-06,2026-09-25,BUY010,INR,Approved
PO002088,SUP0049,,2026-09-06,2026-10-01,BUY005,INR,Cancelled
PO002089,SUP0041,CON0015,2026-09-06,2026-10-09,BUY009,INR,Approved
PO002090,SUP0023,CON0087,2026-09-06,2026-10-01,BUY009,INR,Approved
PO002091,SUP0063,CON0010,2026-09-06,2026-10-05,BUY017,INR,Completed
PO002092,SUP0081,,2026-09-06,2026-09-23,BUY019,INR,Completed
PO002093,SUP0020,,2026-09-06,2026-10-17,BUY014,INR,Approved
PO002094,SUP0083,CON0065,2026-09-06,2026-10-01,BUY003,INR,Cancelled
PO002095,SUP0099,CON0007,2026-09-06,2026-09-26,BUY009,INR,Approved
PO002096,SUP0015,CON0068,2026-09-06,2026-10-16,BUY016,INR,Approved
PO002097,SUP0060,CON0057,2026-09-06,2026-10-20,BUY019,INR,Approved
PO002098,SUP0042,CON0013,2026-09-06,2026-09-19,BUY006,INR,Completed
PO002099,SUP0061,,2026-09-06,2026-10-04,BUY004,INR,Approved
PO002100,SUP0046,CON0043,2026-09-06,2026-10-02,BUY001,INR,Completed
PO002101,SUP0079,CON0092,2026-09-06,2026-10-12,BUY013,INR,Completed
PO002102,SUP0032,CON0004,2026-09-06,2026-09-29,BUY016,INR,Completed
PO002103,SUP0039,,2026-09-06,2026-09-15,BUY008,INR,Cancelled
PO002104,SUP0014,CON0091,2026-09-06,2026-10-09,BUY019,INR,Completed
PO002105,SUP0076,CON0149,2026-09-06,2026-09-14,BUY010,INR,Cancelled
PO002106,SUP0090,CON0101,2026-09-06,2026-10-16,BUY005,INR,Approved
PO002107,SUP0007,CON0079,2026-09-06,2026-09-18,BUY012,INR,Completed
PO002108,SUP0051,CON0150,2026-09-06,2026-09-23,BUY005,INR,Approved
PO002109,SUP0023,CON0087,2026-09-06,2026-10-02,BUY008,INR,Approved
PO002110,SUP0056,CON0139,2026-09-06,2026-09-18,BUY018,INR,Approved
PO002111,SUP0001,CON0121,2026-09-06,2026-10-13,BUY016,INR,Cancelled
PO002112,SUP0088,CON0106,2026-09-06,2026-10-08,BUY013,INR,Completed
PO002113,SUP0091,,2026-09-06,2026-09-28,BUY004,INR,Completed
PO002114,SUP0017,,2026-09-06,2026-10-03,BUY005,INR,Completed
PO002115,SUP0099,,2026-09-06,2026-10-03,BUY014,INR,Cancelled
PO002116,SUP0051,CON0135,2026-09-06,2026-10-17,BUY019,INR,Approved
PO002117,SUP0029,,2026-09-06,2026-10-21,BUY008,INR,Approved
PO002118,SUP0047,,2026-09-06,2026-10-04,BUY001,INR,Cancelled
PO002119,SUP0077,,2026-09-06,2026-10-08,BUY008,INR,Approved
PO002120,SUP0064,,2026-09-06,2026-09-25,BUY010,INR,Completed
PO002121,SUP0012,CON0027,2026-09-06,2026-10-04,BUY014,INR,Approved
PO002122,SUP0037,CON0133,2026-09-06,2026-10-02,BUY002,INR,Approved
PO002123,SUP0054,CON0104,2026-09-06,2026-09-24,BUY015,INR,Approved
PO002124,SUP0045,CON0115,2026-09-06,2026-09-19,BUY001,INR,Approved
PO002125,SUP0041,CON0105,2026-09-06,2026-09-21,BUY015,INR,Approved
PO002126,SUP0063,CON0010,2026-09-06,2026-10-08,BUY010,INR,Completed
PO002127,SUP0034,CON0021,2026-09-06,2026-09-20,BUY017,INR,Approved
PO002128,SUP0100,CON0090,2026-09-06,2026-10-13,BUY004,INR,Approved
PO002129,SUP0055,,2026-09-06,2026-10-17,BUY003,INR,Approved
PO002130,SUP0001,,2026-09-06,2026-10-04,BUY019,INR,Approved
PO002131,SUP0026,,2026-09-06,2026-10-15,BUY015,INR,Completed
PO002132,SUP0007,CON0079,2026-09-06,2026-10-12,BUY016,INR,Completed
PO002133,SUP0047,,2026-09-06,2026-09-16,BUY012,INR,Approved
PO002134,SUP0055,CON0117,2026-09-06,2026-10-04,BUY018,INR,Approved
PO002135,SUP0023,CON0087,2026-09-06,2026-10-01,BUY015,INR,Approved
PO002136,SUP0039,CON0041,2026-09-06,2026-09-15,BUY002,INR,Cancelled
PO002137,SUP0095,CON0088,2026-09-06,2026-10-08,BUY018,INR,Approved
PO002138,SUP0017,CON0097,2026-09-06,2026-09-22,BUY009,INR,Approved
PO002139,SUP0059,,2026-09-06,2026-09-28,BUY017,INR,Cancelled
PO002140,SUP0059,CON0125,2026-09-06,2026-09-15,BUY002,INR,Approved
PO002141,SUP0078,CON0047,2026-09-06,2026-09-19,BUY011,INR,Approved
PO002142,SUP0055,CON0144,2026-09-06,2026-10-08,BUY009,INR,Approved
PO002143,SUP0056,,2026-09-06,2026-09-20,BUY019,INR,Approved
PO002144,SUP0039,CON0009,2026-09-06,2026-10-15,BUY002,INR,Approved
PO002145,SUP0074,CON0113,2026-09-06,2026-10-13,BUY009,INR,Approved
PO002146,SUP0036,CON0083,2026-09-06,2026-10-15,BUY006,INR,Approved
PO002147,SUP0035,CON0003,2026-09-06,2026-09-13,BUY014,INR,Approved
PO002148,SUP0036,CON0083,2026-09-06,2026-09-30,BUY004,INR,Approved
PO002149,SUP0029,,2026-09-06,2026-09-14,BUY008,INR,Approved
PO002150,SUP0079,CON0092,2026-09-06,2026-10-01,BUY019,INR,Completed
PO002151,SUP0082,CON0062,2026-09-06,2026-10-21,BUY016,INR,Cancelled
PO002152,SUP0002,CON0045,2026-09-06,2026-10-04,BUY015,INR,Approved
PO002153,SUP0060,CON0001,2026-09-06,2026-10-14,BUY013,INR,Approved
PO002154,SUP0052,CON0094,2026-09-06,2026-09-15,BUY016,INR,Cancelled
PO002155,SUP0045,CON0115,2026-09-06,2026-09-18,BUY010,INR,Approved
PO002156,SUP0097,CON0128,2026-09-06,2026-10-03,BUY001,INR,Approved
PO002157,SUP0080,CON0147,2026-09-06,2026-10-20,BUY019,INR,Completed
PO002158,SUP0054,,2026-09-06,2026-09-14,BUY010,INR,Cancelled
PO002159,SUP0096,,2026-09-06,2026-10-14,BUY013,INR,Cancelled
PO002160,SUP0017,CON0017,2026-09-06,2026-10-07,BUY004,INR,Completed
PO002161,SUP0028,,2026-09-06,2026-09-26,BUY019,INR,Approved
PO002162,SUP0023,,2026-09-06,2026-09-23,BUY013,INR,Cancelled
PO002163,SUP0053,,2026-09-06,2026-10-05,BUY014,INR,Cancelled
PO002164,SUP0036,,2026-09-06,2026-10-03,BUY004,INR,Approved
PO002165,SUP0065,CON0055,2026-09-06,2026-10-17,BUY013,INR,Completed
PO002166,SUP0097,CON0128,2026-09-06,2026-10-12,BUY006,INR,Approved
PO002167,SUP0052,CON0146,2026-09-06,2026-10-01,BUY015,INR,Approved
PO002168,SUP0088,CON0106,2026-09-06,2026-09-19,BUY014,INR,Completed
PO002169,SUP0025,CON0048,2026-09-06,2026-09-14,BUY020,INR,Cancelled
PO002170,SUP0065,CON0100,2026-09-06,2026-09-18,BUY001,INR,Approved
PO002171,SUP0079,CON0092,2026-09-06,2026-09-28,BUY003,INR,Approved
PO002172,SUP0003,,2026-09-06,2026-10-21,BUY013,INR,Cancelled
PO002173,SUP0066,,2026-09-06,2026-09-25,BUY006,INR,Completed
PO002174,SUP0048,CON0031,2026-09-06,2026-09-28,BUY011,INR,Approved
PO002175,SUP0038,,2026-09-06,2026-09-17,BUY007,INR,Cancelled
PO002176,SUP0060,CON0057,2026-09-06,2026-10-12,BUY008,INR,Approved
PO002177,SUP0060,CON0057,2026-09-06,2026-10-15,BUY006,INR,Approved
PO002178,SUP0060,CON0001,2026-09-06,2026-09-17,BUY014,INR,Cancelled
PO002179,SUP0061,,2026-09-06,2026-10-07,BUY014,INR,Approved
PO002180,SUP0092,CON0095,2026-09-06,2026-10-17,BUY018,INR,Approved
PO002181,SUP0057,,2026-09-06,2026-10-13,BUY002,INR,Approved
PO002182,SUP0051,CON0150,2026-09-06,2026-09-15,BUY017,INR,Completed
PO002183,SUP0055,CON0130,2026-09-06,2026-09-20,BUY019,INR,Approved
PO002184,SUP0093,,2026-09-06,2026-09-23,BUY011,INR,Approved
PO002185,SUP0032,CON0004,2026-09-06,2026-10-13,BUY011,INR,Approved
PO002186,SUP0059,,2026-09-06,2026-10-14,BUY009,INR,Approved
PO002187,SUP0038,CON0044,2026-09-06,2026-10-11,BUY009,INR,Cancelled
PO002188,SUP0036,CON0073,2026-09-06,2026-10-21,BUY005,INR,Cancelled
PO002189,SUP0037,CON0133,2026-09-06,2026-09-14,BUY019,INR,Approved
PO002190,SUP0092,CON0095,2026-09-06,2026-10-01,BUY006,INR,Cancelled
PO002191,SUP0082,CON0062,2026-09-06,2026-10-02,BUY010,INR,Approved
PO002192,SUP0096,CON0053,2026-09-06,2026-09-21,BUY013,INR,Approved
PO002193,SUP0082,CON0040,2026-09-06,2026-09-27,BUY019,INR,Approved
PO002194,SUP0019,,2026-09-06,2026-10-20,BUY012,INR,Cancelled
PO002195,SUP0096,CON0089,2026-09-06,2026-10-16,BUY006,INR,Approved
PO002196,SUP0083,CON0065,2026-09-06,2026-09-22,BUY017,INR,Approved
PO002197,SUP0049,,2026-09-06,2026-10-14,BUY017,INR,Completed
PO002198,SUP0023,,2026-09-06,2026-10-13,BUY001,INR,Approved
PO002199,SUP0044,,2026-09-06,2026-09-27,BUY008,INR,Approved
PO002200,SUP0036,,2026-09-06,2026-10-21,BUY004,INR,Approved
PO002201,SUP0046,CON0043,2026-09-06,2026-10-14,BUY017,INR,Approved
PO002202,SUP0095,CON0088,2026-09-06,2026-09-25,BUY013,INR,Approved
PO002203,SUP0043,CON0082,2026-09-06,2026-10-15,BUY002,INR,Completed
PO002204,SUP0073,CON0080,2026-09-06,2026-10-16,BUY006,INR,Approved
PO002205,SUP0030,CON0063,2026-09-06,2026-10-12,BUY018,INR,Approved
PO002206,SUP0012,CON0027,2026-09-06,2026-09-25,BUY005,INR,Cancelled
PO002207,SUP0039,CON0009,2026-09-06,2026-09-16,BUY019,INR,Cancelled
PO002208,SUP0062,CON0011,2026-09-06,2026-10-12,BUY011,INR,Approved
PO002209,SUP0026,,2026-09-06,2026-10-13,BUY003,INR,Completed
PO002210,SUP0026,,2026-09-06,2026-09-19,BUY007,INR,Cancelled
PO002211,SUP0063,CON0010,2026-09-06,2026-10-02,BUY004,INR,Completed
PO002212,SUP0100,CON0090,2026-09-06,2026-09-25,BUY001,INR,Approved
PO002213,SUP0097,CON0128,2026-09-06,2026-10-09,BUY006,INR,Approved
PO002214,SUP0065,CON0100,2026-09-06,2026-10-13,BUY009,INR,Cancelled
PO002215,SUP0032,CON0004,2026-09-06,2026-10-04,BUY015,INR,Approved
PO002216,SUP0097,CON0128,2026-09-06,2026-09-24,BUY017,INR,Completed
PO002217,SUP0064,,2026-09-06,2026-09-23,BUY014,INR,Approved
PO002218,SUP0013,CON0075,2026-09-06,2026-10-11,BUY018,INR,Approved
PO002219,SUP0025,,2026-09-06,2026-09-19,BUY007,INR,Approved
PO002220,SUP0065,CON0100,2026-09-06,2026-10-02,BUY004,INR,Approved
PO002221,SUP0079,CON0034,2026-09-06,2026-09-26,BUY011,INR,Approved
PO002222,SUP0025,,2026-09-06,2026-10-08,BUY006,INR,Cancelled
PO002223,SUP0085,CON0122,2026-09-06,2026-09-23,BUY016,INR,Cancelled
PO002224,SUP0054,CON0131,2026-09-06,2026-09-30,BUY016,INR,Approved
PO002225,SUP0048,CON0031,2026-09-06,2026-09-22,BUY011,INR,Completed
PO002226,SUP0040,CON0126,2026-09-06,2026-10-10,BUY001,INR,Completed
PO002227,SUP0008,CON0109,2026-09-06,2026-10-09,BUY015,INR,Approved
PO002228,SUP0003,,2026-09-06,2026-09-25,BUY009,INR,Approved
PO002229,SUP0048,CON0031,2026-09-06,2026-09-14,BUY011,INR,Cancelled
PO002230,SUP0072,,2026-09-06,2026-09-25,BUY020,INR,Cancelled
PO002231,SUP0057,CON0039,2026-09-06,2026-09-30,BUY006,INR,Approved
PO002232,SUP0093,,2026-09-06,2026-10-13,BUY019,INR,Completed
PO002233,SUP0006,CON0067,2026-09-06,2026-10-07,BUY008,INR,Approved
PO002234,SUP0078,CON0047,2026-09-06,2026-10-20,BUY002,INR,Approved
PO002235,SUP0036,CON0083,2026-09-06,2026-10-17,BUY004,INR,Completed
PO002236,SUP0018,CON0069,2026-09-06,2026-09-17,BUY005,INR,Approved
PO002237,SUP0076,CON0149,2026-09-06,2026-10-02,BUY015,INR,Approved
PO002238,SUP0042,CON0096,2026-09-06,2026-10-19,BUY009,INR,Cancelled
PO002239,SUP0068,CON0032,2026-09-06,2026-10-01,BUY003,INR,Approved
PO002240,SUP0047,,2026-09-06,2026-10-11,BUY007,INR,Approved
PO002241,SUP0042,CON0030,2026-09-06,2026-10-12,BUY011,INR,Approved
PO002242,SUP0087,CON0038,2026-09-06,2026-09-29,BUY005,INR,Approved
PO002243,SUP0083,CON0065,2026-09-06,2026-10-09,BUY002,INR,Cancelled
PO002244,SUP0008,CON0109,2026-09-06,2026-10-15,BUY002,INR,Cancelled
PO002245,SUP0042,CON0096,2026-09-06,2026-10-17,BUY011,INR,Approved
PO002246,SUP0095,CON0142,2026-09-06,2026-09-17,BUY004,INR,Cancelled
PO002247,SUP0021,,2026-09-06,2026-10-15,BUY003,INR,Cancelled
PO002248,SUP0060,,2026-09-06,2026-09-25,BUY014,INR,Approved
PO002249,SUP0060,,2026-09-06,2026-10-11,BUY005,INR,Approved
PO002250,SUP0010,,2026-09-06,2026-09-24,BUY011,INR,Completed
PO002251,SUP0068,,2026-09-06,2026-10-10,BUY013,INR,Cancelled
PO002252,SUP0038,CON0044,2026-09-06,2026-09-13,BUY001,INR,Approved
PO002253,SUP0029,,2026-09-06,2026-10-03,BUY009,INR,Approved
PO002254,SUP0075,CON0098,2026-09-06,2026-10-03,BUY019,INR,Approved
PO002255,SUP0092,CON0002,2026-09-06,2026-10-19,BUY007,INR,Approved
PO002256,SUP0024,CON0033,2026-09-06,2026-09-19,BUY005,INR,Cancelled
PO002257,SUP0045,CON0115,2026-09-06,2026-09-17,BUY008,INR,Approved
PO002258,SUP0026,,2026-09-06,2026-10-02,BUY009,INR,Approved
PO002259,SUP0028,CON0102,2026-09-06,2026-10-05,BUY004,INR,Completed
PO002260,SUP0004,,2026-09-06,2026-10-11,BUY007,INR,Completed
PO002261,SUP0007,CON0079,2026-09-06,2026-10-11,BUY007,INR,Completed
PO002262,SUP0076,CON0149,2026-09-06,2026-09-20,BUY017,INR,Cancelled
PO002263,SUP0093,,2026-09-06,2026-10-16,BUY007,INR,Approved
PO002264,SUP0063,CON0010,2026-09-06,2026-10-21,BUY014,INR,Approved
PO002265,SUP0027,,2026-09-06,2026-09-18,BUY012,INR,Completed
PO002266,SUP0033,CON0084,2026-09-06,2026-10-15,BUY001,INR,Approved
PO002267,SUP0049,,2026-09-06,2026-10-09,BUY004,INR,Approved
PO002268,SUP0047,,2026-09-06,2026-10-02,BUY014,INR,Approved
PO002269,SUP0030,CON0063,2026-09-06,2026-09-18,BUY016,INR,Approved
PO002270,SUP0036,CON0073,2026-09-06,2026-10-03,BUY006,INR,Cancelled
PO002271,SUP0002,CON0045,2026-09-06,2026-09-21,BUY016,INR,Approved
PO002272,SUP0008,,2026-09-06,2026-10-21,BUY010,INR,Approved
PO002273,SUP0080,,2026-09-06,2026-10-09,BUY014,INR,Approved
PO002274,SUP0023,,2026-09-06,2026-10-16,BUY006,INR,Approved
PO002275,SUP0015,CON0068,2026-09-06,2026-09-23,BUY010,INR,Completed
PO002276,SUP0081,,2026-09-06,2026-10-06,BUY009,INR,Cancelled
PO002277,SUP0042,,2026-09-06,2026-09-14,BUY011,INR,Approved
PO002278,SUP0061,,2026-09-06,2026-09-15,BUY005,INR,Completed
PO002279,SUP0006,CON0067,2026-09-06,2026-10-17,BUY006,INR,Approved
PO002280,SUP0002,,2026-09-06,2026-10-05,BUY003,INR,Completed
PO002281,SUP0009,,2026-09-06,2026-09-20,BUY015,INR,Completed
PO002282,SUP0069,CON0140,2026-09-06,2026-10-11,BUY001,INR,Approved
PO002283,SUP0061,,2026-09-06,2026-10-13,BUY009,INR,Approved
PO002284,SUP0042,CON0096,2026-09-06,2026-10-17,BUY004,INR,Completed
PO002285,SUP0064,,2026-09-06,2026-10-19,BUY008,INR,Cancelled
PO002286,SUP0017,CON0017,2026-09-06,2026-09-22,BUY004,INR,Completed
PO002287,SUP0037,CON0133,2026-09-06,2026-09-19,BUY006,INR,Approved
PO002288,SUP0043,CON0110,2026-09-06,2026-10-12,BUY005,INR,Approved
PO002289,SUP0055,CON0144,2026-09-06,2026-10-06,BUY002,INR,Completed
PO002290,SUP0081,,2026-09-06,2026-09-16,BUY006,INR,Approved
PO002291,SUP0019,,2026-09-06,2026-09-15,BUY008,INR,Approved
PO002292,SUP0051,CON0135,2026-09-06,2026-10-03,BUY016,INR,Approved
PO002293,SUP0025,CON0048,2026-09-06,2026-10-19,BUY015,INR,Cancelled
PO002294,SUP0034,CON0021,2026-09-06,2026-10-17,BUY017,INR,Approved
PO002295,SUP0044,,2026-09-06,2026-09-24,BUY016,INR,Cancelled
PO002296,SUP0059,CON0125,2026-09-06,2026-09-19,BUY017,INR,Approved
PO002297,SUP0009,,2026-09-06,2026-10-06,BUY001,INR,Cancelled
PO002298,SUP0017,CON0097,2026-09-06,2026-09-19,BUY004,INR,Approved
PO002299,SUP0071,,2026-09-06,2026-10-01,BUY012,INR,Approved
PO002300,SUP0058,,2026-09-06,2026-10-10,BUY003,INR,Cancelled
PO002301,SUP0024,,2026-09-06,2026-10-08,BUY017,INR,Approved
PO002302,SUP0019,,2026-09-06,2026-09-27,BUY007,INR,Approved
PO002303,SUP0068,,2026-09-06,2026-10-21,BUY019,INR,Cancelled
PO002304,SUP0068,,2026-09-06,2026-09-16,BUY012,INR,Cancelled
PO002305,SUP0030,CON0036,2026-09-06,2026-10-16,BUY004,INR,Approved
PO002306,SUP0082,,2026-09-06,2026-09-27,BUY005,INR,Cancelled
PO002307,SUP0079,,2026-09-06,2026-10-10,BUY009,INR,Approved
PO002308,SUP0052,CON0146,2026-09-06,2026-10-01,BUY016,INR,Completed
PO002309,SUP0042,CON0030,2026-09-06,2026-09-21,BUY001,INR,Approved
PO002310,SUP0033,CON0037,2026-09-06,2026-10-18,BUY020,INR,Cancelled
PO002311,SUP0009,,2026-09-06,2026-09-16,BUY005,INR,Approved
PO002312,SUP0062,,2026-09-06,2026-09-23,BUY008,INR,Completed
PO002313,SUP0021,,2026-09-06,2026-10-09,BUY007,INR,Approved
PO002314,SUP0045,CON0115,2026-09-06,2026-09-17,BUY005,INR,Completed
PO002315,SUP0016,,2026-09-06,2026-10-20,BUY005,INR,Approved
PO002316,SUP0057,CON0074,2026-09-06,2026-09-22,BUY001,INR,Approved
PO002317,SUP0067,,2026-09-06,2026-10-02,BUY020,INR,Completed
PO002318,SUP0030,CON0036,2026-09-06,2026-10-11,BUY018,INR,Cancelled
PO002319,SUP0059,CON0125,2026-09-06,2026-09-22,BUY009,INR,Approved
PO002320,SUP0049,,2026-09-06,2026-09-29,BUY015,INR,Completed
PO002321,SUP0075,,2026-09-06,2026-09-23,BUY016,INR,Approved
PO002322,SUP0029,,2026-09-06,2026-10-16,BUY020,INR,Cancelled
PO002323,SUP0047,,2026-09-06,2026-09-28,BUY016,INR,Completed
PO002324,SUP0054,CON0131,2026-09-06,2026-09-16,BUY009,INR,Approved
PO002325,SUP0082,CON0145,2026-09-06,2026-10-15,BUY009,INR,Approved
PO002326,SUP0011,CON0127,2026-09-06,2026-09-13,BUY008,INR,Cancelled
PO002327,SUP0064,,2026-09-06,2026-09-27,BUY009,INR,Approved
PO002328,SUP0100,CON0090,2026-09-06,2026-10-14,BUY020,INR,Cancelled
PO002329,SUP0086,CON0070,2026-09-06,2026-10-07,BUY019,INR,Approved
PO002330,SUP0074,CON0113,2026-09-06,2026-09-19,BUY012,INR,Cancelled
PO002331,SUP0087,CON0118,2026-09-06,2026-10-21,BUY002,INR,Approved
PO002332,SUP0083,,2026-09-06,2026-10-11,BUY019,INR,Cancelled
PO002333,SUP0005,,2026-09-06,2026-10-08,BUY014,INR,Approved
PO002334,SUP0028,CON0102,2026-09-06,2026-10-19,BUY004,INR,Approved
PO002335,SUP0053,CON0103,2026-09-06,2026-09-14,BUY012,INR,Approved
PO002336,SUP0046,CON0043,2026-09-06,2026-09-28,BUY011,INR,Completed
PO002337,SUP0090,,2026-09-06,2026-09-29,BUY006,INR,Approved
PO002338,SUP0072,CON0064,2026-09-06,2026-10-18,BUY012,INR,Approved
PO002339,SUP0064,,2026-09-06,2026-09-18,BUY020,INR,Cancelled
PO002340,SUP0095,CON0123,2026-09-06,2026-09-27,BUY004,INR,Approved
PO002341,SUP0082,CON0062,2026-09-06,2026-10-08,BUY006,INR,Completed
PO002342,SUP0026,,2026-09-06,2026-09-29,BUY016,INR,Approved
PO002343,SUP0044,,2026-09-06,2026-10-11,BUY006,INR,Approved
PO002344,SUP0042,CON0096,2026-09-06,2026-09-14,BUY010,INR,Cancelled
PO002345,SUP0090,CON0101,2026-09-06,2026-10-18,BUY013,INR,Cancelled
PO002346,SUP0090,CON0101,2026-09-06,2026-09-17,BUY020,INR,Completed
PO002347,SUP0034,CON0021,2026-09-06,2026-09-22,BUY013,INR,Approved
PO002348,SUP0050,,2026-09-06,2026-09-19,BUY010,INR,Cancelled
PO002349,SUP0073,CON0080,2026-09-06,2026-09-18,BUY015,INR,Approved
PO002350,SUP0032,CON0004,2026-09-06,2026-10-18,BUY001,INR,Completed
PO002351,SUP0029,,2026-09-06,2026-09-27,BUY008,INR,Completed
PO002352,SUP0083,CON0065,2026-09-06,2026-09-26,BUY008,INR,Approved
PO002353,SUP0079,,2026-09-06,2026-10-13,BUY014,INR,Cancelled
PO002354,SUP0071,,2026-09-06,2026-10-19,BUY006,INR,Cancelled
PO002355,SUP0075,CON0098,2026-09-06,2026-10-08,BUY009,INR,Approved
PO002356,SUP0034,CON0021,2026-09-06,2026-10-10,BUY011,INR,Cancelled
PO002357,SUP0046,,2026-09-06,2026-09-17,BUY005,INR,Approved
PO002358,SUP0090,,2026-09-06,2026-09-28,BUY019,INR,Approved
PO002359,SUP0013,CON0075,2026-09-06,2026-10-15,BUY011,INR,Approved
PO002360,SUP0078,CON0047,2026-09-06,2026-09-27,BUY015,INR,Approved
PO002361,SUP0074,CON0113,2026-09-06,2026-09-16,BUY016,INR,Cancelled
PO002362,SUP0056,,2026-09-06,2026-09-17,BUY006,INR,Approved
PO002363,SUP0072,CON0064,2026-09-06,2026-10-11,BUY012,INR,Completed
PO002364,SUP0091,CON0028,2026-09-06,2026-09-22,BUY003,INR,Approved
PO002365,SUP0073,,2026-09-06,2026-09-29,BUY001,INR,Cancelled
PO002366,SUP0063,CON0010,2026-09-06,2026-10-10,BUY013,INR,Approved
PO002367,SUP0085,CON0114,2026-09-06,2026-10-11,BUY011,INR,Approved
PO002368,SUP0073,,2026-09-06,2026-10-15,BUY005,INR,Cancelled
PO002369,SUP0088,CON0026,2026-09-06,2026-10-20,BUY020,INR,Approved
PO002370,SUP0092,CON0002,2026-09-06,2026-10-05,BUY020,INR,Approved
PO002371,SUP0068,CON0032,2026-09-06,2026-10-09,BUY008,INR,Cancelled
PO002372,SUP0100,,2026-09-06,2026-09-24,BUY001,INR,Completed
PO002373,SUP0094,,2026-09-06,2026-09-20,BUY004,INR,Completed
PO002374,SUP0074,,2026-09-06,2026-10-07,BUY013,INR,Completed
PO002375,SUP0018,CON0069,2026-09-06,2026-10-04,BUY012,INR,Approved
PO002376,SUP0091,,2026-09-06,2026-10-10,BUY016,INR,Approved
PO002377,SUP0024,CON0033,2026-09-06,2026-09-29,BUY012,INR,Approved
PO002378,SUP0044,,2026-09-06,2026-10-11,BUY017,INR,Approved
PO002379,SUP0003,,2026-09-06,2026-10-21,BUY018,INR,Approved
PO002380,SUP0088,CON0026,2026-09-06,2026-10-06,BUY017,INR,Approved
PO002381,SUP0001,CON0121,2026-09-06,2026-10-03,BUY019,INR,Cancelled
PO002382,SUP0048,,2026-09-06,2026-09-17,BUY007,INR,Cancelled
PO002383,SUP0064,,2026-09-06,2026-09-24,BUY012,INR,Approved
PO002384,SUP0088,CON0026,2026-09-06,2026-09-22,BUY015,INR,Approved
PO002385,SUP0065,,2026-09-06,2026-09-22,BUY015,INR,Approved
PO002386,SUP0080,,2026-09-06,2026-09-15,BUY004,INR,Approved
PO002387,SUP0038,CON0044,2026-09-06,2026-09-19,BUY019,INR,Cancelled
PO002388,SUP0022,,2026-09-06,2026-09-19,BUY020,INR,Approved
PO002389,SUP0079,,2026-09-06,2026-10-04,BUY018,INR,Completed
PO002390,SUP0058,,2026-09-06,2026-09-20,BUY003,INR,Approved
PO002391,SUP0032,CON0004,2026-09-06,2026-10-06,BUY007,INR,Completed
PO002392,SUP0006,CON0067,2026-09-06,2026-10-05,BUY019,INR,Approved
PO002393,SUP0067,,2026-09-06,2026-09-18,BUY011,INR,Cancelled
PO002394,SUP0073,CON0080,2026-09-06,2026-10-19,BUY018,INR,Approved
PO002395,SUP0037,CON0133,2026-09-06,2026-10-03,BUY010,INR,Completed
PO002396,SUP0052,CON0146,2026-09-06,2026-10-10,BUY001,INR,Completed
PO002397,SUP0014,CON0091,2026-09-06,2026-10-03,BUY010,INR,Completed
PO002398,SUP0099,,2026-09-06,2026-10-01,BUY002,INR,Cancelled
PO002399,SUP0006,,2026-09-06,2026-09-25,BUY010,INR,Cancelled
PO002400,SUP0096,CON0108,2026-09-06,2026-10-19,BUY011,INR,Approved
PO002401,SUP0069,CON0060,2026-09-06,2026-09-14,BUY013,INR,Approved
PO002402,SUP0046,CON0076,2026-09-06,2026-10-17,BUY017,INR,Cancelled
PO002403,SUP0023,CON0087,2026-09-06,2026-10-15,BUY007,INR,Approved
PO002404,SUP0059,,2026-09-06,2026-09-24,BUY011,INR,Approved
PO002405,SUP0092,CON0095,2026-09-06,2026-09-26,BUY020,INR,Approved
PO002406,SUP0006,CON0067,2026-09-06,2026-10-07,BUY010,INR,Approved
PO002407,SUP0031,,2026-09-06,2026-10-04,BUY013,INR,Approved
PO002408,SUP0048,CON0031,2026-09-06,2026-10-08,BUY020,INR,Approved
PO002409,SUP0080,,2026-09-06,2026-09-29,BUY014,INR,Cancelled
PO002410,SUP0091,CON0028,2026-09-06,2026-10-02,BUY014,INR,Approved
PO002411,SUP0054,CON0104,2026-09-06,2026-10-09,BUY016,INR,Approved
PO002412,SUP0077,CON0112,2026-09-06,2026-09-13,BUY002,INR,Completed
PO002413,SUP0017,CON0017,2026-09-06,2026-09-27,BUY004,INR,Approved
PO002414,SUP0063,CON0010,2026-09-06,2026-09-17,BUY006,INR,Approved
PO002415,SUP0088,CON0106,2026-09-06,2026-10-08,BUY010,INR,Cancelled
PO002416,SUP0034,,2026-09-06,2026-09-19,BUY013,INR,Approved
PO002417,SUP0012,,2026-09-06,2026-10-18,BUY007,INR,Approved
PO002418,SUP0067,,2026-09-06,2026-09-15,BUY004,INR,Approved
PO002419,SUP0030,,2026-09-06,2026-09-15,BUY006,INR,Approved
PO002420,SUP0098,CON0137,2026-09-06,2026-09-17,BUY012,INR,Completed
PO002421,SUP0095,CON0088,2026-09-06,2026-09-22,BUY017,INR,Approved
PO002422,SUP0099,CON0007,2026-09-06,2026-09-26,BUY019,INR,Approved
PO002423,SUP0020,,2026-09-06,2026-10-04,BUY009,INR,Approved
PO002424,SUP0045,CON0115,2026-09-06,2026-10-12,BUY013,INR,Completed
PO002425,SUP0020,,2026-09-06,2026-10-01,BUY008,INR,Approved
PO002426,SUP0081,,2026-09-06,2026-09-25,BUY015,INR,Approved
PO002427,SUP0057,,2026-09-06,2026-09-17,BUY020,INR,Cancelled
PO002428,SUP0037,CON0133,2026-09-06,2026-10-18,BUY002,INR,Approved
PO002429,SUP0088,CON0026,2026-09-06,2026-09-17,BUY020,INR,Approved
PO002430,SUP0093,,2026-09-06,2026-10-03,BUY005,INR,Approved
PO002431,SUP0088,CON0026,2026-09-06,2026-09-27,BUY019,INR,Approved
PO002432,SUP0050,CON0005,2026-09-06,2026-10-19,BUY002,INR,Cancelled
PO002433,SUP0070,,2026-09-06,2026-09-17,BUY016,INR,Cancelled
PO002434,SUP0083,CON0065,2026-09-06,2026-10-07,BUY015,INR,Approved
PO002435,SUP0088,CON0106,2026-09-06,2026-10-14,BUY015,INR,Completed
PO002436,SUP0020,,2026-09-06,2026-10-12,BUY012,INR,Approved
PO002437,SUP0019,,2026-09-06,2026-10-01,BUY006,INR,Completed
PO002438,SUP0033,CON0037,2026-09-06,2026-09-23,BUY014,INR,Approved
PO002439,SUP0019,,2026-09-06,2026-09-15,BUY018,INR,Approved
PO002440,SUP0052,,2026-09-06,2026-09-21,BUY012,INR,Approved
PO002441,SUP0052,,2026-09-06,2026-10-09,BUY015,INR,Completed
PO002442,SUP0057,CON0074,2026-09-06,2026-10-07,BUY011,INR,Completed
PO002443,SUP0018,CON0069,2026-09-06,2026-10-16,BUY007,INR,Cancelled
PO002444,SUP0025,,2026-09-06,2026-10-06,BUY018,INR,Completed
PO002445,SUP0048,CON0031,2026-09-06,2026-10-02,BUY016,INR,Approved
PO002446,SUP0070,,2026-09-06,2026-10-11,BUY020,INR,Completed
PO002447,SUP0007,CON0079,2026-09-06,2026-09-25,BUY013,INR,Cancelled
PO002448,SUP0056,,2026-09-06,2026-09-24,BUY001,INR,Approved
PO002449,SUP0050,CON0014,2026-09-06,2026-10-19,BUY019,INR,Approved
PO002450,SUP0083,CON0050,2026-09-06,2026-10-08,BUY005,INR,Completed
PO002451,SUP0041,CON0015,2026-09-06,2026-10-12,BUY016,INR,Approved
PO002452,SUP0079,CON0034,2026-09-06,2026-10-16,BUY004,INR,Approved
PO002453,SUP0011,CON0107,2026-09-06,2026-09-14,BUY011,INR,Approved
PO002454,SUP0041,CON0015,2026-09-06,2026-10-05,BUY007,INR,Approved
PO002455,SUP0009,,2026-09-06,2026-10-06,BUY011,INR,Cancelled
PO002456,SUP0058,,2026-09-06,2026-10-13,BUY006,INR,Approved
PO002457,SUP0039,,2026-09-06,2026-09-19,BUY006,INR,Approved
PO002458,SUP0021,,2026-09-06,2026-10-09,BUY020,INR,Completed
PO002459,SUP0021,,2026-09-06,2026-10-18,BUY016,INR,Approved
PO002460,SUP0089,,2026-09-06,2026-09-28,BUY005,INR,Completed
PO002461,SUP0013,CON0072,2026-09-06,2026-09-15,BUY016,INR,Completed
PO002462,SUP0062,,2026-09-06,2026-09-23,BUY019,INR,Approved
PO002463,SUP0057,CON0074,2026-09-06,2026-10-20,BUY001,INR,Completed
PO002464,SUP0086,CON0134,2026-09-06,2026-10-19,BUY003,INR,Approved
PO002465,SUP0009,,2026-09-06,2026-09-24,BUY010,INR,Completed
PO002466,SUP0020,,2026-09-06,2026-09-20,BUY007,INR,Approved
PO002467,SUP0038,CON0044,2026-09-06,2026-09-18,BUY001,INR,Cancelled
PO002468,SUP0076,,2026-09-06,2026-10-09,BUY012,INR,Approved
PO002469,SUP0025,CON0048,2026-09-06,2026-10-15,BUY016,INR,Approved
PO002470,SUP0022,,2026-09-06,2026-09-16,BUY010,INR,Approved
PO002471,SUP0058,,2026-09-06,2026-10-10,BUY009,INR,Completed
PO002472,SUP0085,CON0016,2026-09-06,2026-09-18,BUY005,INR,Cancelled
PO002473,SUP0002,CON0045,2026-09-06,2026-10-19,BUY007,INR,Completed
PO002474,SUP0049,,2026-09-06,2026-10-07,BUY009,INR,Completed
PO002475,SUP0043,,2026-09-06,2026-10-06,BUY014,INR,Completed
PO002476,SUP0091,CON0028,2026-09-06,2026-10-04,BUY009,INR,Cancelled
PO002477,SUP0025,CON0048,2026-09-06,2026-10-14,BUY015,INR,Approved
PO002478,SUP0086,,2026-09-06,2026-10-03,BUY004,INR,Approved
PO002479,SUP0017,CON0052,2026-09-06,2026-09-19,BUY012,INR,Approved
PO002480,SUP0020,,2026-09-06,2026-10-19,BUY003,INR,Approved
PO002481,SUP0002,CON0045,2026-09-06,2026-09-13,BUY020,INR,Approved
PO002482,SUP0020,,2026-09-06,2026-10-20,BUY015,INR,Approved
PO002483,SUP0086,CON0070,2026-09-06,2026-09-19,BUY005,INR,Approved
PO002484,SUP0096,CON0108,2026-09-06,2026-09-18,BUY003,INR,Approved
PO002485,SUP0056,CON0139,2026-09-06,2026-09-27,BUY013,INR,Approved
PO002486,SUP0081,,2026-09-06,2026-10-16,BUY007,INR,Completed
PO002487,SUP0078,CON0047,2026-09-06,2026-09-24,BUY015,INR,Approved
PO002488,SUP0065,CON0055,2026-09-06,2026-09-13,BUY009,INR,Approved
PO002489,SUP0070,,2026-09-06,2026-10-19,BUY004,INR,Approved
PO002490,SUP0025,,2026-09-06,2026-09-24,BUY008,INR,Approved
PO002491,SUP0051,CON0135,2026-09-06,2026-10-20,BUY017,INR,Approved
PO002492,SUP0028,CON0102,2026-09-06,2026-10-10,BUY008,INR,Cancelled
PO002493,SUP0001,CON0121,2026-09-06,2026-09-29,BUY003,INR,Approved
PO002494,SUP0009,,2026-09-06,2026-10-14,BUY002,INR,Cancelled
PO002495,SUP0097,CON0128,2026-09-06,2026-10-10,BUY001,INR,Approved
PO002496,SUP0041,,2026-09-06,2026-10-20,BUY012,INR,Cancelled
PO002497,SUP0087,CON0061,2026-09-06,2026-09-17,BUY015,INR,Approved
PO002498,SUP0096,CON0053,2026-09-06,2026-10-13,BUY016,INR,Approved
PO002499,SUP0070,,2026-09-06,2026-09-25,BUY006,INR,Approved
PO002500,SUP0089,CON0029,2026-09-06,2026-10-05,BUY011,INR,Completed
